id,year,event,location,content,label,source
1,2020,Galwan Valley Clash,Ladakh,Security forces conducted an operation in Ladakh following intelligence reports related to the Galwan Valley Clash. Officials confirmed the situation was brought under control without civilian casualties.,REAL,Reuters
2,2021,Kashmir Militancy Encounter,Shopian,"Authorities reported developments related to the Kashmir Militancy Encounter in Shopian. According to official statements, security agencies responded promptly to maintain stability in the region.",REAL,BBC News
3,2022,LoC Ceasefire Violation,Kupwara,Government officials confirmed that the LoC Ceasefire Violation in Kupwara involved coordinated efforts between the army and local police to ensure public safety.,REAL,The Hindu
4,2023,Cross-border Infiltration Attempt,Jammu & Kashmir,"Defense officials released a statement regarding the Cross-border Infiltration Attempt in Jammu & Kashmir, stating that troops were deployed to monitor the situation and prevent escalation.",REAL,Indian Express
5,2024,India-Pakistan Border Tension,Punjab Border,Security forces conducted an operation in Punjab Border following intelligence reports related to the India-Pakistan Border Tension. Officials confirmed the situation was brought under control without civilian casualties.,REAL,Press Trust of India
6,2025,Terror Attack Investigation,Srinagar,"Authorities reported developments related to the Terror Attack Investigation in Srinagar. According to official statements, security agencies responded promptly to maintain stability in the region.",REAL,Reuters
7,2020,Counter-insurgency Operation,Baramulla,Government officials confirmed that the Counter-insurgency Operation in Baramulla involved coordinated efforts between the army and local police to ensure public safety.,REAL,BBC News
8,2021,Manipur Ethnic Conflict,Imphal,"Defense officials released a statement regarding the Manipur Ethnic Conflict in Imphal, stating that troops were deployed to monitor the situation and prevent escalation.",REAL,The Hindu
9,2022,Galwan Valley Clash,Ladakh,Security forces conducted an operation in Ladakh following intelligence reports related to the Galwan Valley Clash. Officials confirmed the situation was brought under control without civilian casualties.,REAL,Indian Express
10,2023,Kashmir Militancy Encounter,Shopian,"Authorities reported developments related to the Kashmir Militancy Encounter in Shopian. According to official statements, security agencies responded promptly to maintain stability in the region.",REAL,Press Trust of India
11,2024,LoC Ceasefire Violation,Kupwara,Government officials confirmed that the LoC Ceasefire Violation in Kupwara involved coordinated efforts between the army and local police to ensure public safety.,REAL,Reuters
12,2025,Cross-border Infiltration Attempt,Jammu & Kashmir,"Defense officials released a statement regarding the Cross-border Infiltration Attempt in Jammu & Kashmir, stating that troops were deployed to monitor the situation and prevent escalation.",REAL,BBC News
13,2020,India-Pakistan Border Tension,Punjab Border,Security forces conducted an operation in Punjab Border following intelligence reports related to the India-Pakistan Border Tension. Officials confirmed the situation was brought under control without civilian casualties.,REAL,The Hindu
14,2021,Terror Attack Investigation,Srinagar,"Authorities reported developments related to the Terror Attack Investigation in Srinagar. According to official statements, security agencies responded promptly to maintain stability in the region.",REAL,Indian Express
15,2022,Counter-insurgency Operation,Baramulla,Government officials confirmed that the Counter-insurgency Operation in Baramulla involved coordinated efforts between the army and local police to ensure public safety.,REAL,Press Trust of India
16,2023,Manipur Ethnic Conflict,Imphal,"Defense officials released a statement regarding the Manipur Ethnic Conflict in Imphal, stating that troops were deployed to monitor the situation and prevent escalation.",REAL,Reuters
17,2024,Galwan Valley Clash,Ladakh,Security forces conducted an operation in Ladakh following intelligence reports related to the Galwan Valley Clash. Officials confirmed the situation was brought under control without civilian casualties.,REAL,BBC News
18,2025,Kashmir Militancy Encounter,Shopian,"Authorities reported developments related to the Kashmir Militancy Encounter in Shopian. According to official statements, security agencies responded promptly to maintain stability in the region.",REAL,The Hindu
19,2020,LoC Ceasefire Violation,Kupwara,Government officials confirmed that the LoC Ceasefire Violation in Kupwara involved coordinated efforts between the army and local police to ensure public safety.,REAL,Indian Express
20,2021,Cross-border Infiltration Attempt,Jammu & Kashmir,"Defense officials released a statement regarding the Cross-border Infiltration Attempt in Jammu & Kashmir, stating that troops were deployed to monitor the situation and prevent escalation.",REAL,Press Trust of India
21,2022,India-Pakistan Border Tension,Punjab Border,Security forces conducted an operation in Punjab Border following intelligence reports related to the India-Pakistan Border Tension. Officials confirmed the situation was brought under control without civilian casualties.,REAL,Reuters
22,2023,Terror Attack Investigation,Srinagar,"Authorities reported developments related to the Terror Attack Investigation in Srinagar. According to official statements, security agencies responded promptly to maintain stability in the region.",REAL,BBC News
23,2024,Counter-insurgency Operation,Baramulla,Government officials confirmed that the Counter-insurgency Operation in Baramulla involved coordinated efforts between the army and local police to ensure public safety.,REAL,The Hindu
24,2025,Manipur Ethnic Conflict,Imphal,"Defense officials released a statement regarding the Manipur Ethnic Conflict in Imphal, stating that troops were deployed to monitor the situation and prevent escalation.",REAL,Indian Express
25,2020,Galwan Valley Clash,Ladakh,Security forces conducted an operation in Ladakh following intelligence reports related to the Galwan Valley Clash. Officials confirmed the situation was brought under control without civilian casualties.,REAL,Press Trust of India
26,2021,Kashmir Militancy Encounter,Shopian,"Authorities reported developments related to the Kashmir Militancy Encounter in Shopian. According to official statements, security agencies responded promptly to maintain stability in the region.",REAL,Reuters
27,2022,LoC Ceasefire Violation,Kupwara,Government officials confirmed that the LoC Ceasefire Violation in Kupwara involved coordinated efforts between the army and local police to ensure public safety.,REAL,BBC News
28,2023,Cross-border Infiltration Attempt,Jammu & Kashmir,"Defense officials released a statement regarding the Cross-border Infiltration Attempt in Jammu & Kashmir, stating that troops were deployed to monitor the situation and prevent escalation.",REAL,The Hindu
29,2024,India-Pakistan Border Tension,Punjab Border,Security forces conducted an operation in Punjab Border following intelligence reports related to the India-Pakistan Border Tension. Officials confirmed the situation was brought under control without civilian casualties.,REAL,Indian Express
30,2025,Terror Attack Investigation,Srinagar,"Authorities reported developments related to the Terror Attack Investigation in Srinagar. According to official statements, security agencies responded promptly to maintain stability in the region.",REAL,Press Trust of India
31,2020,Counter-insurgency Operation,Baramulla,Government officials confirmed that the Counter-insurgency Operation in Baramulla involved coordinated efforts between the army and local police to ensure public safety.,REAL,Reuters
32,2021,Manipur Ethnic Conflict,Imphal,"Defense officials released a statement regarding the Manipur Ethnic Conflict in Imphal, stating that troops were deployed to monitor the situation and prevent escalation.",REAL,BBC News
33,2022,Galwan Valley Clash,Ladakh,Security forces conducted an operation in Ladakh following intelligence reports related to the Galwan Valley Clash. Officials confirmed the situation was brought under control without civilian casualties.,REAL,The Hindu
34,2023,Kashmir Militancy Encounter,Shopian,"Authorities reported developments related to the Kashmir Militancy Encounter in Shopian. According to official statements, security agencies responded promptly to maintain stability in the region.",REAL,Indian Express
35,2024,LoC Ceasefire Violation,Kupwara,Government officials confirmed that the LoC Ceasefire Violation in Kupwara involved coordinated efforts between the army and local police to ensure public safety.,REAL,Press Trust of India
36,2025,Cross-border Infiltration Attempt,Jammu & Kashmir,"Defense officials released a statement regarding the Cross-border Infiltration Attempt in Jammu & Kashmir, stating that troops were deployed to monitor the situation and prevent escalation.",REAL,Reuters
37,2020,India-Pakistan Border Tension,Punjab Border,Security forces conducted an operation in Punjab Border following intelligence reports related to the India-Pakistan Border Tension. Officials confirmed the situation was brought under control without civilian casualties.,REAL,BBC News
38,2021,Terror Attack Investigation,Srinagar,"Authorities reported developments related to the Terror Attack Investigation in Srinagar. According to official statements, security agencies responded promptly to maintain stability in the region.",REAL,The Hindu
39,2022,Counter-insurgency Operation,Baramulla,Government officials confirmed that the Counter-insurgency Operation in Baramulla involved coordinated efforts between the army and local police to ensure public safety.,REAL,Indian Express
40,2023,Manipur Ethnic Conflict,Imphal,"Defense officials released a statement regarding the Manipur Ethnic Conflict in Imphal, stating that troops were deployed to monitor the situation and prevent escalation.",REAL,Press Trust of India
41,2024,Galwan Valley Clash,Ladakh,Security forces conducted an operation in Ladakh following intelligence reports related to the Galwan Valley Clash. Officials confirmed the situation was brought under control without civilian casualties.,REAL,Reuters
42,2025,Kashmir Militancy Encounter,Shopian,"Authorities reported developments related to the Kashmir Militancy Encounter in Shopian. According to official statements, security agencies responded promptly to maintain stability in the region.",REAL,BBC News
43,2020,LoC Ceasefire Violation,Kupwara,Government officials confirmed that the LoC Ceasefire Violation in Kupwara involved coordinated efforts between the army and local police to ensure public safety.,REAL,The Hindu
44,2021,Cross-border Infiltration Attempt,Jammu & Kashmir,"Defense officials released a statement regarding the Cross-border Infiltration Attempt in Jammu & Kashmir, stating that troops were deployed to monitor the situation and prevent escalation.",REAL,Indian Express
45,2022,India-Pakistan Border Tension,Punjab Border,Security forces conducted an operation in Punjab Border following intelligence reports related to the India-Pakistan Border Tension. Officials confirmed the situation was brought under control without civilian casualties.,REAL,Press Trust of India
46,2023,Terror Attack Investigation,Srinagar,"Authorities reported developments related to the Terror Attack Investigation in Srinagar. According to official statements, security agencies responded promptly to maintain stability in the region.",REAL,Reuters
47,2024,Counter-insurgency Operation,Baramulla,Government officials confirmed that the Counter-insurgency Operation in Baramulla involved coordinated efforts between the army and local police to ensure public safety.,REAL,BBC News
48,2025,Manipur Ethnic Conflict,Imphal,"Defense officials released a statement regarding the Manipur Ethnic Conflict in Imphal, stating that troops were deployed to monitor the situation and prevent escalation.",REAL,The Hindu
49,2020,Galwan Valley Clash,Ladakh,Security forces conducted an operation in Ladakh following intelligence reports related to the Galwan Valley Clash. Officials confirmed the situation was brought under control without civilian casualties.,REAL,Indian Express
50,2021,Kashmir Militancy Encounter,Shopian,"Authorities reported developments related to the Kashmir Militancy Encounter in Shopian. According to official statements, security agencies responded promptly to maintain stability in the region.",REAL,Press Trust of India
51,2022,LoC Ceasefire Violation,Kupwara,Government officials confirmed that the LoC Ceasefire Violation in Kupwara involved coordinated efforts between the army and local police to ensure public safety.,REAL,Reuters
52,2023,Cross-border Infiltration Attempt,Jammu & Kashmir,"Defense officials released a statement regarding the Cross-border Infiltration Attempt in Jammu & Kashmir, stating that troops were deployed to monitor the situation and prevent escalation.",REAL,BBC News
53,2024,India-Pakistan Border Tension,Punjab Border,Security forces conducted an operation in Punjab Border following intelligence reports related to the India-Pakistan Border Tension. Officials confirmed the situation was brought under control without civilian casualties.,REAL,The Hindu
54,2025,Terror Attack Investigation,Srinagar,"Authorities reported developments related to the Terror Attack Investigation in Srinagar. According to official statements, security agencies responded promptly to maintain stability in the region.",REAL,Indian Express
55,2020,Counter-insurgency Operation,Baramulla,Government officials confirmed that the Counter-insurgency Operation in Baramulla involved coordinated efforts between the army and local police to ensure public safety.,REAL,Press Trust of India
56,2021,Manipur Ethnic Conflict,Imphal,"Defense officials released a statement regarding the Manipur Ethnic Conflict in Imphal, stating that troops were deployed to monitor the situation and prevent escalation.",REAL,Reuters
57,2022,Galwan Valley Clash,Ladakh,Security forces conducted an operation in Ladakh following intelligence reports related to the Galwan Valley Clash. Officials confirmed the situation was brought under control without civilian casualties.,REAL,BBC News
58,2023,Kashmir Militancy Encounter,Shopian,"Authorities reported developments related to the Kashmir Militancy Encounter in Shopian. According to official statements, security agencies responded promptly to maintain stability in the region.",REAL,The Hindu
59,2024,LoC Ceasefire Violation,Kupwara,Government officials confirmed that the LoC Ceasefire Violation in Kupwara involved coordinated efforts between the army and local police to ensure public safety.,REAL,Indian Express
60,2025,Cross-border Infiltration Attempt,Jammu & Kashmir,"Defense officials released a statement regarding the Cross-border Infiltration Attempt in Jammu & Kashmir, stating that troops were deployed to monitor the situation and prevent escalation.",REAL,Press Trust of India
61,2020,India-Pakistan Border Tension,Punjab Border,Security forces conducted an operation in Punjab Border following intelligence reports related to the India-Pakistan Border Tension. Officials confirmed the situation was brought under control without civilian casualties.,REAL,Reuters
62,2021,Terror Attack Investigation,Srinagar,"Authorities reported developments related to the Terror Attack Investigation in Srinagar. According to official statements, security agencies responded promptly to maintain stability in the region.",REAL,BBC News
63,2022,Counter-insurgency Operation,Baramulla,Government officials confirmed that the Counter-insurgency Operation in Baramulla involved coordinated efforts between the army and local police to ensure public safety.,REAL,The Hindu
64,2023,Manipur Ethnic Conflict,Imphal,"Defense officials released a statement regarding the Manipur Ethnic Conflict in Imphal, stating that troops were deployed to monitor the situation and prevent escalation.",REAL,Indian Express
65,2024,Galwan Valley Clash,Ladakh,Security forces conducted an operation in Ladakh following intelligence reports related to the Galwan Valley Clash. Officials confirmed the situation was brought under control without civilian casualties.,REAL,Press Trust of India
66,2025,Kashmir Militancy Encounter,Shopian,"Authorities reported developments related to the Kashmir Militancy Encounter in Shopian. According to official statements, security agencies responded promptly to maintain stability in the region.",REAL,Reuters
67,2020,LoC Ceasefire Violation,Kupwara,Government officials confirmed that the LoC Ceasefire Violation in Kupwara involved coordinated efforts between the army and local police to ensure public safety.,REAL,BBC News
68,2021,Cross-border Infiltration Attempt,Jammu & Kashmir,"Defense officials released a statement regarding the Cross-border Infiltration Attempt in Jammu & Kashmir, stating that troops were deployed to monitor the situation and prevent escalation.",REAL,The Hindu
69,2022,India-Pakistan Border Tension,Punjab Border,Security forces conducted an operation in Punjab Border following intelligence reports related to the India-Pakistan Border Tension. Officials confirmed the situation was brought under control without civilian casualties.,REAL,Indian Express
70,2023,Terror Attack Investigation,Srinagar,"Authorities reported developments related to the Terror Attack Investigation in Srinagar. According to official statements, security agencies responded promptly to maintain stability in the region.",REAL,Press Trust of India
71,2024,Counter-insurgency Operation,Baramulla,Government officials confirmed that the Counter-insurgency Operation in Baramulla involved coordinated efforts between the army and local police to ensure public safety.,REAL,Reuters
72,2025,Manipur Ethnic Conflict,Imphal,"Defense officials released a statement regarding the Manipur Ethnic Conflict in Imphal, stating that troops were deployed to monitor the situation and prevent escalation.",REAL,BBC News
73,2020,Galwan Valley Clash,Ladakh,Security forces conducted an operation in Ladakh following intelligence reports related to the Galwan Valley Clash. Officials confirmed the situation was brought under control without civilian casualties.,REAL,The Hindu
74,2021,Kashmir Militancy Encounter,Shopian,"Authorities reported developments related to the Kashmir Militancy Encounter in Shopian. According to official statements, security agencies responded promptly to maintain stability in the region.",REAL,Indian Express
75,2022,LoC Ceasefire Violation,Kupwara,Government officials confirmed that the LoC Ceasefire Violation in Kupwara involved coordinated efforts between the army and local police to ensure public safety.,REAL,Press Trust of India
76,2023,Cross-border Infiltration Attempt,Jammu & Kashmir,"Defense officials released a statement regarding the Cross-border Infiltration Attempt in Jammu & Kashmir, stating that troops were deployed to monitor the situation and prevent escalation.",REAL,Reuters
77,2024,India-Pakistan Border Tension,Punjab Border,Security forces conducted an operation in Punjab Border following intelligence reports related to the India-Pakistan Border Tension. Officials confirmed the situation was brought under control without civilian casualties.,REAL,BBC News
78,2025,Terror Attack Investigation,Srinagar,"Authorities reported developments related to the Terror Attack Investigation in Srinagar. According to official statements, security agencies responded promptly to maintain stability in the region.",REAL,The Hindu
79,2020,Counter-insurgency Operation,Baramulla,Government officials confirmed that the Counter-insurgency Operation in Baramulla involved coordinated efforts between the army and local police to ensure public safety.,REAL,Indian Express
80,2021,Manipur Ethnic Conflict,Imphal,"Defense officials released a statement regarding the Manipur Ethnic Conflict in Imphal, stating that troops were deployed to monitor the situation and prevent escalation.",REAL,Press Trust of India
81,2022,Galwan Valley Clash,Ladakh,Security forces conducted an operation in Ladakh following intelligence reports related to the Galwan Valley Clash. Officials confirmed the situation was brought under control without civilian casualties.,REAL,Reuters
82,2023,Kashmir Militancy Encounter,Shopian,"Authorities reported developments related to the Kashmir Militancy Encounter in Shopian. According to official statements, security agencies responded promptly to maintain stability in the region.",REAL,BBC News
83,2024,LoC Ceasefire Violation,Kupwara,Government officials confirmed that the LoC Ceasefire Violation in Kupwara involved coordinated efforts between the army and local police to ensure public safety.,REAL,The Hindu
84,2025,Cross-border Infiltration Attempt,Jammu & Kashmir,"Defense officials released a statement regarding the Cross-border Infiltration Attempt in Jammu & Kashmir, stating that troops were deployed to monitor the situation and prevent escalation.",REAL,Indian Express
85,2020,India-Pakistan Border Tension,Punjab Border,Security forces conducted an operation in Punjab Border following intelligence reports related to the India-Pakistan Border Tension. Officials confirmed the situation was brought under control without civilian casualties.,REAL,Press Trust of India
86,2021,Terror Attack Investigation,Srinagar,"Authorities reported developments related to the Terror Attack Investigation in Srinagar. According to official statements, security agencies responded promptly to maintain stability in the region.",REAL,Reuters
87,2022,Counter-insurgency Operation,Baramulla,Government officials confirmed that the Counter-insurgency Operation in Baramulla involved coordinated efforts between the army and local police to ensure public safety.,REAL,BBC News
88,2023,Manipur Ethnic Conflict,Imphal,"Defense officials released a statement regarding the Manipur Ethnic Conflict in Imphal, stating that troops were deployed to monitor the situation and prevent escalation.",REAL,The Hindu
89,2024,Galwan Valley Clash,Ladakh,Security forces conducted an operation in Ladakh following intelligence reports related to the Galwan Valley Clash. Officials confirmed the situation was brought under control without civilian casualties.,REAL,Indian Express
90,2025,Kashmir Militancy Encounter,Shopian,"Authorities reported developments related to the Kashmir Militancy Encounter in Shopian. According to official statements, security agencies responded promptly to maintain stability in the region.",REAL,Press Trust of India
91,2020,LoC Ceasefire Violation,Kupwara,Government officials confirmed that the LoC Ceasefire Violation in Kupwara involved coordinated efforts between the army and local police to ensure public safety.,REAL,Reuters
92,2021,Cross-border Infiltration Attempt,Jammu & Kashmir,"Defense officials released a statement regarding the Cross-border Infiltration Attempt in Jammu & Kashmir, stating that troops were deployed to monitor the situation and prevent escalation.",REAL,BBC News
93,2022,India-Pakistan Border Tension,Punjab Border,Security forces conducted an operation in Punjab Border following intelligence reports related to the India-Pakistan Border Tension. Officials confirmed the situation was brought under control without civilian casualties.,REAL,The Hindu
94,2023,Terror Attack Investigation,Srinagar,"Authorities reported developments related to the Terror Attack Investigation in Srinagar. According to official statements, security agencies responded promptly to maintain stability in the region.",REAL,Indian Express
95,2024,Counter-insurgency Operation,Baramulla,Government officials confirmed that the Counter-insurgency Operation in Baramulla involved coordinated efforts between the army and local police to ensure public safety.,REAL,Press Trust of India
96,2025,Manipur Ethnic Conflict,Imphal,"Defense officials released a statement regarding the Manipur Ethnic Conflict in Imphal, stating that troops were deployed to monitor the situation and prevent escalation.",REAL,Reuters
97,2020,Galwan Valley Clash,Ladakh,Security forces conducted an operation in Ladakh following intelligence reports related to the Galwan Valley Clash. Officials confirmed the situation was brought under control without civilian casualties.,REAL,BBC News
98,2021,Kashmir Militancy Encounter,Shopian,"Authorities reported developments related to the Kashmir Militancy Encounter in Shopian. According to official statements, security agencies responded promptly to maintain stability in the region.",REAL,The Hindu
99,2022,LoC Ceasefire Violation,Kupwara,Government officials confirmed that the LoC Ceasefire Violation in Kupwara involved coordinated efforts between the army and local police to ensure public safety.,REAL,Indian Express
100,2023,Cross-border Infiltration Attempt,Jammu & Kashmir,"Defense officials released a statement regarding the Cross-border Infiltration Attempt in Jammu & Kashmir, stating that troops were deployed to monitor the situation and prevent escalation.",REAL,Press Trust of India
101,2024,India-Pakistan Border Tension,Punjab Border,Security forces conducted an operation in Punjab Border following intelligence reports related to the India-Pakistan Border Tension. Officials confirmed the situation was brought under control without civilian casualties.,REAL,Reuters
102,2025,Terror Attack Investigation,Srinagar,"Authorities reported developments related to the Terror Attack Investigation in Srinagar. According to official statements, security agencies responded promptly to maintain stability in the region.",REAL,BBC News
103,2020,Counter-insurgency Operation,Baramulla,Government officials confirmed that the Counter-insurgency Operation in Baramulla involved coordinated efforts between the army and local police to ensure public safety.,REAL,The Hindu
104,2021,Manipur Ethnic Conflict,Imphal,"Defense officials released a statement regarding the Manipur Ethnic Conflict in Imphal, stating that troops were deployed to monitor the situation and prevent escalation.",REAL,Indian Express
105,2022,Galwan Valley Clash,Ladakh,Security forces conducted an operation in Ladakh following intelligence reports related to the Galwan Valley Clash. Officials confirmed the situation was brought under control without civilian casualties.,REAL,Press Trust of India
106,2023,Kashmir Militancy Encounter,Shopian,"Authorities reported developments related to the Kashmir Militancy Encounter in Shopian. According to official statements, security agencies responded promptly to maintain stability in the region.",REAL,Reuters
107,2024,LoC Ceasefire Violation,Kupwara,Government officials confirmed that the LoC Ceasefire Violation in Kupwara involved coordinated efforts between the army and local police to ensure public safety.,REAL,BBC News
108,2025,Cross-border Infiltration Attempt,Jammu & Kashmir,"Defense officials released a statement regarding the Cross-border Infiltration Attempt in Jammu & Kashmir, stating that troops were deployed to monitor the situation and prevent escalation.",REAL,The Hindu
109,2020,India-Pakistan Border Tension,Punjab Border,Security forces conducted an operation in Punjab Border following intelligence reports related to the India-Pakistan Border Tension. Officials confirmed the situation was brought under control without civilian casualties.,REAL,Indian Express
110,2021,Terror Attack Investigation,Srinagar,"Authorities reported developments related to the Terror Attack Investigation in Srinagar. According to official statements, security agencies responded promptly to maintain stability in the region.",REAL,Press Trust of India
111,2022,Counter-insurgency Operation,Baramulla,Government officials confirmed that the Counter-insurgency Operation in Baramulla involved coordinated efforts between the army and local police to ensure public safety.,REAL,Reuters
112,2023,Manipur Ethnic Conflict,Imphal,"Defense officials released a statement regarding the Manipur Ethnic Conflict in Imphal, stating that troops were deployed to monitor the situation and prevent escalation.",REAL,BBC News
113,2024,Galwan Valley Clash,Ladakh,Security forces conducted an operation in Ladakh following intelligence reports related to the Galwan Valley Clash. Officials confirmed the situation was brought under control without civilian casualties.,REAL,The Hindu
114,2025,Kashmir Militancy Encounter,Shopian,"Authorities reported developments related to the Kashmir Militancy Encounter in Shopian. According to official statements, security agencies responded promptly to maintain stability in the region.",REAL,Indian Express
115,2020,LoC Ceasefire Violation,Kupwara,Government officials confirmed that the LoC Ceasefire Violation in Kupwara involved coordinated efforts between the army and local police to ensure public safety.,REAL,Press Trust of India
116,2021,Cross-border Infiltration Attempt,Jammu & Kashmir,"Defense officials released a statement regarding the Cross-border Infiltration Attempt in Jammu & Kashmir, stating that troops were deployed to monitor the situation and prevent escalation.",REAL,Reuters
117,2022,India-Pakistan Border Tension,Punjab Border,Security forces conducted an operation in Punjab Border following intelligence reports related to the India-Pakistan Border Tension. Officials confirmed the situation was brought under control without civilian casualties.,REAL,BBC News
118,2023,Terror Attack Investigation,Srinagar,"Authorities reported developments related to the Terror Attack Investigation in Srinagar. According to official statements, security agencies responded promptly to maintain stability in the region.",REAL,The Hindu
119,2024,Counter-insurgency Operation,Baramulla,Government officials confirmed that the Counter-insurgency Operation in Baramulla involved coordinated efforts between the army and local police to ensure public safety.,REAL,Indian Express
120,2025,Manipur Ethnic Conflict,Imphal,"Defense officials released a statement regarding the Manipur Ethnic Conflict in Imphal, stating that troops were deployed to monitor the situation and prevent escalation.",REAL,Press Trust of India
121,2020,Galwan Valley Clash,Ladakh,Security forces conducted an operation in Ladakh following intelligence reports related to the Galwan Valley Clash. Officials confirmed the situation was brought under control without civilian casualties.,REAL,Reuters
122,2021,Kashmir Militancy Encounter,Shopian,"Authorities reported developments related to the Kashmir Militancy Encounter in Shopian. According to official statements, security agencies responded promptly to maintain stability in the region.",REAL,BBC News
123,2022,LoC Ceasefire Violation,Kupwara,Government officials confirmed that the LoC Ceasefire Violation in Kupwara involved coordinated efforts between the army and local police to ensure public safety.,REAL,The Hindu
124,2023,Cross-border Infiltration Attempt,Jammu & Kashmir,"Defense officials released a statement regarding the Cross-border Infiltration Attempt in Jammu & Kashmir, stating that troops were deployed to monitor the situation and prevent escalation.",REAL,Indian Express
125,2024,India-Pakistan Border Tension,Punjab Border,Security forces conducted an operation in Punjab Border following intelligence reports related to the India-Pakistan Border Tension. Officials confirmed the situation was brought under control without civilian casualties.,REAL,Press Trust of India
126,2025,Terror Attack Investigation,Srinagar,"Authorities reported developments related to the Terror Attack Investigation in Srinagar. According to official statements, security agencies responded promptly to maintain stability in the region.",REAL,Reuters
127,2020,Counter-insurgency Operation,Baramulla,Government officials confirmed that the Counter-insurgency Operation in Baramulla involved coordinated efforts between the army and local police to ensure public safety.,REAL,BBC News
128,2021,Manipur Ethnic Conflict,Imphal,"Defense officials released a statement regarding the Manipur Ethnic Conflict in Imphal, stating that troops were deployed to monitor the situation and prevent escalation.",REAL,The Hindu
129,2022,Galwan Valley Clash,Ladakh,Security forces conducted an operation in Ladakh following intelligence reports related to the Galwan Valley Clash. Officials confirmed the situation was brought under control without civilian casualties.,REAL,Indian Express
130,2023,Kashmir Militancy Encounter,Shopian,"Authorities reported developments related to the Kashmir Militancy Encounter in Shopian. According to official statements, security agencies responded promptly to maintain stability in the region.",REAL,Press Trust of India
131,2024,LoC Ceasefire Violation,Kupwara,Government officials confirmed that the LoC Ceasefire Violation in Kupwara involved coordinated efforts between the army and local police to ensure public safety.,REAL,Reuters
132,2025,Cross-border Infiltration Attempt,Jammu & Kashmir,"Defense officials released a statement regarding the Cross-border Infiltration Attempt in Jammu & Kashmir, stating that troops were deployed to monitor the situation and prevent escalation.",REAL,BBC News
133,2020,India-Pakistan Border Tension,Punjab Border,Security forces conducted an operation in Punjab Border following intelligence reports related to the India-Pakistan Border Tension. Officials confirmed the situation was brought under control without civilian casualties.,REAL,The Hindu
134,2021,Terror Attack Investigation,Srinagar,"Authorities reported developments related to the Terror Attack Investigation in Srinagar. According to official statements, security agencies responded promptly to maintain stability in the region.",REAL,Indian Express
135,2022,Counter-insurgency Operation,Baramulla,Government officials confirmed that the Counter-insurgency Operation in Baramulla involved coordinated efforts between the army and local police to ensure public safety.,REAL,Press Trust of India
136,2023,Manipur Ethnic Conflict,Imphal,"Defense officials released a statement regarding the Manipur Ethnic Conflict in Imphal, stating that troops were deployed to monitor the situation and prevent escalation.",REAL,Reuters
137,2024,Galwan Valley Clash,Ladakh,Security forces conducted an operation in Ladakh following intelligence reports related to the Galwan Valley Clash. Officials confirmed the situation was brought under control without civilian casualties.,REAL,BBC News
138,2025,Kashmir Militancy Encounter,Shopian,"Authorities reported developments related to the Kashmir Militancy Encounter in Shopian. According to official statements, security agencies responded promptly to maintain stability in the region.",REAL,The Hindu
139,2020,LoC Ceasefire Violation,Kupwara,Government officials confirmed that the LoC Ceasefire Violation in Kupwara involved coordinated efforts between the army and local police to ensure public safety.,REAL,Indian Express
140,2021,Cross-border Infiltration Attempt,Jammu & Kashmir,"Defense officials released a statement regarding the Cross-border Infiltration Attempt in Jammu & Kashmir, stating that troops were deployed to monitor the situation and prevent escalation.",REAL,Press Trust of India
141,2022,India-Pakistan Border Tension,Punjab Border,Security forces conducted an operation in Punjab Border following intelligence reports related to the India-Pakistan Border Tension. Officials confirmed the situation was brought under control without civilian casualties.,REAL,Reuters
142,2023,Terror Attack Investigation,Srinagar,"Authorities reported developments related to the Terror Attack Investigation in Srinagar. According to official statements, security agencies responded promptly to maintain stability in the region.",REAL,BBC News
143,2024,Counter-insurgency Operation,Baramulla,Government officials confirmed that the Counter-insurgency Operation in Baramulla involved coordinated efforts between the army and local police to ensure public safety.,REAL,The Hindu
144,2025,Manipur Ethnic Conflict,Imphal,"Defense officials released a statement regarding the Manipur Ethnic Conflict in Imphal, stating that troops were deployed to monitor the situation and prevent escalation.",REAL,Indian Express
145,2020,Galwan Valley Clash,Ladakh,Security forces conducted an operation in Ladakh following intelligence reports related to the Galwan Valley Clash. Officials confirmed the situation was brought under control without civilian casualties.,REAL,Press Trust of India
146,2021,Kashmir Militancy Encounter,Shopian,"Authorities reported developments related to the Kashmir Militancy Encounter in Shopian. According to official statements, security agencies responded promptly to maintain stability in the region.",REAL,Reuters
147,2022,LoC Ceasefire Violation,Kupwara,Government officials confirmed that the LoC Ceasefire Violation in Kupwara involved coordinated efforts between the army and local police to ensure public safety.,REAL,BBC News
148,2023,Cross-border Infiltration Attempt,Jammu & Kashmir,"Defense officials released a statement regarding the Cross-border Infiltration Attempt in Jammu & Kashmir, stating that troops were deployed to monitor the situation and prevent escalation.",REAL,The Hindu
149,2024,India-Pakistan Border Tension,Punjab Border,Security forces conducted an operation in Punjab Border following intelligence reports related to the India-Pakistan Border Tension. Officials confirmed the situation was brought under control without civilian casualties.,REAL,Indian Express
150,2025,Terror Attack Investigation,Srinagar,"Authorities reported developments related to the Terror Attack Investigation in Srinagar. According to official statements, security agencies responded promptly to maintain stability in the region.",REAL,Press Trust of India
151,2020,Counter-insurgency Operation,Baramulla,Government officials confirmed that the Counter-insurgency Operation in Baramulla involved coordinated efforts between the army and local police to ensure public safety.,REAL,Reuters
152,2021,Manipur Ethnic Conflict,Imphal,"Defense officials released a statement regarding the Manipur Ethnic Conflict in Imphal, stating that troops were deployed to monitor the situation and prevent escalation.",REAL,BBC News
153,2022,Galwan Valley Clash,Ladakh,Security forces conducted an operation in Ladakh following intelligence reports related to the Galwan Valley Clash. Officials confirmed the situation was brought under control without civilian casualties.,REAL,The Hindu
154,2023,Kashmir Militancy Encounter,Shopian,"Authorities reported developments related to the Kashmir Militancy Encounter in Shopian. According to official statements, security agencies responded promptly to maintain stability in the region.",REAL,Indian Express
155,2024,LoC Ceasefire Violation,Kupwara,Government officials confirmed that the LoC Ceasefire Violation in Kupwara involved coordinated efforts between the army and local police to ensure public safety.,REAL,Press Trust of India
156,2025,Cross-border Infiltration Attempt,Jammu & Kashmir,"Defense officials released a statement regarding the Cross-border Infiltration Attempt in Jammu & Kashmir, stating that troops were deployed to monitor the situation and prevent escalation.",REAL,Reuters
157,2020,India-Pakistan Border Tension,Punjab Border,Security forces conducted an operation in Punjab Border following intelligence reports related to the India-Pakistan Border Tension. Officials confirmed the situation was brought under control without civilian casualties.,REAL,BBC News
158,2021,Terror Attack Investigation,Srinagar,"Authorities reported developments related to the Terror Attack Investigation in Srinagar. According to official statements, security agencies responded promptly to maintain stability in the region.",REAL,The Hindu
159,2022,Counter-insurgency Operation,Baramulla,Government officials confirmed that the Counter-insurgency Operation in Baramulla involved coordinated efforts between the army and local police to ensure public safety.,REAL,Indian Express
160,2023,Manipur Ethnic Conflict,Imphal,"Defense officials released a statement regarding the Manipur Ethnic Conflict in Imphal, stating that troops were deployed to monitor the situation and prevent escalation.",REAL,Press Trust of India
161,2024,Galwan Valley Clash,Ladakh,Security forces conducted an operation in Ladakh following intelligence reports related to the Galwan Valley Clash. Officials confirmed the situation was brought under control without civilian casualties.,REAL,Reuters
162,2025,Kashmir Militancy Encounter,Shopian,"Authorities reported developments related to the Kashmir Militancy Encounter in Shopian. According to official statements, security agencies responded promptly to maintain stability in the region.",REAL,BBC News
163,2020,LoC Ceasefire Violation,Kupwara,Government officials confirmed that the LoC Ceasefire Violation in Kupwara involved coordinated efforts between the army and local police to ensure public safety.,REAL,The Hindu
164,2021,Cross-border Infiltration Attempt,Jammu & Kashmir,"Defense officials released a statement regarding the Cross-border Infiltration Attempt in Jammu & Kashmir, stating that troops were deployed to monitor the situation and prevent escalation.",REAL,Indian Express
165,2022,India-Pakistan Border Tension,Punjab Border,Security forces conducted an operation in Punjab Border following intelligence reports related to the India-Pakistan Border Tension. Officials confirmed the situation was brought under control without civilian casualties.,REAL,Press Trust of India
166,2023,Terror Attack Investigation,Srinagar,"Authorities reported developments related to the Terror Attack Investigation in Srinagar. According to official statements, security agencies responded promptly to maintain stability in the region.",REAL,Reuters
167,2024,Counter-insurgency Operation,Baramulla,Government officials confirmed that the Counter-insurgency Operation in Baramulla involved coordinated efforts between the army and local police to ensure public safety.,REAL,BBC News
168,2025,Manipur Ethnic Conflict,Imphal,"Defense officials released a statement regarding the Manipur Ethnic Conflict in Imphal, stating that troops were deployed to monitor the situation and prevent escalation.",REAL,The Hindu
169,2020,Galwan Valley Clash,Ladakh,Security forces conducted an operation in Ladakh following intelligence reports related to the Galwan Valley Clash. Officials confirmed the situation was brought under control without civilian casualties.,REAL,Indian Express
170,2021,Kashmir Militancy Encounter,Shopian,"Authorities reported developments related to the Kashmir Militancy Encounter in Shopian. According to official statements, security agencies responded promptly to maintain stability in the region.",REAL,Press Trust of India
171,2022,LoC Ceasefire Violation,Kupwara,Government officials confirmed that the LoC Ceasefire Violation in Kupwara involved coordinated efforts between the army and local police to ensure public safety.,REAL,Reuters
172,2023,Cross-border Infiltration Attempt,Jammu & Kashmir,"Defense officials released a statement regarding the Cross-border Infiltration Attempt in Jammu & Kashmir, stating that troops were deployed to monitor the situation and prevent escalation.",REAL,BBC News
173,2024,India-Pakistan Border Tension,Punjab Border,Security forces conducted an operation in Punjab Border following intelligence reports related to the India-Pakistan Border Tension. Officials confirmed the situation was brought under control without civilian casualties.,REAL,The Hindu
174,2025,Terror Attack Investigation,Srinagar,"Authorities reported developments related to the Terror Attack Investigation in Srinagar. According to official statements, security agencies responded promptly to maintain stability in the region.",REAL,Indian Express
175,2020,Counter-insurgency Operation,Baramulla,Government officials confirmed that the Counter-insurgency Operation in Baramulla involved coordinated efforts between the army and local police to ensure public safety.,REAL,Press Trust of India
176,2021,Manipur Ethnic Conflict,Imphal,"Defense officials released a statement regarding the Manipur Ethnic Conflict in Imphal, stating that troops were deployed to monitor the situation and prevent escalation.",REAL,Reuters
177,2022,Galwan Valley Clash,Ladakh,Security forces conducted an operation in Ladakh following intelligence reports related to the Galwan Valley Clash. Officials confirmed the situation was brought under control without civilian casualties.,REAL,BBC News
178,2023,Kashmir Militancy Encounter,Shopian,"Authorities reported developments related to the Kashmir Militancy Encounter in Shopian. According to official statements, security agencies responded promptly to maintain stability in the region.",REAL,The Hindu
179,2024,LoC Ceasefire Violation,Kupwara,Government officials confirmed that the LoC Ceasefire Violation in Kupwara involved coordinated efforts between the army and local police to ensure public safety.,REAL,Indian Express
180,2025,Cross-border Infiltration Attempt,Jammu & Kashmir,"Defense officials released a statement regarding the Cross-border Infiltration Attempt in Jammu & Kashmir, stating that troops were deployed to monitor the situation and prevent escalation.",REAL,Press Trust of India
181,2020,India-Pakistan Border Tension,Punjab Border,Security forces conducted an operation in Punjab Border following intelligence reports related to the India-Pakistan Border Tension. Officials confirmed the situation was brought under control without civilian casualties.,REAL,Reuters
182,2021,Terror Attack Investigation,Srinagar,"Authorities reported developments related to the Terror Attack Investigation in Srinagar. According to official statements, security agencies responded promptly to maintain stability in the region.",REAL,BBC News
183,2022,Counter-insurgency Operation,Baramulla,Government officials confirmed that the Counter-insurgency Operation in Baramulla involved coordinated efforts between the army and local police to ensure public safety.,REAL,The Hindu
184,2023,Manipur Ethnic Conflict,Imphal,"Defense officials released a statement regarding the Manipur Ethnic Conflict in Imphal, stating that troops were deployed to monitor the situation and prevent escalation.",REAL,Indian Express
185,2024,Galwan Valley Clash,Ladakh,Security forces conducted an operation in Ladakh following intelligence reports related to the Galwan Valley Clash. Officials confirmed the situation was brought under control without civilian casualties.,REAL,Press Trust of India
186,2025,Kashmir Militancy Encounter,Shopian,"Authorities reported developments related to the Kashmir Militancy Encounter in Shopian. According to official statements, security agencies responded promptly to maintain stability in the region.",REAL,Reuters
187,2020,LoC Ceasefire Violation,Kupwara,Government officials confirmed that the LoC Ceasefire Violation in Kupwara involved coordinated efforts between the army and local police to ensure public safety.,REAL,BBC News
188,2021,Cross-border Infiltration Attempt,Jammu & Kashmir,"Defense officials released a statement regarding the Cross-border Infiltration Attempt in Jammu & Kashmir, stating that troops were deployed to monitor the situation and prevent escalation.",REAL,The Hindu
189,2022,India-Pakistan Border Tension,Punjab Border,Security forces conducted an operation in Punjab Border following intelligence reports related to the India-Pakistan Border Tension. Officials confirmed the situation was brought under control without civilian casualties.,REAL,Indian Express
190,2023,Terror Attack Investigation,Srinagar,"Authorities reported developments related to the Terror Attack Investigation in Srinagar. According to official statements, security agencies responded promptly to maintain stability in the region.",REAL,Press Trust of India
191,2024,Counter-insurgency Operation,Baramulla,Government officials confirmed that the Counter-insurgency Operation in Baramulla involved coordinated efforts between the army and local police to ensure public safety.,REAL,Reuters
192,2025,Manipur Ethnic Conflict,Imphal,"Defense officials released a statement regarding the Manipur Ethnic Conflict in Imphal, stating that troops were deployed to monitor the situation and prevent escalation.",REAL,BBC News
193,2020,Galwan Valley Clash,Ladakh,Security forces conducted an operation in Ladakh following intelligence reports related to the Galwan Valley Clash. Officials confirmed the situation was brought under control without civilian casualties.,REAL,The Hindu
194,2021,Kashmir Militancy Encounter,Shopian,"Authorities reported developments related to the Kashmir Militancy Encounter in Shopian. According to official statements, security agencies responded promptly to maintain stability in the region.",REAL,Indian Express
195,2022,LoC Ceasefire Violation,Kupwara,Government officials confirmed that the LoC Ceasefire Violation in Kupwara involved coordinated efforts between the army and local police to ensure public safety.,REAL,Press Trust of India
196,2023,Cross-border Infiltration Attempt,Jammu & Kashmir,"Defense officials released a statement regarding the Cross-border Infiltration Attempt in Jammu & Kashmir, stating that troops were deployed to monitor the situation and prevent escalation.",REAL,Reuters
197,2024,India-Pakistan Border Tension,Punjab Border,Security forces conducted an operation in Punjab Border following intelligence reports related to the India-Pakistan Border Tension. Officials confirmed the situation was brought under control without civilian casualties.,REAL,BBC News
198,2025,Terror Attack Investigation,Srinagar,"Authorities reported developments related to the Terror Attack Investigation in Srinagar. According to official statements, security agencies responded promptly to maintain stability in the region.",REAL,The Hindu
199,2020,Counter-insurgency Operation,Baramulla,Government officials confirmed that the Counter-insurgency Operation in Baramulla involved coordinated efforts between the army and local police to ensure public safety.,REAL,Indian Express
200,2021,Manipur Ethnic Conflict,Imphal,"Defense officials released a statement regarding the Manipur Ethnic Conflict in Imphal, stating that troops were deployed to monitor the situation and prevent escalation.",REAL,Press Trust of India
201,2022,Galwan Valley Clash,Ladakh,Security forces conducted an operation in Ladakh following intelligence reports related to the Galwan Valley Clash. Officials confirmed the situation was brought under control without civilian casualties.,REAL,Reuters
202,2023,Kashmir Militancy Encounter,Shopian,"Authorities reported developments related to the Kashmir Militancy Encounter in Shopian. According to official statements, security agencies responded promptly to maintain stability in the region.",REAL,BBC News
203,2024,LoC Ceasefire Violation,Kupwara,Government officials confirmed that the LoC Ceasefire Violation in Kupwara involved coordinated efforts between the army and local police to ensure public safety.,REAL,The Hindu
204,2025,Cross-border Infiltration Attempt,Jammu & Kashmir,"Defense officials released a statement regarding the Cross-border Infiltration Attempt in Jammu & Kashmir, stating that troops were deployed to monitor the situation and prevent escalation.",REAL,Indian Express
205,2020,India-Pakistan Border Tension,Punjab Border,Security forces conducted an operation in Punjab Border following intelligence reports related to the India-Pakistan Border Tension. Officials confirmed the situation was brought under control without civilian casualties.,REAL,Press Trust of India
206,2021,Terror Attack Investigation,Srinagar,"Authorities reported developments related to the Terror Attack Investigation in Srinagar. According to official statements, security agencies responded promptly to maintain stability in the region.",REAL,Reuters
207,2022,Counter-insurgency Operation,Baramulla,Government officials confirmed that the Counter-insurgency Operation in Baramulla involved coordinated efforts between the army and local police to ensure public safety.,REAL,BBC News
208,2023,Manipur Ethnic Conflict,Imphal,"Defense officials released a statement regarding the Manipur Ethnic Conflict in Imphal, stating that troops were deployed to monitor the situation and prevent escalation.",REAL,The Hindu
209,2024,Galwan Valley Clash,Ladakh,Security forces conducted an operation in Ladakh following intelligence reports related to the Galwan Valley Clash. Officials confirmed the situation was brought under control without civilian casualties.,REAL,Indian Express
210,2025,Kashmir Militancy Encounter,Shopian,"Authorities reported developments related to the Kashmir Militancy Encounter in Shopian. According to official statements, security agencies responded promptly to maintain stability in the region.",REAL,Press Trust of India
211,2020,LoC Ceasefire Violation,Kupwara,Government officials confirmed that the LoC Ceasefire Violation in Kupwara involved coordinated efforts between the army and local police to ensure public safety.,REAL,Reuters
212,2021,Cross-border Infiltration Attempt,Jammu & Kashmir,"Defense officials released a statement regarding the Cross-border Infiltration Attempt in Jammu & Kashmir, stating that troops were deployed to monitor the situation and prevent escalation.",REAL,BBC News
213,2022,India-Pakistan Border Tension,Punjab Border,Security forces conducted an operation in Punjab Border following intelligence reports related to the India-Pakistan Border Tension. Officials confirmed the situation was brought under control without civilian casualties.,REAL,The Hindu
214,2023,Terror Attack Investigation,Srinagar,"Authorities reported developments related to the Terror Attack Investigation in Srinagar. According to official statements, security agencies responded promptly to maintain stability in the region.",REAL,Indian Express
215,2024,Counter-insurgency Operation,Baramulla,Government officials confirmed that the Counter-insurgency Operation in Baramulla involved coordinated efforts between the army and local police to ensure public safety.,REAL,Press Trust of India
216,2025,Manipur Ethnic Conflict,Imphal,"Defense officials released a statement regarding the Manipur Ethnic Conflict in Imphal, stating that troops were deployed to monitor the situation and prevent escalation.",REAL,Reuters
217,2020,Galwan Valley Clash,Ladakh,Security forces conducted an operation in Ladakh following intelligence reports related to the Galwan Valley Clash. Officials confirmed the situation was brought under control without civilian casualties.,REAL,BBC News
218,2021,Kashmir Militancy Encounter,Shopian,"Authorities reported developments related to the Kashmir Militancy Encounter in Shopian. According to official statements, security agencies responded promptly to maintain stability in the region.",REAL,The Hindu
219,2022,LoC Ceasefire Violation,Kupwara,Government officials confirmed that the LoC Ceasefire Violation in Kupwara involved coordinated efforts between the army and local police to ensure public safety.,REAL,Indian Express
220,2023,Cross-border Infiltration Attempt,Jammu & Kashmir,"Defense officials released a statement regarding the Cross-border Infiltration Attempt in Jammu & Kashmir, stating that troops were deployed to monitor the situation and prevent escalation.",REAL,Press Trust of India
221,2024,India-Pakistan Border Tension,Punjab Border,Security forces conducted an operation in Punjab Border following intelligence reports related to the India-Pakistan Border Tension. Officials confirmed the situation was brought under control without civilian casualties.,REAL,Reuters
222,2025,Terror Attack Investigation,Srinagar,"Authorities reported developments related to the Terror Attack Investigation in Srinagar. According to official statements, security agencies responded promptly to maintain stability in the region.",REAL,BBC News
223,2020,Counter-insurgency Operation,Baramulla,Government officials confirmed that the Counter-insurgency Operation in Baramulla involved coordinated efforts between the army and local police to ensure public safety.,REAL,The Hindu
224,2021,Manipur Ethnic Conflict,Imphal,"Defense officials released a statement regarding the Manipur Ethnic Conflict in Imphal, stating that troops were deployed to monitor the situation and prevent escalation.",REAL,Indian Express
225,2022,Galwan Valley Clash,Ladakh,Security forces conducted an operation in Ladakh following intelligence reports related to the Galwan Valley Clash. Officials confirmed the situation was brought under control without civilian casualties.,REAL,Press Trust of India
226,2023,Kashmir Militancy Encounter,Shopian,"Authorities reported developments related to the Kashmir Militancy Encounter in Shopian. According to official statements, security agencies responded promptly to maintain stability in the region.",REAL,Reuters
227,2024,LoC Ceasefire Violation,Kupwara,Government officials confirmed that the LoC Ceasefire Violation in Kupwara involved coordinated efforts between the army and local police to ensure public safety.,REAL,BBC News
228,2025,Cross-border Infiltration Attempt,Jammu & Kashmir,"Defense officials released a statement regarding the Cross-border Infiltration Attempt in Jammu & Kashmir, stating that troops were deployed to monitor the situation and prevent escalation.",REAL,The Hindu
229,2020,India-Pakistan Border Tension,Punjab Border,Security forces conducted an operation in Punjab Border following intelligence reports related to the India-Pakistan Border Tension. Officials confirmed the situation was brought under control without civilian casualties.,REAL,Indian Express
230,2021,Terror Attack Investigation,Srinagar,"Authorities reported developments related to the Terror Attack Investigation in Srinagar. According to official statements, security agencies responded promptly to maintain stability in the region.",REAL,Press Trust of India
231,2022,Counter-insurgency Operation,Baramulla,Government officials confirmed that the Counter-insurgency Operation in Baramulla involved coordinated efforts between the army and local police to ensure public safety.,REAL,Reuters
232,2023,Manipur Ethnic Conflict,Imphal,"Defense officials released a statement regarding the Manipur Ethnic Conflict in Imphal, stating that troops were deployed to monitor the situation and prevent escalation.",REAL,BBC News
233,2024,Galwan Valley Clash,Ladakh,Security forces conducted an operation in Ladakh following intelligence reports related to the Galwan Valley Clash. Officials confirmed the situation was brought under control without civilian casualties.,REAL,The Hindu
234,2025,Kashmir Militancy Encounter,Shopian,"Authorities reported developments related to the Kashmir Militancy Encounter in Shopian. According to official statements, security agencies responded promptly to maintain stability in the region.",REAL,Indian Express
235,2020,LoC Ceasefire Violation,Kupwara,Government officials confirmed that the LoC Ceasefire Violation in Kupwara involved coordinated efforts between the army and local police to ensure public safety.,REAL,Press Trust of India
236,2021,Cross-border Infiltration Attempt,Jammu & Kashmir,"Defense officials released a statement regarding the Cross-border Infiltration Attempt in Jammu & Kashmir, stating that troops were deployed to monitor the situation and prevent escalation.",REAL,Reuters
237,2022,India-Pakistan Border Tension,Punjab Border,Security forces conducted an operation in Punjab Border following intelligence reports related to the India-Pakistan Border Tension. Officials confirmed the situation was brought under control without civilian casualties.,REAL,BBC News
238,2023,Terror Attack Investigation,Srinagar,"Authorities reported developments related to the Terror Attack Investigation in Srinagar. According to official statements, security agencies responded promptly to maintain stability in the region.",REAL,The Hindu
239,2024,Counter-insurgency Operation,Baramulla,Government officials confirmed that the Counter-insurgency Operation in Baramulla involved coordinated efforts between the army and local police to ensure public safety.,REAL,Indian Express
240,2025,Manipur Ethnic Conflict,Imphal,"Defense officials released a statement regarding the Manipur Ethnic Conflict in Imphal, stating that troops were deployed to monitor the situation and prevent escalation.",REAL,Press Trust of India
241,2020,Galwan Valley Clash,Ladakh,Security forces conducted an operation in Ladakh following intelligence reports related to the Galwan Valley Clash. Officials confirmed the situation was brought under control without civilian casualties.,REAL,Reuters
242,2021,Kashmir Militancy Encounter,Shopian,"Authorities reported developments related to the Kashmir Militancy Encounter in Shopian. According to official statements, security agencies responded promptly to maintain stability in the region.",REAL,BBC News
243,2022,LoC Ceasefire Violation,Kupwara,Government officials confirmed that the LoC Ceasefire Violation in Kupwara involved coordinated efforts between the army and local police to ensure public safety.,REAL,The Hindu
244,2023,Cross-border Infiltration Attempt,Jammu & Kashmir,"Defense officials released a statement regarding the Cross-border Infiltration Attempt in Jammu & Kashmir, stating that troops were deployed to monitor the situation and prevent escalation.",REAL,Indian Express
245,2024,India-Pakistan Border Tension,Punjab Border,Security forces conducted an operation in Punjab Border following intelligence reports related to the India-Pakistan Border Tension. Officials confirmed the situation was brought under control without civilian casualties.,REAL,Press Trust of India
246,2025,Terror Attack Investigation,Srinagar,"Authorities reported developments related to the Terror Attack Investigation in Srinagar. According to official statements, security agencies responded promptly to maintain stability in the region.",REAL,Reuters
247,2020,Counter-insurgency Operation,Baramulla,Government officials confirmed that the Counter-insurgency Operation in Baramulla involved coordinated efforts between the army and local police to ensure public safety.,REAL,BBC News
248,2021,Manipur Ethnic Conflict,Imphal,"Defense officials released a statement regarding the Manipur Ethnic Conflict in Imphal, stating that troops were deployed to monitor the situation and prevent escalation.",REAL,The Hindu
249,2022,Galwan Valley Clash,Ladakh,Security forces conducted an operation in Ladakh following intelligence reports related to the Galwan Valley Clash. Officials confirmed the situation was brought under control without civilian casualties.,REAL,Indian Express
250,2023,Kashmir Militancy Encounter,Shopian,"Authorities reported developments related to the Kashmir Militancy Encounter in Shopian. According to official statements, security agencies responded promptly to maintain stability in the region.",REAL,Press Trust of India
251,2024,LoC Ceasefire Violation,Kupwara,Government officials confirmed that the LoC Ceasefire Violation in Kupwara involved coordinated efforts between the army and local police to ensure public safety.,REAL,Reuters
252,2025,Cross-border Infiltration Attempt,Jammu & Kashmir,"Defense officials released a statement regarding the Cross-border Infiltration Attempt in Jammu & Kashmir, stating that troops were deployed to monitor the situation and prevent escalation.",REAL,BBC News
253,2020,India-Pakistan Border Tension,Punjab Border,Security forces conducted an operation in Punjab Border following intelligence reports related to the India-Pakistan Border Tension. Officials confirmed the situation was brought under control without civilian casualties.,REAL,The Hindu
254,2021,Terror Attack Investigation,Srinagar,"Authorities reported developments related to the Terror Attack Investigation in Srinagar. According to official statements, security agencies responded promptly to maintain stability in the region.",REAL,Indian Express
255,2022,Counter-insurgency Operation,Baramulla,Government officials confirmed that the Counter-insurgency Operation in Baramulla involved coordinated efforts between the army and local police to ensure public safety.,REAL,Press Trust of India
256,2023,Manipur Ethnic Conflict,Imphal,"Defense officials released a statement regarding the Manipur Ethnic Conflict in Imphal, stating that troops were deployed to monitor the situation and prevent escalation.",REAL,Reuters
257,2024,Galwan Valley Clash,Ladakh,Security forces conducted an operation in Ladakh following intelligence reports related to the Galwan Valley Clash. Officials confirmed the situation was brought under control without civilian casualties.,REAL,BBC News
258,2025,Kashmir Militancy Encounter,Shopian,"Authorities reported developments related to the Kashmir Militancy Encounter in Shopian. According to official statements, security agencies responded promptly to maintain stability in the region.",REAL,The Hindu
259,2020,LoC Ceasefire Violation,Kupwara,Government officials confirmed that the LoC Ceasefire Violation in Kupwara involved coordinated efforts between the army and local police to ensure public safety.,REAL,Indian Express
260,2021,Cross-border Infiltration Attempt,Jammu & Kashmir,"Defense officials released a statement regarding the Cross-border Infiltration Attempt in Jammu & Kashmir, stating that troops were deployed to monitor the situation and prevent escalation.",REAL,Press Trust of India
261,2022,India-Pakistan Border Tension,Punjab Border,Security forces conducted an operation in Punjab Border following intelligence reports related to the India-Pakistan Border Tension. Officials confirmed the situation was brought under control without civilian casualties.,REAL,Reuters
262,2023,Terror Attack Investigation,Srinagar,"Authorities reported developments related to the Terror Attack Investigation in Srinagar. According to official statements, security agencies responded promptly to maintain stability in the region.",REAL,BBC News
263,2024,Counter-insurgency Operation,Baramulla,Government officials confirmed that the Counter-insurgency Operation in Baramulla involved coordinated efforts between the army and local police to ensure public safety.,REAL,The Hindu
264,2025,Manipur Ethnic Conflict,Imphal,"Defense officials released a statement regarding the Manipur Ethnic Conflict in Imphal, stating that troops were deployed to monitor the situation and prevent escalation.",REAL,Indian Express
265,2020,Galwan Valley Clash,Ladakh,Security forces conducted an operation in Ladakh following intelligence reports related to the Galwan Valley Clash. Officials confirmed the situation was brought under control without civilian casualties.,REAL,Press Trust of India
266,2021,Kashmir Militancy Encounter,Shopian,"Authorities reported developments related to the Kashmir Militancy Encounter in Shopian. According to official statements, security agencies responded promptly to maintain stability in the region.",REAL,Reuters
267,2022,LoC Ceasefire Violation,Kupwara,Government officials confirmed that the LoC Ceasefire Violation in Kupwara involved coordinated efforts between the army and local police to ensure public safety.,REAL,BBC News
268,2023,Cross-border Infiltration Attempt,Jammu & Kashmir,"Defense officials released a statement regarding the Cross-border Infiltration Attempt in Jammu & Kashmir, stating that troops were deployed to monitor the situation and prevent escalation.",REAL,The Hindu
269,2024,India-Pakistan Border Tension,Punjab Border,Security forces conducted an operation in Punjab Border following intelligence reports related to the India-Pakistan Border Tension. Officials confirmed the situation was brought under control without civilian casualties.,REAL,Indian Express
270,2025,Terror Attack Investigation,Srinagar,"Authorities reported developments related to the Terror Attack Investigation in Srinagar. According to official statements, security agencies responded promptly to maintain stability in the region.",REAL,Press Trust of India
271,2020,Counter-insurgency Operation,Baramulla,Government officials confirmed that the Counter-insurgency Operation in Baramulla involved coordinated efforts between the army and local police to ensure public safety.,REAL,Reuters
272,2021,Manipur Ethnic Conflict,Imphal,"Defense officials released a statement regarding the Manipur Ethnic Conflict in Imphal, stating that troops were deployed to monitor the situation and prevent escalation.",REAL,BBC News
273,2022,Galwan Valley Clash,Ladakh,Security forces conducted an operation in Ladakh following intelligence reports related to the Galwan Valley Clash. Officials confirmed the situation was brought under control without civilian casualties.,REAL,The Hindu
274,2023,Kashmir Militancy Encounter,Shopian,"Authorities reported developments related to the Kashmir Militancy Encounter in Shopian. According to official statements, security agencies responded promptly to maintain stability in the region.",REAL,Indian Express
275,2024,LoC Ceasefire Violation,Kupwara,Government officials confirmed that the LoC Ceasefire Violation in Kupwara involved coordinated efforts between the army and local police to ensure public safety.,REAL,Press Trust of India
276,2025,Cross-border Infiltration Attempt,Jammu & Kashmir,"Defense officials released a statement regarding the Cross-border Infiltration Attempt in Jammu & Kashmir, stating that troops were deployed to monitor the situation and prevent escalation.",REAL,Reuters
277,2020,India-Pakistan Border Tension,Punjab Border,Security forces conducted an operation in Punjab Border following intelligence reports related to the India-Pakistan Border Tension. Officials confirmed the situation was brought under control without civilian casualties.,REAL,BBC News
278,2021,Terror Attack Investigation,Srinagar,"Authorities reported developments related to the Terror Attack Investigation in Srinagar. According to official statements, security agencies responded promptly to maintain stability in the region.",REAL,The Hindu
279,2022,Counter-insurgency Operation,Baramulla,Government officials confirmed that the Counter-insurgency Operation in Baramulla involved coordinated efforts between the army and local police to ensure public safety.,REAL,Indian Express
280,2023,Manipur Ethnic Conflict,Imphal,"Defense officials released a statement regarding the Manipur Ethnic Conflict in Imphal, stating that troops were deployed to monitor the situation and prevent escalation.",REAL,Press Trust of India
281,2024,Galwan Valley Clash,Ladakh,Security forces conducted an operation in Ladakh following intelligence reports related to the Galwan Valley Clash. Officials confirmed the situation was brought under control without civilian casualties.,REAL,Reuters
282,2025,Kashmir Militancy Encounter,Shopian,"Authorities reported developments related to the Kashmir Militancy Encounter in Shopian. According to official statements, security agencies responded promptly to maintain stability in the region.",REAL,BBC News
283,2020,LoC Ceasefire Violation,Kupwara,Government officials confirmed that the LoC Ceasefire Violation in Kupwara involved coordinated efforts between the army and local police to ensure public safety.,REAL,The Hindu
284,2021,Cross-border Infiltration Attempt,Jammu & Kashmir,"Defense officials released a statement regarding the Cross-border Infiltration Attempt in Jammu & Kashmir, stating that troops were deployed to monitor the situation and prevent escalation.",REAL,Indian Express
285,2022,India-Pakistan Border Tension,Punjab Border,Security forces conducted an operation in Punjab Border following intelligence reports related to the India-Pakistan Border Tension. Officials confirmed the situation was brought under control without civilian casualties.,REAL,Press Trust of India
286,2023,Terror Attack Investigation,Srinagar,"Authorities reported developments related to the Terror Attack Investigation in Srinagar. According to official statements, security agencies responded promptly to maintain stability in the region.",REAL,Reuters
287,2024,Counter-insurgency Operation,Baramulla,Government officials confirmed that the Counter-insurgency Operation in Baramulla involved coordinated efforts between the army and local police to ensure public safety.,REAL,BBC News
288,2025,Manipur Ethnic Conflict,Imphal,"Defense officials released a statement regarding the Manipur Ethnic Conflict in Imphal, stating that troops were deployed to monitor the situation and prevent escalation.",REAL,The Hindu
289,2020,Galwan Valley Clash,Ladakh,Security forces conducted an operation in Ladakh following intelligence reports related to the Galwan Valley Clash. Officials confirmed the situation was brought under control without civilian casualties.,REAL,Indian Express
290,2021,Kashmir Militancy Encounter,Shopian,"Authorities reported developments related to the Kashmir Militancy Encounter in Shopian. According to official statements, security agencies responded promptly to maintain stability in the region.",REAL,Press Trust of India
291,2022,LoC Ceasefire Violation,Kupwara,Government officials confirmed that the LoC Ceasefire Violation in Kupwara involved coordinated efforts between the army and local police to ensure public safety.,REAL,Reuters
292,2023,Cross-border Infiltration Attempt,Jammu & Kashmir,"Defense officials released a statement regarding the Cross-border Infiltration Attempt in Jammu & Kashmir, stating that troops were deployed to monitor the situation and prevent escalation.",REAL,BBC News
293,2024,India-Pakistan Border Tension,Punjab Border,Security forces conducted an operation in Punjab Border following intelligence reports related to the India-Pakistan Border Tension. Officials confirmed the situation was brought under control without civilian casualties.,REAL,The Hindu
294,2025,Terror Attack Investigation,Srinagar,"Authorities reported developments related to the Terror Attack Investigation in Srinagar. According to official statements, security agencies responded promptly to maintain stability in the region.",REAL,Indian Express
295,2020,Counter-insurgency Operation,Baramulla,Government officials confirmed that the Counter-insurgency Operation in Baramulla involved coordinated efforts between the army and local police to ensure public safety.,REAL,Press Trust of India
296,2021,Manipur Ethnic Conflict,Imphal,"Defense officials released a statement regarding the Manipur Ethnic Conflict in Imphal, stating that troops were deployed to monitor the situation and prevent escalation.",REAL,Reuters
297,2022,Galwan Valley Clash,Ladakh,Security forces conducted an operation in Ladakh following intelligence reports related to the Galwan Valley Clash. Officials confirmed the situation was brought under control without civilian casualties.,REAL,BBC News
298,2023,Kashmir Militancy Encounter,Shopian,"Authorities reported developments related to the Kashmir Militancy Encounter in Shopian. According to official statements, security agencies responded promptly to maintain stability in the region.",REAL,The Hindu
299,2024,LoC Ceasefire Violation,Kupwara,Government officials confirmed that the LoC Ceasefire Violation in Kupwara involved coordinated efforts between the army and local police to ensure public safety.,REAL,Indian Express
300,2025,Cross-border Infiltration Attempt,Jammu & Kashmir,"Defense officials released a statement regarding the Cross-border Infiltration Attempt in Jammu & Kashmir, stating that troops were deployed to monitor the situation and prevent escalation.",REAL,Press Trust of India
301,2020,India-Pakistan Border Tension,Punjab Border,Security forces conducted an operation in Punjab Border following intelligence reports related to the India-Pakistan Border Tension. Officials confirmed the situation was brought under control without civilian casualties.,REAL,Reuters
302,2021,Terror Attack Investigation,Srinagar,"Authorities reported developments related to the Terror Attack Investigation in Srinagar. According to official statements, security agencies responded promptly to maintain stability in the region.",REAL,BBC News
303,2022,Counter-insurgency Operation,Baramulla,Government officials confirmed that the Counter-insurgency Operation in Baramulla involved coordinated efforts between the army and local police to ensure public safety.,REAL,The Hindu
304,2023,Manipur Ethnic Conflict,Imphal,"Defense officials released a statement regarding the Manipur Ethnic Conflict in Imphal, stating that troops were deployed to monitor the situation and prevent escalation.",REAL,Indian Express
305,2024,Galwan Valley Clash,Ladakh,Security forces conducted an operation in Ladakh following intelligence reports related to the Galwan Valley Clash. Officials confirmed the situation was brought under control without civilian casualties.,REAL,Press Trust of India
306,2025,Kashmir Militancy Encounter,Shopian,"Authorities reported developments related to the Kashmir Militancy Encounter in Shopian. According to official statements, security agencies responded promptly to maintain stability in the region.",REAL,Reuters
307,2020,LoC Ceasefire Violation,Kupwara,Government officials confirmed that the LoC Ceasefire Violation in Kupwara involved coordinated efforts between the army and local police to ensure public safety.,REAL,BBC News
308,2021,Cross-border Infiltration Attempt,Jammu & Kashmir,"Defense officials released a statement regarding the Cross-border Infiltration Attempt in Jammu & Kashmir, stating that troops were deployed to monitor the situation and prevent escalation.",REAL,The Hindu
309,2022,India-Pakistan Border Tension,Punjab Border,Security forces conducted an operation in Punjab Border following intelligence reports related to the India-Pakistan Border Tension. Officials confirmed the situation was brought under control without civilian casualties.,REAL,Indian Express
310,2023,Terror Attack Investigation,Srinagar,"Authorities reported developments related to the Terror Attack Investigation in Srinagar. According to official statements, security agencies responded promptly to maintain stability in the region.",REAL,Press Trust of India
311,2024,Counter-insurgency Operation,Baramulla,Government officials confirmed that the Counter-insurgency Operation in Baramulla involved coordinated efforts between the army and local police to ensure public safety.,REAL,Reuters
312,2025,Manipur Ethnic Conflict,Imphal,"Defense officials released a statement regarding the Manipur Ethnic Conflict in Imphal, stating that troops were deployed to monitor the situation and prevent escalation.",REAL,BBC News
313,2020,Galwan Valley Clash,Ladakh,Security forces conducted an operation in Ladakh following intelligence reports related to the Galwan Valley Clash. Officials confirmed the situation was brought under control without civilian casualties.,REAL,The Hindu
314,2021,Kashmir Militancy Encounter,Shopian,"Authorities reported developments related to the Kashmir Militancy Encounter in Shopian. According to official statements, security agencies responded promptly to maintain stability in the region.",REAL,Indian Express
315,2022,LoC Ceasefire Violation,Kupwara,Government officials confirmed that the LoC Ceasefire Violation in Kupwara involved coordinated efforts between the army and local police to ensure public safety.,REAL,Press Trust of India
316,2023,Cross-border Infiltration Attempt,Jammu & Kashmir,"Defense officials released a statement regarding the Cross-border Infiltration Attempt in Jammu & Kashmir, stating that troops were deployed to monitor the situation and prevent escalation.",REAL,Reuters
317,2024,India-Pakistan Border Tension,Punjab Border,Security forces conducted an operation in Punjab Border following intelligence reports related to the India-Pakistan Border Tension. Officials confirmed the situation was brought under control without civilian casualties.,REAL,BBC News
318,2025,Terror Attack Investigation,Srinagar,"Authorities reported developments related to the Terror Attack Investigation in Srinagar. According to official statements, security agencies responded promptly to maintain stability in the region.",REAL,The Hindu
319,2020,Counter-insurgency Operation,Baramulla,Government officials confirmed that the Counter-insurgency Operation in Baramulla involved coordinated efforts between the army and local police to ensure public safety.,REAL,Indian Express
320,2021,Manipur Ethnic Conflict,Imphal,"Defense officials released a statement regarding the Manipur Ethnic Conflict in Imphal, stating that troops were deployed to monitor the situation and prevent escalation.",REAL,Press Trust of India
321,2022,Galwan Valley Clash,Ladakh,Security forces conducted an operation in Ladakh following intelligence reports related to the Galwan Valley Clash. Officials confirmed the situation was brought under control without civilian casualties.,REAL,Reuters
322,2023,Kashmir Militancy Encounter,Shopian,"Authorities reported developments related to the Kashmir Militancy Encounter in Shopian. According to official statements, security agencies responded promptly to maintain stability in the region.",REAL,BBC News
323,2024,LoC Ceasefire Violation,Kupwara,Government officials confirmed that the LoC Ceasefire Violation in Kupwara involved coordinated efforts between the army and local police to ensure public safety.,REAL,The Hindu
324,2025,Cross-border Infiltration Attempt,Jammu & Kashmir,"Defense officials released a statement regarding the Cross-border Infiltration Attempt in Jammu & Kashmir, stating that troops were deployed to monitor the situation and prevent escalation.",REAL,Indian Express
325,2020,India-Pakistan Border Tension,Punjab Border,Security forces conducted an operation in Punjab Border following intelligence reports related to the India-Pakistan Border Tension. Officials confirmed the situation was brought under control without civilian casualties.,REAL,Press Trust of India
326,2021,Terror Attack Investigation,Srinagar,"Authorities reported developments related to the Terror Attack Investigation in Srinagar. According to official statements, security agencies responded promptly to maintain stability in the region.",REAL,Reuters
327,2022,Counter-insurgency Operation,Baramulla,Government officials confirmed that the Counter-insurgency Operation in Baramulla involved coordinated efforts between the army and local police to ensure public safety.,REAL,BBC News
328,2023,Manipur Ethnic Conflict,Imphal,"Defense officials released a statement regarding the Manipur Ethnic Conflict in Imphal, stating that troops were deployed to monitor the situation and prevent escalation.",REAL,The Hindu
329,2024,Galwan Valley Clash,Ladakh,Security forces conducted an operation in Ladakh following intelligence reports related to the Galwan Valley Clash. Officials confirmed the situation was brought under control without civilian casualties.,REAL,Indian Express
330,2025,Kashmir Militancy Encounter,Shopian,"Authorities reported developments related to the Kashmir Militancy Encounter in Shopian. According to official statements, security agencies responded promptly to maintain stability in the region.",REAL,Press Trust of India
331,2020,LoC Ceasefire Violation,Kupwara,Government officials confirmed that the LoC Ceasefire Violation in Kupwara involved coordinated efforts between the army and local police to ensure public safety.,REAL,Reuters
332,2021,Cross-border Infiltration Attempt,Jammu & Kashmir,"Defense officials released a statement regarding the Cross-border Infiltration Attempt in Jammu & Kashmir, stating that troops were deployed to monitor the situation and prevent escalation.",REAL,BBC News
333,2022,India-Pakistan Border Tension,Punjab Border,Security forces conducted an operation in Punjab Border following intelligence reports related to the India-Pakistan Border Tension. Officials confirmed the situation was brought under control without civilian casualties.,REAL,The Hindu
334,2023,Terror Attack Investigation,Srinagar,"Authorities reported developments related to the Terror Attack Investigation in Srinagar. According to official statements, security agencies responded promptly to maintain stability in the region.",REAL,Indian Express
335,2024,Counter-insurgency Operation,Baramulla,Government officials confirmed that the Counter-insurgency Operation in Baramulla involved coordinated efforts between the army and local police to ensure public safety.,REAL,Press Trust of India
336,2025,Manipur Ethnic Conflict,Imphal,"Defense officials released a statement regarding the Manipur Ethnic Conflict in Imphal, stating that troops were deployed to monitor the situation and prevent escalation.",REAL,Reuters
337,2020,Galwan Valley Clash,Ladakh,Security forces conducted an operation in Ladakh following intelligence reports related to the Galwan Valley Clash. Officials confirmed the situation was brought under control without civilian casualties.,REAL,BBC News
338,2021,Kashmir Militancy Encounter,Shopian,"Authorities reported developments related to the Kashmir Militancy Encounter in Shopian. According to official statements, security agencies responded promptly to maintain stability in the region.",REAL,The Hindu
339,2022,LoC Ceasefire Violation,Kupwara,Government officials confirmed that the LoC Ceasefire Violation in Kupwara involved coordinated efforts between the army and local police to ensure public safety.,REAL,Indian Express
340,2023,Cross-border Infiltration Attempt,Jammu & Kashmir,"Defense officials released a statement regarding the Cross-border Infiltration Attempt in Jammu & Kashmir, stating that troops were deployed to monitor the situation and prevent escalation.",REAL,Press Trust of India
341,2024,India-Pakistan Border Tension,Punjab Border,Security forces conducted an operation in Punjab Border following intelligence reports related to the India-Pakistan Border Tension. Officials confirmed the situation was brought under control without civilian casualties.,REAL,Reuters
342,2025,Terror Attack Investigation,Srinagar,"Authorities reported developments related to the Terror Attack Investigation in Srinagar. According to official statements, security agencies responded promptly to maintain stability in the region.",REAL,BBC News
343,2020,Counter-insurgency Operation,Baramulla,Government officials confirmed that the Counter-insurgency Operation in Baramulla involved coordinated efforts between the army and local police to ensure public safety.,REAL,The Hindu
344,2021,Manipur Ethnic Conflict,Imphal,"Defense officials released a statement regarding the Manipur Ethnic Conflict in Imphal, stating that troops were deployed to monitor the situation and prevent escalation.",REAL,Indian Express
345,2022,Galwan Valley Clash,Ladakh,Security forces conducted an operation in Ladakh following intelligence reports related to the Galwan Valley Clash. Officials confirmed the situation was brought under control without civilian casualties.,REAL,Press Trust of India
346,2023,Kashmir Militancy Encounter,Shopian,"Authorities reported developments related to the Kashmir Militancy Encounter in Shopian. According to official statements, security agencies responded promptly to maintain stability in the region.",REAL,Reuters
347,2024,LoC Ceasefire Violation,Kupwara,Government officials confirmed that the LoC Ceasefire Violation in Kupwara involved coordinated efforts between the army and local police to ensure public safety.,REAL,BBC News
348,2025,Cross-border Infiltration Attempt,Jammu & Kashmir,"Defense officials released a statement regarding the Cross-border Infiltration Attempt in Jammu & Kashmir, stating that troops were deployed to monitor the situation and prevent escalation.",REAL,The Hindu
349,2020,India-Pakistan Border Tension,Punjab Border,Security forces conducted an operation in Punjab Border following intelligence reports related to the India-Pakistan Border Tension. Officials confirmed the situation was brought under control without civilian casualties.,REAL,Indian Express
350,2021,Terror Attack Investigation,Srinagar,"Authorities reported developments related to the Terror Attack Investigation in Srinagar. According to official statements, security agencies responded promptly to maintain stability in the region.",REAL,Press Trust of India
351,2022,Counter-insurgency Operation,Baramulla,Government officials confirmed that the Counter-insurgency Operation in Baramulla involved coordinated efforts between the army and local police to ensure public safety.,REAL,Reuters
352,2023,Manipur Ethnic Conflict,Imphal,"Defense officials released a statement regarding the Manipur Ethnic Conflict in Imphal, stating that troops were deployed to monitor the situation and prevent escalation.",REAL,BBC News
353,2024,Galwan Valley Clash,Ladakh,Security forces conducted an operation in Ladakh following intelligence reports related to the Galwan Valley Clash. Officials confirmed the situation was brought under control without civilian casualties.,REAL,The Hindu
354,2025,Kashmir Militancy Encounter,Shopian,"Authorities reported developments related to the Kashmir Militancy Encounter in Shopian. According to official statements, security agencies responded promptly to maintain stability in the region.",REAL,Indian Express
355,2020,LoC Ceasefire Violation,Kupwara,Government officials confirmed that the LoC Ceasefire Violation in Kupwara involved coordinated efforts between the army and local police to ensure public safety.,REAL,Press Trust of India
356,2021,Cross-border Infiltration Attempt,Jammu & Kashmir,"Defense officials released a statement regarding the Cross-border Infiltration Attempt in Jammu & Kashmir, stating that troops were deployed to monitor the situation and prevent escalation.",REAL,Reuters
357,2022,India-Pakistan Border Tension,Punjab Border,Security forces conducted an operation in Punjab Border following intelligence reports related to the India-Pakistan Border Tension. Officials confirmed the situation was brought under control without civilian casualties.,REAL,BBC News
358,2023,Terror Attack Investigation,Srinagar,"Authorities reported developments related to the Terror Attack Investigation in Srinagar. According to official statements, security agencies responded promptly to maintain stability in the region.",REAL,The Hindu
359,2024,Counter-insurgency Operation,Baramulla,Government officials confirmed that the Counter-insurgency Operation in Baramulla involved coordinated efforts between the army and local police to ensure public safety.,REAL,Indian Express
360,2025,Manipur Ethnic Conflict,Imphal,"Defense officials released a statement regarding the Manipur Ethnic Conflict in Imphal, stating that troops were deployed to monitor the situation and prevent escalation.",REAL,Press Trust of India
361,2020,Galwan Valley Clash,Ladakh,Security forces conducted an operation in Ladakh following intelligence reports related to the Galwan Valley Clash. Officials confirmed the situation was brought under control without civilian casualties.,REAL,Reuters
362,2021,Kashmir Militancy Encounter,Shopian,"Authorities reported developments related to the Kashmir Militancy Encounter in Shopian. According to official statements, security agencies responded promptly to maintain stability in the region.",REAL,BBC News
363,2022,LoC Ceasefire Violation,Kupwara,Government officials confirmed that the LoC Ceasefire Violation in Kupwara involved coordinated efforts between the army and local police to ensure public safety.,REAL,The Hindu
364,2023,Cross-border Infiltration Attempt,Jammu & Kashmir,"Defense officials released a statement regarding the Cross-border Infiltration Attempt in Jammu & Kashmir, stating that troops were deployed to monitor the situation and prevent escalation.",REAL,Indian Express
365,2024,India-Pakistan Border Tension,Punjab Border,Security forces conducted an operation in Punjab Border following intelligence reports related to the India-Pakistan Border Tension. Officials confirmed the situation was brought under control without civilian casualties.,REAL,Press Trust of India
366,2025,Terror Attack Investigation,Srinagar,"Authorities reported developments related to the Terror Attack Investigation in Srinagar. According to official statements, security agencies responded promptly to maintain stability in the region.",REAL,Reuters
367,2020,Counter-insurgency Operation,Baramulla,Government officials confirmed that the Counter-insurgency Operation in Baramulla involved coordinated efforts between the army and local police to ensure public safety.,REAL,BBC News
368,2021,Manipur Ethnic Conflict,Imphal,"Defense officials released a statement regarding the Manipur Ethnic Conflict in Imphal, stating that troops were deployed to monitor the situation and prevent escalation.",REAL,The Hindu
369,2022,Galwan Valley Clash,Ladakh,Security forces conducted an operation in Ladakh following intelligence reports related to the Galwan Valley Clash. Officials confirmed the situation was brought under control without civilian casualties.,REAL,Indian Express
370,2023,Kashmir Militancy Encounter,Shopian,"Authorities reported developments related to the Kashmir Militancy Encounter in Shopian. According to official statements, security agencies responded promptly to maintain stability in the region.",REAL,Press Trust of India
371,2024,LoC Ceasefire Violation,Kupwara,Government officials confirmed that the LoC Ceasefire Violation in Kupwara involved coordinated efforts between the army and local police to ensure public safety.,REAL,Reuters
372,2025,Cross-border Infiltration Attempt,Jammu & Kashmir,"Defense officials released a statement regarding the Cross-border Infiltration Attempt in Jammu & Kashmir, stating that troops were deployed to monitor the situation and prevent escalation.",REAL,BBC News
373,2020,India-Pakistan Border Tension,Punjab Border,Security forces conducted an operation in Punjab Border following intelligence reports related to the India-Pakistan Border Tension. Officials confirmed the situation was brought under control without civilian casualties.,REAL,The Hindu
374,2021,Terror Attack Investigation,Srinagar,"Authorities reported developments related to the Terror Attack Investigation in Srinagar. According to official statements, security agencies responded promptly to maintain stability in the region.",REAL,Indian Express
375,2022,Counter-insurgency Operation,Baramulla,Government officials confirmed that the Counter-insurgency Operation in Baramulla involved coordinated efforts between the army and local police to ensure public safety.,REAL,Press Trust of India
376,2023,Manipur Ethnic Conflict,Imphal,"Defense officials released a statement regarding the Manipur Ethnic Conflict in Imphal, stating that troops were deployed to monitor the situation and prevent escalation.",REAL,Reuters
377,2024,Galwan Valley Clash,Ladakh,Security forces conducted an operation in Ladakh following intelligence reports related to the Galwan Valley Clash. Officials confirmed the situation was brought under control without civilian casualties.,REAL,BBC News
378,2025,Kashmir Militancy Encounter,Shopian,"Authorities reported developments related to the Kashmir Militancy Encounter in Shopian. According to official statements, security agencies responded promptly to maintain stability in the region.",REAL,The Hindu
379,2020,LoC Ceasefire Violation,Kupwara,Government officials confirmed that the LoC Ceasefire Violation in Kupwara involved coordinated efforts between the army and local police to ensure public safety.,REAL,Indian Express
380,2021,Cross-border Infiltration Attempt,Jammu & Kashmir,"Defense officials released a statement regarding the Cross-border Infiltration Attempt in Jammu & Kashmir, stating that troops were deployed to monitor the situation and prevent escalation.",REAL,Press Trust of India
381,2022,India-Pakistan Border Tension,Punjab Border,Security forces conducted an operation in Punjab Border following intelligence reports related to the India-Pakistan Border Tension. Officials confirmed the situation was brought under control without civilian casualties.,REAL,Reuters
382,2023,Terror Attack Investigation,Srinagar,"Authorities reported developments related to the Terror Attack Investigation in Srinagar. According to official statements, security agencies responded promptly to maintain stability in the region.",REAL,BBC News
383,2024,Counter-insurgency Operation,Baramulla,Government officials confirmed that the Counter-insurgency Operation in Baramulla involved coordinated efforts between the army and local police to ensure public safety.,REAL,The Hindu
384,2025,Manipur Ethnic Conflict,Imphal,"Defense officials released a statement regarding the Manipur Ethnic Conflict in Imphal, stating that troops were deployed to monitor the situation and prevent escalation.",REAL,Indian Express
385,2020,Galwan Valley Clash,Ladakh,Security forces conducted an operation in Ladakh following intelligence reports related to the Galwan Valley Clash. Officials confirmed the situation was brought under control without civilian casualties.,REAL,Press Trust of India
386,2021,Kashmir Militancy Encounter,Shopian,"Authorities reported developments related to the Kashmir Militancy Encounter in Shopian. According to official statements, security agencies responded promptly to maintain stability in the region.",REAL,Reuters
387,2022,LoC Ceasefire Violation,Kupwara,Government officials confirmed that the LoC Ceasefire Violation in Kupwara involved coordinated efforts between the army and local police to ensure public safety.,REAL,BBC News
388,2023,Cross-border Infiltration Attempt,Jammu & Kashmir,"Defense officials released a statement regarding the Cross-border Infiltration Attempt in Jammu & Kashmir, stating that troops were deployed to monitor the situation and prevent escalation.",REAL,The Hindu
389,2024,India-Pakistan Border Tension,Punjab Border,Security forces conducted an operation in Punjab Border following intelligence reports related to the India-Pakistan Border Tension. Officials confirmed the situation was brought under control without civilian casualties.,REAL,Indian Express
390,2025,Terror Attack Investigation,Srinagar,"Authorities reported developments related to the Terror Attack Investigation in Srinagar. According to official statements, security agencies responded promptly to maintain stability in the region.",REAL,Press Trust of India
391,2020,Counter-insurgency Operation,Baramulla,Government officials confirmed that the Counter-insurgency Operation in Baramulla involved coordinated efforts between the army and local police to ensure public safety.,REAL,Reuters
392,2021,Manipur Ethnic Conflict,Imphal,"Defense officials released a statement regarding the Manipur Ethnic Conflict in Imphal, stating that troops were deployed to monitor the situation and prevent escalation.",REAL,BBC News
393,2022,Galwan Valley Clash,Ladakh,Security forces conducted an operation in Ladakh following intelligence reports related to the Galwan Valley Clash. Officials confirmed the situation was brought under control without civilian casualties.,REAL,The Hindu
394,2023,Kashmir Militancy Encounter,Shopian,"Authorities reported developments related to the Kashmir Militancy Encounter in Shopian. According to official statements, security agencies responded promptly to maintain stability in the region.",REAL,Indian Express
395,2024,LoC Ceasefire Violation,Kupwara,Government officials confirmed that the LoC Ceasefire Violation in Kupwara involved coordinated efforts between the army and local police to ensure public safety.,REAL,Press Trust of India
396,2025,Cross-border Infiltration Attempt,Jammu & Kashmir,"Defense officials released a statement regarding the Cross-border Infiltration Attempt in Jammu & Kashmir, stating that troops were deployed to monitor the situation and prevent escalation.",REAL,Reuters
397,2020,India-Pakistan Border Tension,Punjab Border,Security forces conducted an operation in Punjab Border following intelligence reports related to the India-Pakistan Border Tension. Officials confirmed the situation was brought under control without civilian casualties.,REAL,BBC News
398,2021,Terror Attack Investigation,Srinagar,"Authorities reported developments related to the Terror Attack Investigation in Srinagar. According to official statements, security agencies responded promptly to maintain stability in the region.",REAL,The Hindu
399,2022,Counter-insurgency Operation,Baramulla,Government officials confirmed that the Counter-insurgency Operation in Baramulla involved coordinated efforts between the army and local police to ensure public safety.,REAL,Indian Express
400,2023,Manipur Ethnic Conflict,Imphal,"Defense officials released a statement regarding the Manipur Ethnic Conflict in Imphal, stating that troops were deployed to monitor the situation and prevent escalation.",REAL,Press Trust of India
401,2024,Galwan Valley Clash,Ladakh,Security forces conducted an operation in Ladakh following intelligence reports related to the Galwan Valley Clash. Officials confirmed the situation was brought under control without civilian casualties.,REAL,Reuters
402,2025,Kashmir Militancy Encounter,Shopian,"Authorities reported developments related to the Kashmir Militancy Encounter in Shopian. According to official statements, security agencies responded promptly to maintain stability in the region.",REAL,BBC News
403,2020,LoC Ceasefire Violation,Kupwara,Government officials confirmed that the LoC Ceasefire Violation in Kupwara involved coordinated efforts between the army and local police to ensure public safety.,REAL,The Hindu
404,2021,Cross-border Infiltration Attempt,Jammu & Kashmir,"Defense officials released a statement regarding the Cross-border Infiltration Attempt in Jammu & Kashmir, stating that troops were deployed to monitor the situation and prevent escalation.",REAL,Indian Express
405,2022,India-Pakistan Border Tension,Punjab Border,Security forces conducted an operation in Punjab Border following intelligence reports related to the India-Pakistan Border Tension. Officials confirmed the situation was brought under control without civilian casualties.,REAL,Press Trust of India
406,2023,Terror Attack Investigation,Srinagar,"Authorities reported developments related to the Terror Attack Investigation in Srinagar. According to official statements, security agencies responded promptly to maintain stability in the region.",REAL,Reuters
407,2024,Counter-insurgency Operation,Baramulla,Government officials confirmed that the Counter-insurgency Operation in Baramulla involved coordinated efforts between the army and local police to ensure public safety.,REAL,BBC News
408,2025,Manipur Ethnic Conflict,Imphal,"Defense officials released a statement regarding the Manipur Ethnic Conflict in Imphal, stating that troops were deployed to monitor the situation and prevent escalation.",REAL,The Hindu
409,2020,Galwan Valley Clash,Ladakh,Security forces conducted an operation in Ladakh following intelligence reports related to the Galwan Valley Clash. Officials confirmed the situation was brought under control without civilian casualties.,REAL,Indian Express
410,2021,Kashmir Militancy Encounter,Shopian,"Authorities reported developments related to the Kashmir Militancy Encounter in Shopian. According to official statements, security agencies responded promptly to maintain stability in the region.",REAL,Press Trust of India
411,2022,LoC Ceasefire Violation,Kupwara,Government officials confirmed that the LoC Ceasefire Violation in Kupwara involved coordinated efforts between the army and local police to ensure public safety.,REAL,Reuters
412,2023,Cross-border Infiltration Attempt,Jammu & Kashmir,"Defense officials released a statement regarding the Cross-border Infiltration Attempt in Jammu & Kashmir, stating that troops were deployed to monitor the situation and prevent escalation.",REAL,BBC News
413,2024,India-Pakistan Border Tension,Punjab Border,Security forces conducted an operation in Punjab Border following intelligence reports related to the India-Pakistan Border Tension. Officials confirmed the situation was brought under control without civilian casualties.,REAL,The Hindu
414,2025,Terror Attack Investigation,Srinagar,"Authorities reported developments related to the Terror Attack Investigation in Srinagar. According to official statements, security agencies responded promptly to maintain stability in the region.",REAL,Indian Express
415,2020,Counter-insurgency Operation,Baramulla,Government officials confirmed that the Counter-insurgency Operation in Baramulla involved coordinated efforts between the army and local police to ensure public safety.,REAL,Press Trust of India
416,2021,Manipur Ethnic Conflict,Imphal,"Defense officials released a statement regarding the Manipur Ethnic Conflict in Imphal, stating that troops were deployed to monitor the situation and prevent escalation.",REAL,Reuters
417,2022,Galwan Valley Clash,Ladakh,Security forces conducted an operation in Ladakh following intelligence reports related to the Galwan Valley Clash. Officials confirmed the situation was brought under control without civilian casualties.,REAL,BBC News
418,2023,Kashmir Militancy Encounter,Shopian,"Authorities reported developments related to the Kashmir Militancy Encounter in Shopian. According to official statements, security agencies responded promptly to maintain stability in the region.",REAL,The Hindu
419,2024,LoC Ceasefire Violation,Kupwara,Government officials confirmed that the LoC Ceasefire Violation in Kupwara involved coordinated efforts between the army and local police to ensure public safety.,REAL,Indian Express
420,2025,Cross-border Infiltration Attempt,Jammu & Kashmir,"Defense officials released a statement regarding the Cross-border Infiltration Attempt in Jammu & Kashmir, stating that troops were deployed to monitor the situation and prevent escalation.",REAL,Press Trust of India
421,2020,India-Pakistan Border Tension,Punjab Border,Security forces conducted an operation in Punjab Border following intelligence reports related to the India-Pakistan Border Tension. Officials confirmed the situation was brought under control without civilian casualties.,REAL,Reuters
422,2021,Terror Attack Investigation,Srinagar,"Authorities reported developments related to the Terror Attack Investigation in Srinagar. According to official statements, security agencies responded promptly to maintain stability in the region.",REAL,BBC News
423,2022,Counter-insurgency Operation,Baramulla,Government officials confirmed that the Counter-insurgency Operation in Baramulla involved coordinated efforts between the army and local police to ensure public safety.,REAL,The Hindu
424,2023,Manipur Ethnic Conflict,Imphal,"Defense officials released a statement regarding the Manipur Ethnic Conflict in Imphal, stating that troops were deployed to monitor the situation and prevent escalation.",REAL,Indian Express
425,2024,Galwan Valley Clash,Ladakh,Security forces conducted an operation in Ladakh following intelligence reports related to the Galwan Valley Clash. Officials confirmed the situation was brought under control without civilian casualties.,REAL,Press Trust of India
426,2025,Kashmir Militancy Encounter,Shopian,"Authorities reported developments related to the Kashmir Militancy Encounter in Shopian. According to official statements, security agencies responded promptly to maintain stability in the region.",REAL,Reuters
427,2020,LoC Ceasefire Violation,Kupwara,Government officials confirmed that the LoC Ceasefire Violation in Kupwara involved coordinated efforts between the army and local police to ensure public safety.,REAL,BBC News
428,2021,Cross-border Infiltration Attempt,Jammu & Kashmir,"Defense officials released a statement regarding the Cross-border Infiltration Attempt in Jammu & Kashmir, stating that troops were deployed to monitor the situation and prevent escalation.",REAL,The Hindu
429,2022,India-Pakistan Border Tension,Punjab Border,Security forces conducted an operation in Punjab Border following intelligence reports related to the India-Pakistan Border Tension. Officials confirmed the situation was brought under control without civilian casualties.,REAL,Indian Express
430,2023,Terror Attack Investigation,Srinagar,"Authorities reported developments related to the Terror Attack Investigation in Srinagar. According to official statements, security agencies responded promptly to maintain stability in the region.",REAL,Press Trust of India
431,2024,Counter-insurgency Operation,Baramulla,Government officials confirmed that the Counter-insurgency Operation in Baramulla involved coordinated efforts between the army and local police to ensure public safety.,REAL,Reuters
432,2025,Manipur Ethnic Conflict,Imphal,"Defense officials released a statement regarding the Manipur Ethnic Conflict in Imphal, stating that troops were deployed to monitor the situation and prevent escalation.",REAL,BBC News
433,2020,Galwan Valley Clash,Ladakh,Security forces conducted an operation in Ladakh following intelligence reports related to the Galwan Valley Clash. Officials confirmed the situation was brought under control without civilian casualties.,REAL,The Hindu
434,2021,Kashmir Militancy Encounter,Shopian,"Authorities reported developments related to the Kashmir Militancy Encounter in Shopian. According to official statements, security agencies responded promptly to maintain stability in the region.",REAL,Indian Express
435,2022,LoC Ceasefire Violation,Kupwara,Government officials confirmed that the LoC Ceasefire Violation in Kupwara involved coordinated efforts between the army and local police to ensure public safety.,REAL,Press Trust of India
436,2023,Cross-border Infiltration Attempt,Jammu & Kashmir,"Defense officials released a statement regarding the Cross-border Infiltration Attempt in Jammu & Kashmir, stating that troops were deployed to monitor the situation and prevent escalation.",REAL,Reuters
437,2024,India-Pakistan Border Tension,Punjab Border,Security forces conducted an operation in Punjab Border following intelligence reports related to the India-Pakistan Border Tension. Officials confirmed the situation was brought under control without civilian casualties.,REAL,BBC News
438,2025,Terror Attack Investigation,Srinagar,"Authorities reported developments related to the Terror Attack Investigation in Srinagar. According to official statements, security agencies responded promptly to maintain stability in the region.",REAL,The Hindu
439,2020,Counter-insurgency Operation,Baramulla,Government officials confirmed that the Counter-insurgency Operation in Baramulla involved coordinated efforts between the army and local police to ensure public safety.,REAL,Indian Express
440,2021,Manipur Ethnic Conflict,Imphal,"Defense officials released a statement regarding the Manipur Ethnic Conflict in Imphal, stating that troops were deployed to monitor the situation and prevent escalation.",REAL,Press Trust of India
441,2022,Galwan Valley Clash,Ladakh,Security forces conducted an operation in Ladakh following intelligence reports related to the Galwan Valley Clash. Officials confirmed the situation was brought under control without civilian casualties.,REAL,Reuters
442,2023,Kashmir Militancy Encounter,Shopian,"Authorities reported developments related to the Kashmir Militancy Encounter in Shopian. According to official statements, security agencies responded promptly to maintain stability in the region.",REAL,BBC News
443,2024,LoC Ceasefire Violation,Kupwara,Government officials confirmed that the LoC Ceasefire Violation in Kupwara involved coordinated efforts between the army and local police to ensure public safety.,REAL,The Hindu
444,2025,Cross-border Infiltration Attempt,Jammu & Kashmir,"Defense officials released a statement regarding the Cross-border Infiltration Attempt in Jammu & Kashmir, stating that troops were deployed to monitor the situation and prevent escalation.",REAL,Indian Express
445,2020,India-Pakistan Border Tension,Punjab Border,Security forces conducted an operation in Punjab Border following intelligence reports related to the India-Pakistan Border Tension. Officials confirmed the situation was brought under control without civilian casualties.,REAL,Press Trust of India
446,2021,Terror Attack Investigation,Srinagar,"Authorities reported developments related to the Terror Attack Investigation in Srinagar. According to official statements, security agencies responded promptly to maintain stability in the region.",REAL,Reuters
447,2022,Counter-insurgency Operation,Baramulla,Government officials confirmed that the Counter-insurgency Operation in Baramulla involved coordinated efforts between the army and local police to ensure public safety.,REAL,BBC News
448,2023,Manipur Ethnic Conflict,Imphal,"Defense officials released a statement regarding the Manipur Ethnic Conflict in Imphal, stating that troops were deployed to monitor the situation and prevent escalation.",REAL,The Hindu
449,2024,Galwan Valley Clash,Ladakh,Security forces conducted an operation in Ladakh following intelligence reports related to the Galwan Valley Clash. Officials confirmed the situation was brought under control without civilian casualties.,REAL,Indian Express
450,2025,Kashmir Militancy Encounter,Shopian,"Authorities reported developments related to the Kashmir Militancy Encounter in Shopian. According to official statements, security agencies responded promptly to maintain stability in the region.",REAL,Press Trust of India
451,2020,LoC Ceasefire Violation,Kupwara,Government officials confirmed that the LoC Ceasefire Violation in Kupwara involved coordinated efforts between the army and local police to ensure public safety.,REAL,Reuters
452,2021,Cross-border Infiltration Attempt,Jammu & Kashmir,"Defense officials released a statement regarding the Cross-border Infiltration Attempt in Jammu & Kashmir, stating that troops were deployed to monitor the situation and prevent escalation.",REAL,BBC News
453,2022,India-Pakistan Border Tension,Punjab Border,Security forces conducted an operation in Punjab Border following intelligence reports related to the India-Pakistan Border Tension. Officials confirmed the situation was brought under control without civilian casualties.,REAL,The Hindu
454,2023,Terror Attack Investigation,Srinagar,"Authorities reported developments related to the Terror Attack Investigation in Srinagar. According to official statements, security agencies responded promptly to maintain stability in the region.",REAL,Indian Express
455,2024,Counter-insurgency Operation,Baramulla,Government officials confirmed that the Counter-insurgency Operation in Baramulla involved coordinated efforts between the army and local police to ensure public safety.,REAL,Press Trust of India
456,2025,Manipur Ethnic Conflict,Imphal,"Defense officials released a statement regarding the Manipur Ethnic Conflict in Imphal, stating that troops were deployed to monitor the situation and prevent escalation.",REAL,Reuters
457,2020,Galwan Valley Clash,Ladakh,Security forces conducted an operation in Ladakh following intelligence reports related to the Galwan Valley Clash. Officials confirmed the situation was brought under control without civilian casualties.,REAL,BBC News
458,2021,Kashmir Militancy Encounter,Shopian,"Authorities reported developments related to the Kashmir Militancy Encounter in Shopian. According to official statements, security agencies responded promptly to maintain stability in the region.",REAL,The Hindu
459,2022,LoC Ceasefire Violation,Kupwara,Government officials confirmed that the LoC Ceasefire Violation in Kupwara involved coordinated efforts between the army and local police to ensure public safety.,REAL,Indian Express
460,2023,Cross-border Infiltration Attempt,Jammu & Kashmir,"Defense officials released a statement regarding the Cross-border Infiltration Attempt in Jammu & Kashmir, stating that troops were deployed to monitor the situation and prevent escalation.",REAL,Press Trust of India
461,2024,India-Pakistan Border Tension,Punjab Border,Security forces conducted an operation in Punjab Border following intelligence reports related to the India-Pakistan Border Tension. Officials confirmed the situation was brought under control without civilian casualties.,REAL,Reuters
462,2025,Terror Attack Investigation,Srinagar,"Authorities reported developments related to the Terror Attack Investigation in Srinagar. According to official statements, security agencies responded promptly to maintain stability in the region.",REAL,BBC News
463,2020,Counter-insurgency Operation,Baramulla,Government officials confirmed that the Counter-insurgency Operation in Baramulla involved coordinated efforts between the army and local police to ensure public safety.,REAL,The Hindu
464,2021,Manipur Ethnic Conflict,Imphal,"Defense officials released a statement regarding the Manipur Ethnic Conflict in Imphal, stating that troops were deployed to monitor the situation and prevent escalation.",REAL,Indian Express
465,2022,Galwan Valley Clash,Ladakh,Security forces conducted an operation in Ladakh following intelligence reports related to the Galwan Valley Clash. Officials confirmed the situation was brought under control without civilian casualties.,REAL,Press Trust of India
466,2023,Kashmir Militancy Encounter,Shopian,"Authorities reported developments related to the Kashmir Militancy Encounter in Shopian. According to official statements, security agencies responded promptly to maintain stability in the region.",REAL,Reuters
467,2024,LoC Ceasefire Violation,Kupwara,Government officials confirmed that the LoC Ceasefire Violation in Kupwara involved coordinated efforts between the army and local police to ensure public safety.,REAL,BBC News
468,2025,Cross-border Infiltration Attempt,Jammu & Kashmir,"Defense officials released a statement regarding the Cross-border Infiltration Attempt in Jammu & Kashmir, stating that troops were deployed to monitor the situation and prevent escalation.",REAL,The Hindu
469,2020,India-Pakistan Border Tension,Punjab Border,Security forces conducted an operation in Punjab Border following intelligence reports related to the India-Pakistan Border Tension. Officials confirmed the situation was brought under control without civilian casualties.,REAL,Indian Express
470,2021,Terror Attack Investigation,Srinagar,"Authorities reported developments related to the Terror Attack Investigation in Srinagar. According to official statements, security agencies responded promptly to maintain stability in the region.",REAL,Press Trust of India
471,2022,Counter-insurgency Operation,Baramulla,Government officials confirmed that the Counter-insurgency Operation in Baramulla involved coordinated efforts between the army and local police to ensure public safety.,REAL,Reuters
472,2023,Manipur Ethnic Conflict,Imphal,"Defense officials released a statement regarding the Manipur Ethnic Conflict in Imphal, stating that troops were deployed to monitor the situation and prevent escalation.",REAL,BBC News
473,2024,Galwan Valley Clash,Ladakh,Security forces conducted an operation in Ladakh following intelligence reports related to the Galwan Valley Clash. Officials confirmed the situation was brought under control without civilian casualties.,REAL,The Hindu
474,2025,Kashmir Militancy Encounter,Shopian,"Authorities reported developments related to the Kashmir Militancy Encounter in Shopian. According to official statements, security agencies responded promptly to maintain stability in the region.",REAL,Indian Express
475,2020,LoC Ceasefire Violation,Kupwara,Government officials confirmed that the LoC Ceasefire Violation in Kupwara involved coordinated efforts between the army and local police to ensure public safety.,REAL,Press Trust of India
476,2021,Cross-border Infiltration Attempt,Jammu & Kashmir,"Defense officials released a statement regarding the Cross-border Infiltration Attempt in Jammu & Kashmir, stating that troops were deployed to monitor the situation and prevent escalation.",REAL,Reuters
477,2022,India-Pakistan Border Tension,Punjab Border,Security forces conducted an operation in Punjab Border following intelligence reports related to the India-Pakistan Border Tension. Officials confirmed the situation was brought under control without civilian casualties.,REAL,BBC News
478,2023,Terror Attack Investigation,Srinagar,"Authorities reported developments related to the Terror Attack Investigation in Srinagar. According to official statements, security agencies responded promptly to maintain stability in the region.",REAL,The Hindu
479,2024,Counter-insurgency Operation,Baramulla,Government officials confirmed that the Counter-insurgency Operation in Baramulla involved coordinated efforts between the army and local police to ensure public safety.,REAL,Indian Express
480,2025,Manipur Ethnic Conflict,Imphal,"Defense officials released a statement regarding the Manipur Ethnic Conflict in Imphal, stating that troops were deployed to monitor the situation and prevent escalation.",REAL,Press Trust of India
481,2020,Galwan Valley Clash,Ladakh,Security forces conducted an operation in Ladakh following intelligence reports related to the Galwan Valley Clash. Officials confirmed the situation was brought under control without civilian casualties.,REAL,Reuters
482,2021,Kashmir Militancy Encounter,Shopian,"Authorities reported developments related to the Kashmir Militancy Encounter in Shopian. According to official statements, security agencies responded promptly to maintain stability in the region.",REAL,BBC News
483,2022,LoC Ceasefire Violation,Kupwara,Government officials confirmed that the LoC Ceasefire Violation in Kupwara involved coordinated efforts between the army and local police to ensure public safety.,REAL,The Hindu
484,2023,Cross-border Infiltration Attempt,Jammu & Kashmir,"Defense officials released a statement regarding the Cross-border Infiltration Attempt in Jammu & Kashmir, stating that troops were deployed to monitor the situation and prevent escalation.",REAL,Indian Express
485,2024,India-Pakistan Border Tension,Punjab Border,Security forces conducted an operation in Punjab Border following intelligence reports related to the India-Pakistan Border Tension. Officials confirmed the situation was brought under control without civilian casualties.,REAL,Press Trust of India
486,2025,Terror Attack Investigation,Srinagar,"Authorities reported developments related to the Terror Attack Investigation in Srinagar. According to official statements, security agencies responded promptly to maintain stability in the region.",REAL,Reuters
487,2020,Counter-insurgency Operation,Baramulla,Government officials confirmed that the Counter-insurgency Operation in Baramulla involved coordinated efforts between the army and local police to ensure public safety.,REAL,BBC News
488,2021,Manipur Ethnic Conflict,Imphal,"Defense officials released a statement regarding the Manipur Ethnic Conflict in Imphal, stating that troops were deployed to monitor the situation and prevent escalation.",REAL,The Hindu
489,2022,Galwan Valley Clash,Ladakh,Security forces conducted an operation in Ladakh following intelligence reports related to the Galwan Valley Clash. Officials confirmed the situation was brought under control without civilian casualties.,REAL,Indian Express
490,2023,Kashmir Militancy Encounter,Shopian,"Authorities reported developments related to the Kashmir Militancy Encounter in Shopian. According to official statements, security agencies responded promptly to maintain stability in the region.",REAL,Press Trust of India
491,2024,LoC Ceasefire Violation,Kupwara,Government officials confirmed that the LoC Ceasefire Violation in Kupwara involved coordinated efforts between the army and local police to ensure public safety.,REAL,Reuters
492,2025,Cross-border Infiltration Attempt,Jammu & Kashmir,"Defense officials released a statement regarding the Cross-border Infiltration Attempt in Jammu & Kashmir, stating that troops were deployed to monitor the situation and prevent escalation.",REAL,BBC News
493,2020,India-Pakistan Border Tension,Punjab Border,Security forces conducted an operation in Punjab Border following intelligence reports related to the India-Pakistan Border Tension. Officials confirmed the situation was brought under control without civilian casualties.,REAL,The Hindu
494,2021,Terror Attack Investigation,Srinagar,"Authorities reported developments related to the Terror Attack Investigation in Srinagar. According to official statements, security agencies responded promptly to maintain stability in the region.",REAL,Indian Express
495,2022,Counter-insurgency Operation,Baramulla,Government officials confirmed that the Counter-insurgency Operation in Baramulla involved coordinated efforts between the army and local police to ensure public safety.,REAL,Press Trust of India
496,2023,Manipur Ethnic Conflict,Imphal,"Defense officials released a statement regarding the Manipur Ethnic Conflict in Imphal, stating that troops were deployed to monitor the situation and prevent escalation.",REAL,Reuters
497,2024,Galwan Valley Clash,Ladakh,Security forces conducted an operation in Ladakh following intelligence reports related to the Galwan Valley Clash. Officials confirmed the situation was brought under control without civilian casualties.,REAL,BBC News
498,2025,Kashmir Militancy Encounter,Shopian,"Authorities reported developments related to the Kashmir Militancy Encounter in Shopian. According to official statements, security agencies responded promptly to maintain stability in the region.",REAL,The Hindu
499,2020,LoC Ceasefire Violation,Kupwara,Government officials confirmed that the LoC Ceasefire Violation in Kupwara involved coordinated efforts between the army and local police to ensure public safety.,REAL,Indian Express
500,2021,Cross-border Infiltration Attempt,Jammu & Kashmir,"Defense officials released a statement regarding the Cross-border Infiltration Attempt in Jammu & Kashmir, stating that troops were deployed to monitor the situation and prevent escalation.",REAL,Press Trust of India
501,2022,India-Pakistan Border Tension,Punjab Border,Security forces conducted an operation in Punjab Border following intelligence reports related to the India-Pakistan Border Tension. Officials confirmed the situation was brought under control without civilian casualties.,REAL,Reuters
502,2023,Terror Attack Investigation,Srinagar,"Authorities reported developments related to the Terror Attack Investigation in Srinagar. According to official statements, security agencies responded promptly to maintain stability in the region.",REAL,BBC News
503,2024,Counter-insurgency Operation,Baramulla,Government officials confirmed that the Counter-insurgency Operation in Baramulla involved coordinated efforts between the army and local police to ensure public safety.,REAL,The Hindu
504,2025,Manipur Ethnic Conflict,Imphal,"Defense officials released a statement regarding the Manipur Ethnic Conflict in Imphal, stating that troops were deployed to monitor the situation and prevent escalation.",REAL,Indian Express
505,2020,Galwan Valley Clash,Ladakh,Security forces conducted an operation in Ladakh following intelligence reports related to the Galwan Valley Clash. Officials confirmed the situation was brought under control without civilian casualties.,REAL,Press Trust of India
506,2021,Kashmir Militancy Encounter,Shopian,"Authorities reported developments related to the Kashmir Militancy Encounter in Shopian. According to official statements, security agencies responded promptly to maintain stability in the region.",REAL,Reuters
507,2022,LoC Ceasefire Violation,Kupwara,Government officials confirmed that the LoC Ceasefire Violation in Kupwara involved coordinated efforts between the army and local police to ensure public safety.,REAL,BBC News
508,2023,Cross-border Infiltration Attempt,Jammu & Kashmir,"Defense officials released a statement regarding the Cross-border Infiltration Attempt in Jammu & Kashmir, stating that troops were deployed to monitor the situation and prevent escalation.",REAL,The Hindu
509,2024,India-Pakistan Border Tension,Punjab Border,Security forces conducted an operation in Punjab Border following intelligence reports related to the India-Pakistan Border Tension. Officials confirmed the situation was brought under control without civilian casualties.,REAL,Indian Express
510,2025,Terror Attack Investigation,Srinagar,"Authorities reported developments related to the Terror Attack Investigation in Srinagar. According to official statements, security agencies responded promptly to maintain stability in the region.",REAL,Press Trust of India
511,2020,Counter-insurgency Operation,Baramulla,Government officials confirmed that the Counter-insurgency Operation in Baramulla involved coordinated efforts between the army and local police to ensure public safety.,REAL,Reuters
512,2021,Manipur Ethnic Conflict,Imphal,"Defense officials released a statement regarding the Manipur Ethnic Conflict in Imphal, stating that troops were deployed to monitor the situation and prevent escalation.",REAL,BBC News
513,2022,Galwan Valley Clash,Ladakh,Security forces conducted an operation in Ladakh following intelligence reports related to the Galwan Valley Clash. Officials confirmed the situation was brought under control without civilian casualties.,REAL,The Hindu
514,2023,Kashmir Militancy Encounter,Shopian,"Authorities reported developments related to the Kashmir Militancy Encounter in Shopian. According to official statements, security agencies responded promptly to maintain stability in the region.",REAL,Indian Express
515,2024,LoC Ceasefire Violation,Kupwara,Government officials confirmed that the LoC Ceasefire Violation in Kupwara involved coordinated efforts between the army and local police to ensure public safety.,REAL,Press Trust of India
516,2025,Cross-border Infiltration Attempt,Jammu & Kashmir,"Defense officials released a statement regarding the Cross-border Infiltration Attempt in Jammu & Kashmir, stating that troops were deployed to monitor the situation and prevent escalation.",REAL,Reuters
517,2020,India-Pakistan Border Tension,Punjab Border,Security forces conducted an operation in Punjab Border following intelligence reports related to the India-Pakistan Border Tension. Officials confirmed the situation was brought under control without civilian casualties.,REAL,BBC News
518,2021,Terror Attack Investigation,Srinagar,"Authorities reported developments related to the Terror Attack Investigation in Srinagar. According to official statements, security agencies responded promptly to maintain stability in the region.",REAL,The Hindu
519,2022,Counter-insurgency Operation,Baramulla,Government officials confirmed that the Counter-insurgency Operation in Baramulla involved coordinated efforts between the army and local police to ensure public safety.,REAL,Indian Express
520,2023,Manipur Ethnic Conflict,Imphal,"Defense officials released a statement regarding the Manipur Ethnic Conflict in Imphal, stating that troops were deployed to monitor the situation and prevent escalation.",REAL,Press Trust of India
521,2024,Galwan Valley Clash,Ladakh,Security forces conducted an operation in Ladakh following intelligence reports related to the Galwan Valley Clash. Officials confirmed the situation was brought under control without civilian casualties.,REAL,Reuters
522,2025,Kashmir Militancy Encounter,Shopian,"Authorities reported developments related to the Kashmir Militancy Encounter in Shopian. According to official statements, security agencies responded promptly to maintain stability in the region.",REAL,BBC News
523,2020,LoC Ceasefire Violation,Kupwara,Government officials confirmed that the LoC Ceasefire Violation in Kupwara involved coordinated efforts between the army and local police to ensure public safety.,REAL,The Hindu
524,2021,Cross-border Infiltration Attempt,Jammu & Kashmir,"Defense officials released a statement regarding the Cross-border Infiltration Attempt in Jammu & Kashmir, stating that troops were deployed to monitor the situation and prevent escalation.",REAL,Indian Express
525,2022,India-Pakistan Border Tension,Punjab Border,Security forces conducted an operation in Punjab Border following intelligence reports related to the India-Pakistan Border Tension. Officials confirmed the situation was brought under control without civilian casualties.,REAL,Press Trust of India
526,2023,Terror Attack Investigation,Srinagar,"Authorities reported developments related to the Terror Attack Investigation in Srinagar. According to official statements, security agencies responded promptly to maintain stability in the region.",REAL,Reuters
527,2024,Counter-insurgency Operation,Baramulla,Government officials confirmed that the Counter-insurgency Operation in Baramulla involved coordinated efforts between the army and local police to ensure public safety.,REAL,BBC News
528,2025,Manipur Ethnic Conflict,Imphal,"Defense officials released a statement regarding the Manipur Ethnic Conflict in Imphal, stating that troops were deployed to monitor the situation and prevent escalation.",REAL,The Hindu
529,2020,Galwan Valley Clash,Ladakh,Security forces conducted an operation in Ladakh following intelligence reports related to the Galwan Valley Clash. Officials confirmed the situation was brought under control without civilian casualties.,REAL,Indian Express
530,2021,Kashmir Militancy Encounter,Shopian,"Authorities reported developments related to the Kashmir Militancy Encounter in Shopian. According to official statements, security agencies responded promptly to maintain stability in the region.",REAL,Press Trust of India
531,2022,LoC Ceasefire Violation,Kupwara,Government officials confirmed that the LoC Ceasefire Violation in Kupwara involved coordinated efforts between the army and local police to ensure public safety.,REAL,Reuters
532,2023,Cross-border Infiltration Attempt,Jammu & Kashmir,"Defense officials released a statement regarding the Cross-border Infiltration Attempt in Jammu & Kashmir, stating that troops were deployed to monitor the situation and prevent escalation.",REAL,BBC News
533,2024,India-Pakistan Border Tension,Punjab Border,Security forces conducted an operation in Punjab Border following intelligence reports related to the India-Pakistan Border Tension. Officials confirmed the situation was brought under control without civilian casualties.,REAL,The Hindu
534,2025,Terror Attack Investigation,Srinagar,"Authorities reported developments related to the Terror Attack Investigation in Srinagar. According to official statements, security agencies responded promptly to maintain stability in the region.",REAL,Indian Express
535,2020,Counter-insurgency Operation,Baramulla,Government officials confirmed that the Counter-insurgency Operation in Baramulla involved coordinated efforts between the army and local police to ensure public safety.,REAL,Press Trust of India
536,2021,Manipur Ethnic Conflict,Imphal,"Defense officials released a statement regarding the Manipur Ethnic Conflict in Imphal, stating that troops were deployed to monitor the situation and prevent escalation.",REAL,Reuters
537,2022,Galwan Valley Clash,Ladakh,Security forces conducted an operation in Ladakh following intelligence reports related to the Galwan Valley Clash. Officials confirmed the situation was brought under control without civilian casualties.,REAL,BBC News
538,2023,Kashmir Militancy Encounter,Shopian,"Authorities reported developments related to the Kashmir Militancy Encounter in Shopian. According to official statements, security agencies responded promptly to maintain stability in the region.",REAL,The Hindu
539,2024,LoC Ceasefire Violation,Kupwara,Government officials confirmed that the LoC Ceasefire Violation in Kupwara involved coordinated efforts between the army and local police to ensure public safety.,REAL,Indian Express
540,2025,Cross-border Infiltration Attempt,Jammu & Kashmir,"Defense officials released a statement regarding the Cross-border Infiltration Attempt in Jammu & Kashmir, stating that troops were deployed to monitor the situation and prevent escalation.",REAL,Press Trust of India
541,2020,India-Pakistan Border Tension,Punjab Border,Security forces conducted an operation in Punjab Border following intelligence reports related to the India-Pakistan Border Tension. Officials confirmed the situation was brought under control without civilian casualties.,REAL,Reuters
542,2021,Terror Attack Investigation,Srinagar,"Authorities reported developments related to the Terror Attack Investigation in Srinagar. According to official statements, security agencies responded promptly to maintain stability in the region.",REAL,BBC News
543,2022,Counter-insurgency Operation,Baramulla,Government officials confirmed that the Counter-insurgency Operation in Baramulla involved coordinated efforts between the army and local police to ensure public safety.,REAL,The Hindu
544,2023,Manipur Ethnic Conflict,Imphal,"Defense officials released a statement regarding the Manipur Ethnic Conflict in Imphal, stating that troops were deployed to monitor the situation and prevent escalation.",REAL,Indian Express
545,2024,Galwan Valley Clash,Ladakh,Security forces conducted an operation in Ladakh following intelligence reports related to the Galwan Valley Clash. Officials confirmed the situation was brought under control without civilian casualties.,REAL,Press Trust of India
546,2025,Kashmir Militancy Encounter,Shopian,"Authorities reported developments related to the Kashmir Militancy Encounter in Shopian. According to official statements, security agencies responded promptly to maintain stability in the region.",REAL,Reuters
547,2020,LoC Ceasefire Violation,Kupwara,Government officials confirmed that the LoC Ceasefire Violation in Kupwara involved coordinated efforts between the army and local police to ensure public safety.,REAL,BBC News
548,2021,Cross-border Infiltration Attempt,Jammu & Kashmir,"Defense officials released a statement regarding the Cross-border Infiltration Attempt in Jammu & Kashmir, stating that troops were deployed to monitor the situation and prevent escalation.",REAL,The Hindu
549,2022,India-Pakistan Border Tension,Punjab Border,Security forces conducted an operation in Punjab Border following intelligence reports related to the India-Pakistan Border Tension. Officials confirmed the situation was brought under control without civilian casualties.,REAL,Indian Express
550,2023,Terror Attack Investigation,Srinagar,"Authorities reported developments related to the Terror Attack Investigation in Srinagar. According to official statements, security agencies responded promptly to maintain stability in the region.",REAL,Press Trust of India
551,2024,Counter-insurgency Operation,Baramulla,Government officials confirmed that the Counter-insurgency Operation in Baramulla involved coordinated efforts between the army and local police to ensure public safety.,REAL,Reuters
552,2025,Manipur Ethnic Conflict,Imphal,"Defense officials released a statement regarding the Manipur Ethnic Conflict in Imphal, stating that troops were deployed to monitor the situation and prevent escalation.",REAL,BBC News
553,2020,Galwan Valley Clash,Ladakh,Security forces conducted an operation in Ladakh following intelligence reports related to the Galwan Valley Clash. Officials confirmed the situation was brought under control without civilian casualties.,REAL,The Hindu
554,2021,Kashmir Militancy Encounter,Shopian,"Authorities reported developments related to the Kashmir Militancy Encounter in Shopian. According to official statements, security agencies responded promptly to maintain stability in the region.",REAL,Indian Express
555,2022,LoC Ceasefire Violation,Kupwara,Government officials confirmed that the LoC Ceasefire Violation in Kupwara involved coordinated efforts between the army and local police to ensure public safety.,REAL,Press Trust of India
556,2023,Cross-border Infiltration Attempt,Jammu & Kashmir,"Defense officials released a statement regarding the Cross-border Infiltration Attempt in Jammu & Kashmir, stating that troops were deployed to monitor the situation and prevent escalation.",REAL,Reuters
557,2024,India-Pakistan Border Tension,Punjab Border,Security forces conducted an operation in Punjab Border following intelligence reports related to the India-Pakistan Border Tension. Officials confirmed the situation was brought under control without civilian casualties.,REAL,BBC News
558,2025,Terror Attack Investigation,Srinagar,"Authorities reported developments related to the Terror Attack Investigation in Srinagar. According to official statements, security agencies responded promptly to maintain stability in the region.",REAL,The Hindu
559,2020,Counter-insurgency Operation,Baramulla,Government officials confirmed that the Counter-insurgency Operation in Baramulla involved coordinated efforts between the army and local police to ensure public safety.,REAL,Indian Express
560,2021,Manipur Ethnic Conflict,Imphal,"Defense officials released a statement regarding the Manipur Ethnic Conflict in Imphal, stating that troops were deployed to monitor the situation and prevent escalation.",REAL,Press Trust of India
561,2022,Galwan Valley Clash,Ladakh,Security forces conducted an operation in Ladakh following intelligence reports related to the Galwan Valley Clash. Officials confirmed the situation was brought under control without civilian casualties.,REAL,Reuters
562,2023,Kashmir Militancy Encounter,Shopian,"Authorities reported developments related to the Kashmir Militancy Encounter in Shopian. According to official statements, security agencies responded promptly to maintain stability in the region.",REAL,BBC News
563,2024,LoC Ceasefire Violation,Kupwara,Government officials confirmed that the LoC Ceasefire Violation in Kupwara involved coordinated efforts between the army and local police to ensure public safety.,REAL,The Hindu
564,2025,Cross-border Infiltration Attempt,Jammu & Kashmir,"Defense officials released a statement regarding the Cross-border Infiltration Attempt in Jammu & Kashmir, stating that troops were deployed to monitor the situation and prevent escalation.",REAL,Indian Express
565,2020,India-Pakistan Border Tension,Punjab Border,Security forces conducted an operation in Punjab Border following intelligence reports related to the India-Pakistan Border Tension. Officials confirmed the situation was brought under control without civilian casualties.,REAL,Press Trust of India
566,2021,Terror Attack Investigation,Srinagar,"Authorities reported developments related to the Terror Attack Investigation in Srinagar. According to official statements, security agencies responded promptly to maintain stability in the region.",REAL,Reuters
567,2022,Counter-insurgency Operation,Baramulla,Government officials confirmed that the Counter-insurgency Operation in Baramulla involved coordinated efforts between the army and local police to ensure public safety.,REAL,BBC News
568,2023,Manipur Ethnic Conflict,Imphal,"Defense officials released a statement regarding the Manipur Ethnic Conflict in Imphal, stating that troops were deployed to monitor the situation and prevent escalation.",REAL,The Hindu
569,2024,Galwan Valley Clash,Ladakh,Security forces conducted an operation in Ladakh following intelligence reports related to the Galwan Valley Clash. Officials confirmed the situation was brought under control without civilian casualties.,REAL,Indian Express
570,2025,Kashmir Militancy Encounter,Shopian,"Authorities reported developments related to the Kashmir Militancy Encounter in Shopian. According to official statements, security agencies responded promptly to maintain stability in the region.",REAL,Press Trust of India
571,2020,LoC Ceasefire Violation,Kupwara,Government officials confirmed that the LoC Ceasefire Violation in Kupwara involved coordinated efforts between the army and local police to ensure public safety.,REAL,Reuters
572,2021,Cross-border Infiltration Attempt,Jammu & Kashmir,"Defense officials released a statement regarding the Cross-border Infiltration Attempt in Jammu & Kashmir, stating that troops were deployed to monitor the situation and prevent escalation.",REAL,BBC News
573,2022,India-Pakistan Border Tension,Punjab Border,Security forces conducted an operation in Punjab Border following intelligence reports related to the India-Pakistan Border Tension. Officials confirmed the situation was brought under control without civilian casualties.,REAL,The Hindu
574,2023,Terror Attack Investigation,Srinagar,"Authorities reported developments related to the Terror Attack Investigation in Srinagar. According to official statements, security agencies responded promptly to maintain stability in the region.",REAL,Indian Express
575,2024,Counter-insurgency Operation,Baramulla,Government officials confirmed that the Counter-insurgency Operation in Baramulla involved coordinated efforts between the army and local police to ensure public safety.,REAL,Press Trust of India
576,2025,Manipur Ethnic Conflict,Imphal,"Defense officials released a statement regarding the Manipur Ethnic Conflict in Imphal, stating that troops were deployed to monitor the situation and prevent escalation.",REAL,Reuters
577,2020,Galwan Valley Clash,Ladakh,Security forces conducted an operation in Ladakh following intelligence reports related to the Galwan Valley Clash. Officials confirmed the situation was brought under control without civilian casualties.,REAL,BBC News
578,2021,Kashmir Militancy Encounter,Shopian,"Authorities reported developments related to the Kashmir Militancy Encounter in Shopian. According to official statements, security agencies responded promptly to maintain stability in the region.",REAL,The Hindu
579,2022,LoC Ceasefire Violation,Kupwara,Government officials confirmed that the LoC Ceasefire Violation in Kupwara involved coordinated efforts between the army and local police to ensure public safety.,REAL,Indian Express
580,2023,Cross-border Infiltration Attempt,Jammu & Kashmir,"Defense officials released a statement regarding the Cross-border Infiltration Attempt in Jammu & Kashmir, stating that troops were deployed to monitor the situation and prevent escalation.",REAL,Press Trust of India
581,2024,India-Pakistan Border Tension,Punjab Border,Security forces conducted an operation in Punjab Border following intelligence reports related to the India-Pakistan Border Tension. Officials confirmed the situation was brought under control without civilian casualties.,REAL,Reuters
582,2025,Terror Attack Investigation,Srinagar,"Authorities reported developments related to the Terror Attack Investigation in Srinagar. According to official statements, security agencies responded promptly to maintain stability in the region.",REAL,BBC News
583,2020,Counter-insurgency Operation,Baramulla,Government officials confirmed that the Counter-insurgency Operation in Baramulla involved coordinated efforts between the army and local police to ensure public safety.,REAL,The Hindu
584,2021,Manipur Ethnic Conflict,Imphal,"Defense officials released a statement regarding the Manipur Ethnic Conflict in Imphal, stating that troops were deployed to monitor the situation and prevent escalation.",REAL,Indian Express
585,2022,Galwan Valley Clash,Ladakh,Security forces conducted an operation in Ladakh following intelligence reports related to the Galwan Valley Clash. Officials confirmed the situation was brought under control without civilian casualties.,REAL,Press Trust of India
586,2023,Kashmir Militancy Encounter,Shopian,"Authorities reported developments related to the Kashmir Militancy Encounter in Shopian. According to official statements, security agencies responded promptly to maintain stability in the region.",REAL,Reuters
587,2024,LoC Ceasefire Violation,Kupwara,Government officials confirmed that the LoC Ceasefire Violation in Kupwara involved coordinated efforts between the army and local police to ensure public safety.,REAL,BBC News
588,2025,Cross-border Infiltration Attempt,Jammu & Kashmir,"Defense officials released a statement regarding the Cross-border Infiltration Attempt in Jammu & Kashmir, stating that troops were deployed to monitor the situation and prevent escalation.",REAL,The Hindu
589,2020,India-Pakistan Border Tension,Punjab Border,Security forces conducted an operation in Punjab Border following intelligence reports related to the India-Pakistan Border Tension. Officials confirmed the situation was brought under control without civilian casualties.,REAL,Indian Express
590,2021,Terror Attack Investigation,Srinagar,"Authorities reported developments related to the Terror Attack Investigation in Srinagar. According to official statements, security agencies responded promptly to maintain stability in the region.",REAL,Press Trust of India
591,2022,Counter-insurgency Operation,Baramulla,Government officials confirmed that the Counter-insurgency Operation in Baramulla involved coordinated efforts between the army and local police to ensure public safety.,REAL,Reuters
592,2023,Manipur Ethnic Conflict,Imphal,"Defense officials released a statement regarding the Manipur Ethnic Conflict in Imphal, stating that troops were deployed to monitor the situation and prevent escalation.",REAL,BBC News
593,2024,Galwan Valley Clash,Ladakh,Security forces conducted an operation in Ladakh following intelligence reports related to the Galwan Valley Clash. Officials confirmed the situation was brought under control without civilian casualties.,REAL,The Hindu
594,2025,Kashmir Militancy Encounter,Shopian,"Authorities reported developments related to the Kashmir Militancy Encounter in Shopian. According to official statements, security agencies responded promptly to maintain stability in the region.",REAL,Indian Express
595,2020,LoC Ceasefire Violation,Kupwara,Government officials confirmed that the LoC Ceasefire Violation in Kupwara involved coordinated efforts between the army and local police to ensure public safety.,REAL,Press Trust of India
596,2021,Cross-border Infiltration Attempt,Jammu & Kashmir,"Defense officials released a statement regarding the Cross-border Infiltration Attempt in Jammu & Kashmir, stating that troops were deployed to monitor the situation and prevent escalation.",REAL,Reuters
597,2022,India-Pakistan Border Tension,Punjab Border,Security forces conducted an operation in Punjab Border following intelligence reports related to the India-Pakistan Border Tension. Officials confirmed the situation was brought under control without civilian casualties.,REAL,BBC News
598,2023,Terror Attack Investigation,Srinagar,"Authorities reported developments related to the Terror Attack Investigation in Srinagar. According to official statements, security agencies responded promptly to maintain stability in the region.",REAL,The Hindu
599,2024,Counter-insurgency Operation,Baramulla,Government officials confirmed that the Counter-insurgency Operation in Baramulla involved coordinated efforts between the army and local police to ensure public safety.,REAL,Indian Express
600,2025,Manipur Ethnic Conflict,Imphal,"Defense officials released a statement regarding the Manipur Ethnic Conflict in Imphal, stating that troops were deployed to monitor the situation and prevent escalation.",REAL,Press Trust of India
601,2020,Galwan Valley Clash,Ladakh,Security forces conducted an operation in Ladakh following intelligence reports related to the Galwan Valley Clash. Officials confirmed the situation was brought under control without civilian casualties.,REAL,Reuters
602,2021,Kashmir Militancy Encounter,Shopian,"Authorities reported developments related to the Kashmir Militancy Encounter in Shopian. According to official statements, security agencies responded promptly to maintain stability in the region.",REAL,BBC News
603,2022,LoC Ceasefire Violation,Kupwara,Government officials confirmed that the LoC Ceasefire Violation in Kupwara involved coordinated efforts between the army and local police to ensure public safety.,REAL,The Hindu
604,2023,Cross-border Infiltration Attempt,Jammu & Kashmir,"Defense officials released a statement regarding the Cross-border Infiltration Attempt in Jammu & Kashmir, stating that troops were deployed to monitor the situation and prevent escalation.",REAL,Indian Express
605,2024,India-Pakistan Border Tension,Punjab Border,Security forces conducted an operation in Punjab Border following intelligence reports related to the India-Pakistan Border Tension. Officials confirmed the situation was brought under control without civilian casualties.,REAL,Press Trust of India
606,2025,Terror Attack Investigation,Srinagar,"Authorities reported developments related to the Terror Attack Investigation in Srinagar. According to official statements, security agencies responded promptly to maintain stability in the region.",REAL,Reuters
607,2020,Counter-insurgency Operation,Baramulla,Government officials confirmed that the Counter-insurgency Operation in Baramulla involved coordinated efforts between the army and local police to ensure public safety.,REAL,BBC News
608,2021,Manipur Ethnic Conflict,Imphal,"Defense officials released a statement regarding the Manipur Ethnic Conflict in Imphal, stating that troops were deployed to monitor the situation and prevent escalation.",REAL,The Hindu
609,2022,Galwan Valley Clash,Ladakh,Security forces conducted an operation in Ladakh following intelligence reports related to the Galwan Valley Clash. Officials confirmed the situation was brought under control without civilian casualties.,REAL,Indian Express
610,2023,Kashmir Militancy Encounter,Shopian,"Authorities reported developments related to the Kashmir Militancy Encounter in Shopian. According to official statements, security agencies responded promptly to maintain stability in the region.",REAL,Press Trust of India
611,2024,LoC Ceasefire Violation,Kupwara,Government officials confirmed that the LoC Ceasefire Violation in Kupwara involved coordinated efforts between the army and local police to ensure public safety.,REAL,Reuters
612,2025,Cross-border Infiltration Attempt,Jammu & Kashmir,"Defense officials released a statement regarding the Cross-border Infiltration Attempt in Jammu & Kashmir, stating that troops were deployed to monitor the situation and prevent escalation.",REAL,BBC News
613,2020,India-Pakistan Border Tension,Punjab Border,Security forces conducted an operation in Punjab Border following intelligence reports related to the India-Pakistan Border Tension. Officials confirmed the situation was brought under control without civilian casualties.,REAL,The Hindu
614,2021,Terror Attack Investigation,Srinagar,"Authorities reported developments related to the Terror Attack Investigation in Srinagar. According to official statements, security agencies responded promptly to maintain stability in the region.",REAL,Indian Express
615,2022,Counter-insurgency Operation,Baramulla,Government officials confirmed that the Counter-insurgency Operation in Baramulla involved coordinated efforts between the army and local police to ensure public safety.,REAL,Press Trust of India
616,2023,Manipur Ethnic Conflict,Imphal,"Defense officials released a statement regarding the Manipur Ethnic Conflict in Imphal, stating that troops were deployed to monitor the situation and prevent escalation.",REAL,Reuters
617,2024,Galwan Valley Clash,Ladakh,Security forces conducted an operation in Ladakh following intelligence reports related to the Galwan Valley Clash. Officials confirmed the situation was brought under control without civilian casualties.,REAL,BBC News
618,2025,Kashmir Militancy Encounter,Shopian,"Authorities reported developments related to the Kashmir Militancy Encounter in Shopian. According to official statements, security agencies responded promptly to maintain stability in the region.",REAL,The Hindu
619,2020,LoC Ceasefire Violation,Kupwara,Government officials confirmed that the LoC Ceasefire Violation in Kupwara involved coordinated efforts between the army and local police to ensure public safety.,REAL,Indian Express
620,2021,Cross-border Infiltration Attempt,Jammu & Kashmir,"Defense officials released a statement regarding the Cross-border Infiltration Attempt in Jammu & Kashmir, stating that troops were deployed to monitor the situation and prevent escalation.",REAL,Press Trust of India
621,2022,India-Pakistan Border Tension,Punjab Border,Security forces conducted an operation in Punjab Border following intelligence reports related to the India-Pakistan Border Tension. Officials confirmed the situation was brought under control without civilian casualties.,REAL,Reuters
622,2023,Terror Attack Investigation,Srinagar,"Authorities reported developments related to the Terror Attack Investigation in Srinagar. According to official statements, security agencies responded promptly to maintain stability in the region.",REAL,BBC News
623,2024,Counter-insurgency Operation,Baramulla,Government officials confirmed that the Counter-insurgency Operation in Baramulla involved coordinated efforts between the army and local police to ensure public safety.,REAL,The Hindu
624,2025,Manipur Ethnic Conflict,Imphal,"Defense officials released a statement regarding the Manipur Ethnic Conflict in Imphal, stating that troops were deployed to monitor the situation and prevent escalation.",REAL,Indian Express
625,2020,Galwan Valley Clash,Ladakh,Security forces conducted an operation in Ladakh following intelligence reports related to the Galwan Valley Clash. Officials confirmed the situation was brought under control without civilian casualties.,REAL,Press Trust of India
626,2021,Kashmir Militancy Encounter,Shopian,"Authorities reported developments related to the Kashmir Militancy Encounter in Shopian. According to official statements, security agencies responded promptly to maintain stability in the region.",REAL,Reuters
627,2022,LoC Ceasefire Violation,Kupwara,Government officials confirmed that the LoC Ceasefire Violation in Kupwara involved coordinated efforts between the army and local police to ensure public safety.,REAL,BBC News
628,2023,Cross-border Infiltration Attempt,Jammu & Kashmir,"Defense officials released a statement regarding the Cross-border Infiltration Attempt in Jammu & Kashmir, stating that troops were deployed to monitor the situation and prevent escalation.",REAL,The Hindu
629,2024,India-Pakistan Border Tension,Punjab Border,Security forces conducted an operation in Punjab Border following intelligence reports related to the India-Pakistan Border Tension. Officials confirmed the situation was brought under control without civilian casualties.,REAL,Indian Express
630,2025,Terror Attack Investigation,Srinagar,"Authorities reported developments related to the Terror Attack Investigation in Srinagar. According to official statements, security agencies responded promptly to maintain stability in the region.",REAL,Press Trust of India
631,2020,Counter-insurgency Operation,Baramulla,Government officials confirmed that the Counter-insurgency Operation in Baramulla involved coordinated efforts between the army and local police to ensure public safety.,REAL,Reuters
632,2021,Manipur Ethnic Conflict,Imphal,"Defense officials released a statement regarding the Manipur Ethnic Conflict in Imphal, stating that troops were deployed to monitor the situation and prevent escalation.",REAL,BBC News
633,2022,Galwan Valley Clash,Ladakh,Security forces conducted an operation in Ladakh following intelligence reports related to the Galwan Valley Clash. Officials confirmed the situation was brought under control without civilian casualties.,REAL,The Hindu
634,2023,Kashmir Militancy Encounter,Shopian,"Authorities reported developments related to the Kashmir Militancy Encounter in Shopian. According to official statements, security agencies responded promptly to maintain stability in the region.",REAL,Indian Express
635,2024,LoC Ceasefire Violation,Kupwara,Government officials confirmed that the LoC Ceasefire Violation in Kupwara involved coordinated efforts between the army and local police to ensure public safety.,REAL,Press Trust of India
636,2025,Cross-border Infiltration Attempt,Jammu & Kashmir,"Defense officials released a statement regarding the Cross-border Infiltration Attempt in Jammu & Kashmir, stating that troops were deployed to monitor the situation and prevent escalation.",REAL,Reuters
637,2020,India-Pakistan Border Tension,Punjab Border,Security forces conducted an operation in Punjab Border following intelligence reports related to the India-Pakistan Border Tension. Officials confirmed the situation was brought under control without civilian casualties.,REAL,BBC News
638,2021,Terror Attack Investigation,Srinagar,"Authorities reported developments related to the Terror Attack Investigation in Srinagar. According to official statements, security agencies responded promptly to maintain stability in the region.",REAL,The Hindu
639,2022,Counter-insurgency Operation,Baramulla,Government officials confirmed that the Counter-insurgency Operation in Baramulla involved coordinated efforts between the army and local police to ensure public safety.,REAL,Indian Express
640,2023,Manipur Ethnic Conflict,Imphal,"Defense officials released a statement regarding the Manipur Ethnic Conflict in Imphal, stating that troops were deployed to monitor the situation and prevent escalation.",REAL,Press Trust of India
641,2024,Galwan Valley Clash,Ladakh,Security forces conducted an operation in Ladakh following intelligence reports related to the Galwan Valley Clash. Officials confirmed the situation was brought under control without civilian casualties.,REAL,Reuters
642,2025,Kashmir Militancy Encounter,Shopian,"Authorities reported developments related to the Kashmir Militancy Encounter in Shopian. According to official statements, security agencies responded promptly to maintain stability in the region.",REAL,BBC News
643,2020,LoC Ceasefire Violation,Kupwara,Government officials confirmed that the LoC Ceasefire Violation in Kupwara involved coordinated efforts between the army and local police to ensure public safety.,REAL,The Hindu
644,2021,Cross-border Infiltration Attempt,Jammu & Kashmir,"Defense officials released a statement regarding the Cross-border Infiltration Attempt in Jammu & Kashmir, stating that troops were deployed to monitor the situation and prevent escalation.",REAL,Indian Express
645,2022,India-Pakistan Border Tension,Punjab Border,Security forces conducted an operation in Punjab Border following intelligence reports related to the India-Pakistan Border Tension. Officials confirmed the situation was brought under control without civilian casualties.,REAL,Press Trust of India
646,2023,Terror Attack Investigation,Srinagar,"Authorities reported developments related to the Terror Attack Investigation in Srinagar. According to official statements, security agencies responded promptly to maintain stability in the region.",REAL,Reuters
647,2024,Counter-insurgency Operation,Baramulla,Government officials confirmed that the Counter-insurgency Operation in Baramulla involved coordinated efforts between the army and local police to ensure public safety.,REAL,BBC News
648,2025,Manipur Ethnic Conflict,Imphal,"Defense officials released a statement regarding the Manipur Ethnic Conflict in Imphal, stating that troops were deployed to monitor the situation and prevent escalation.",REAL,The Hindu
649,2020,Galwan Valley Clash,Ladakh,Security forces conducted an operation in Ladakh following intelligence reports related to the Galwan Valley Clash. Officials confirmed the situation was brought under control without civilian casualties.,REAL,Indian Express
650,2021,Kashmir Militancy Encounter,Shopian,"Authorities reported developments related to the Kashmir Militancy Encounter in Shopian. According to official statements, security agencies responded promptly to maintain stability in the region.",REAL,Press Trust of India
651,2022,LoC Ceasefire Violation,Kupwara,Government officials confirmed that the LoC Ceasefire Violation in Kupwara involved coordinated efforts between the army and local police to ensure public safety.,REAL,Reuters
652,2023,Cross-border Infiltration Attempt,Jammu & Kashmir,"Defense officials released a statement regarding the Cross-border Infiltration Attempt in Jammu & Kashmir, stating that troops were deployed to monitor the situation and prevent escalation.",REAL,BBC News
653,2024,India-Pakistan Border Tension,Punjab Border,Security forces conducted an operation in Punjab Border following intelligence reports related to the India-Pakistan Border Tension. Officials confirmed the situation was brought under control without civilian casualties.,REAL,The Hindu
654,2025,Terror Attack Investigation,Srinagar,"Authorities reported developments related to the Terror Attack Investigation in Srinagar. According to official statements, security agencies responded promptly to maintain stability in the region.",REAL,Indian Express
655,2020,Counter-insurgency Operation,Baramulla,Government officials confirmed that the Counter-insurgency Operation in Baramulla involved coordinated efforts between the army and local police to ensure public safety.,REAL,Press Trust of India
656,2021,Manipur Ethnic Conflict,Imphal,"Defense officials released a statement regarding the Manipur Ethnic Conflict in Imphal, stating that troops were deployed to monitor the situation and prevent escalation.",REAL,Reuters
657,2022,Galwan Valley Clash,Ladakh,Security forces conducted an operation in Ladakh following intelligence reports related to the Galwan Valley Clash. Officials confirmed the situation was brought under control without civilian casualties.,REAL,BBC News
658,2023,Kashmir Militancy Encounter,Shopian,"Authorities reported developments related to the Kashmir Militancy Encounter in Shopian. According to official statements, security agencies responded promptly to maintain stability in the region.",REAL,The Hindu
659,2024,LoC Ceasefire Violation,Kupwara,Government officials confirmed that the LoC Ceasefire Violation in Kupwara involved coordinated efforts between the army and local police to ensure public safety.,REAL,Indian Express
660,2025,Cross-border Infiltration Attempt,Jammu & Kashmir,"Defense officials released a statement regarding the Cross-border Infiltration Attempt in Jammu & Kashmir, stating that troops were deployed to monitor the situation and prevent escalation.",REAL,Press Trust of India
661,2020,India-Pakistan Border Tension,Punjab Border,Security forces conducted an operation in Punjab Border following intelligence reports related to the India-Pakistan Border Tension. Officials confirmed the situation was brought under control without civilian casualties.,REAL,Reuters
662,2021,Terror Attack Investigation,Srinagar,"Authorities reported developments related to the Terror Attack Investigation in Srinagar. According to official statements, security agencies responded promptly to maintain stability in the region.",REAL,BBC News
663,2022,Counter-insurgency Operation,Baramulla,Government officials confirmed that the Counter-insurgency Operation in Baramulla involved coordinated efforts between the army and local police to ensure public safety.,REAL,The Hindu
664,2023,Manipur Ethnic Conflict,Imphal,"Defense officials released a statement regarding the Manipur Ethnic Conflict in Imphal, stating that troops were deployed to monitor the situation and prevent escalation.",REAL,Indian Express
665,2024,Galwan Valley Clash,Ladakh,Security forces conducted an operation in Ladakh following intelligence reports related to the Galwan Valley Clash. Officials confirmed the situation was brought under control without civilian casualties.,REAL,Press Trust of India
666,2025,Kashmir Militancy Encounter,Shopian,"Authorities reported developments related to the Kashmir Militancy Encounter in Shopian. According to official statements, security agencies responded promptly to maintain stability in the region.",REAL,Reuters
667,2020,LoC Ceasefire Violation,Kupwara,Government officials confirmed that the LoC Ceasefire Violation in Kupwara involved coordinated efforts between the army and local police to ensure public safety.,REAL,BBC News
668,2021,Cross-border Infiltration Attempt,Jammu & Kashmir,"Defense officials released a statement regarding the Cross-border Infiltration Attempt in Jammu & Kashmir, stating that troops were deployed to monitor the situation and prevent escalation.",REAL,The Hindu
669,2022,India-Pakistan Border Tension,Punjab Border,Security forces conducted an operation in Punjab Border following intelligence reports related to the India-Pakistan Border Tension. Officials confirmed the situation was brought under control without civilian casualties.,REAL,Indian Express
670,2023,Terror Attack Investigation,Srinagar,"Authorities reported developments related to the Terror Attack Investigation in Srinagar. According to official statements, security agencies responded promptly to maintain stability in the region.",REAL,Press Trust of India
671,2024,Counter-insurgency Operation,Baramulla,Government officials confirmed that the Counter-insurgency Operation in Baramulla involved coordinated efforts between the army and local police to ensure public safety.,REAL,Reuters
672,2025,Manipur Ethnic Conflict,Imphal,"Defense officials released a statement regarding the Manipur Ethnic Conflict in Imphal, stating that troops were deployed to monitor the situation and prevent escalation.",REAL,BBC News
673,2020,Galwan Valley Clash,Ladakh,Security forces conducted an operation in Ladakh following intelligence reports related to the Galwan Valley Clash. Officials confirmed the situation was brought under control without civilian casualties.,REAL,The Hindu
674,2021,Kashmir Militancy Encounter,Shopian,"Authorities reported developments related to the Kashmir Militancy Encounter in Shopian. According to official statements, security agencies responded promptly to maintain stability in the region.",REAL,Indian Express
675,2022,LoC Ceasefire Violation,Kupwara,Government officials confirmed that the LoC Ceasefire Violation in Kupwara involved coordinated efforts between the army and local police to ensure public safety.,REAL,Press Trust of India
676,2023,Cross-border Infiltration Attempt,Jammu & Kashmir,"Defense officials released a statement regarding the Cross-border Infiltration Attempt in Jammu & Kashmir, stating that troops were deployed to monitor the situation and prevent escalation.",REAL,Reuters
677,2024,India-Pakistan Border Tension,Punjab Border,Security forces conducted an operation in Punjab Border following intelligence reports related to the India-Pakistan Border Tension. Officials confirmed the situation was brought under control without civilian casualties.,REAL,BBC News
678,2025,Terror Attack Investigation,Srinagar,"Authorities reported developments related to the Terror Attack Investigation in Srinagar. According to official statements, security agencies responded promptly to maintain stability in the region.",REAL,The Hindu
679,2020,Counter-insurgency Operation,Baramulla,Government officials confirmed that the Counter-insurgency Operation in Baramulla involved coordinated efforts between the army and local police to ensure public safety.,REAL,Indian Express
680,2021,Manipur Ethnic Conflict,Imphal,"Defense officials released a statement regarding the Manipur Ethnic Conflict in Imphal, stating that troops were deployed to monitor the situation and prevent escalation.",REAL,Press Trust of India
681,2022,Galwan Valley Clash,Ladakh,Security forces conducted an operation in Ladakh following intelligence reports related to the Galwan Valley Clash. Officials confirmed the situation was brought under control without civilian casualties.,REAL,Reuters
682,2023,Kashmir Militancy Encounter,Shopian,"Authorities reported developments related to the Kashmir Militancy Encounter in Shopian. According to official statements, security agencies responded promptly to maintain stability in the region.",REAL,BBC News
683,2024,LoC Ceasefire Violation,Kupwara,Government officials confirmed that the LoC Ceasefire Violation in Kupwara involved coordinated efforts between the army and local police to ensure public safety.,REAL,The Hindu
684,2025,Cross-border Infiltration Attempt,Jammu & Kashmir,"Defense officials released a statement regarding the Cross-border Infiltration Attempt in Jammu & Kashmir, stating that troops were deployed to monitor the situation and prevent escalation.",REAL,Indian Express
685,2020,India-Pakistan Border Tension,Punjab Border,Security forces conducted an operation in Punjab Border following intelligence reports related to the India-Pakistan Border Tension. Officials confirmed the situation was brought under control without civilian casualties.,REAL,Press Trust of India
686,2021,Terror Attack Investigation,Srinagar,"Authorities reported developments related to the Terror Attack Investigation in Srinagar. According to official statements, security agencies responded promptly to maintain stability in the region.",REAL,Reuters
687,2022,Counter-insurgency Operation,Baramulla,Government officials confirmed that the Counter-insurgency Operation in Baramulla involved coordinated efforts between the army and local police to ensure public safety.,REAL,BBC News
688,2023,Manipur Ethnic Conflict,Imphal,"Defense officials released a statement regarding the Manipur Ethnic Conflict in Imphal, stating that troops were deployed to monitor the situation and prevent escalation.",REAL,The Hindu
689,2024,Galwan Valley Clash,Ladakh,Security forces conducted an operation in Ladakh following intelligence reports related to the Galwan Valley Clash. Officials confirmed the situation was brought under control without civilian casualties.,REAL,Indian Express
690,2025,Kashmir Militancy Encounter,Shopian,"Authorities reported developments related to the Kashmir Militancy Encounter in Shopian. According to official statements, security agencies responded promptly to maintain stability in the region.",REAL,Press Trust of India
691,2020,LoC Ceasefire Violation,Kupwara,Government officials confirmed that the LoC Ceasefire Violation in Kupwara involved coordinated efforts between the army and local police to ensure public safety.,REAL,Reuters
692,2021,Cross-border Infiltration Attempt,Jammu & Kashmir,"Defense officials released a statement regarding the Cross-border Infiltration Attempt in Jammu & Kashmir, stating that troops were deployed to monitor the situation and prevent escalation.",REAL,BBC News
693,2022,India-Pakistan Border Tension,Punjab Border,Security forces conducted an operation in Punjab Border following intelligence reports related to the India-Pakistan Border Tension. Officials confirmed the situation was brought under control without civilian casualties.,REAL,The Hindu
694,2023,Terror Attack Investigation,Srinagar,"Authorities reported developments related to the Terror Attack Investigation in Srinagar. According to official statements, security agencies responded promptly to maintain stability in the region.",REAL,Indian Express
695,2024,Counter-insurgency Operation,Baramulla,Government officials confirmed that the Counter-insurgency Operation in Baramulla involved coordinated efforts between the army and local police to ensure public safety.,REAL,Press Trust of India
696,2025,Manipur Ethnic Conflict,Imphal,"Defense officials released a statement regarding the Manipur Ethnic Conflict in Imphal, stating that troops were deployed to monitor the situation and prevent escalation.",REAL,Reuters
697,2020,Galwan Valley Clash,Ladakh,Security forces conducted an operation in Ladakh following intelligence reports related to the Galwan Valley Clash. Officials confirmed the situation was brought under control without civilian casualties.,REAL,BBC News
698,2021,Kashmir Militancy Encounter,Shopian,"Authorities reported developments related to the Kashmir Militancy Encounter in Shopian. According to official statements, security agencies responded promptly to maintain stability in the region.",REAL,The Hindu
699,2022,LoC Ceasefire Violation,Kupwara,Government officials confirmed that the LoC Ceasefire Violation in Kupwara involved coordinated efforts between the army and local police to ensure public safety.,REAL,Indian Express
700,2023,Cross-border Infiltration Attempt,Jammu & Kashmir,"Defense officials released a statement regarding the Cross-border Infiltration Attempt in Jammu & Kashmir, stating that troops were deployed to monitor the situation and prevent escalation.",REAL,Press Trust of India
701,2024,India-Pakistan Border Tension,Punjab Border,Security forces conducted an operation in Punjab Border following intelligence reports related to the India-Pakistan Border Tension. Officials confirmed the situation was brought under control without civilian casualties.,REAL,Reuters
702,2025,Terror Attack Investigation,Srinagar,"Authorities reported developments related to the Terror Attack Investigation in Srinagar. According to official statements, security agencies responded promptly to maintain stability in the region.",REAL,BBC News
703,2020,Counter-insurgency Operation,Baramulla,Government officials confirmed that the Counter-insurgency Operation in Baramulla involved coordinated efforts between the army and local police to ensure public safety.,REAL,The Hindu
704,2021,Manipur Ethnic Conflict,Imphal,"Defense officials released a statement regarding the Manipur Ethnic Conflict in Imphal, stating that troops were deployed to monitor the situation and prevent escalation.",REAL,Indian Express
705,2022,Galwan Valley Clash,Ladakh,Security forces conducted an operation in Ladakh following intelligence reports related to the Galwan Valley Clash. Officials confirmed the situation was brought under control without civilian casualties.,REAL,Press Trust of India
706,2023,Kashmir Militancy Encounter,Shopian,"Authorities reported developments related to the Kashmir Militancy Encounter in Shopian. According to official statements, security agencies responded promptly to maintain stability in the region.",REAL,Reuters
707,2024,LoC Ceasefire Violation,Kupwara,Government officials confirmed that the LoC Ceasefire Violation in Kupwara involved coordinated efforts between the army and local police to ensure public safety.,REAL,BBC News
708,2025,Cross-border Infiltration Attempt,Jammu & Kashmir,"Defense officials released a statement regarding the Cross-border Infiltration Attempt in Jammu & Kashmir, stating that troops were deployed to monitor the situation and prevent escalation.",REAL,The Hindu
709,2020,India-Pakistan Border Tension,Punjab Border,Security forces conducted an operation in Punjab Border following intelligence reports related to the India-Pakistan Border Tension. Officials confirmed the situation was brought under control without civilian casualties.,REAL,Indian Express
710,2021,Terror Attack Investigation,Srinagar,"Authorities reported developments related to the Terror Attack Investigation in Srinagar. According to official statements, security agencies responded promptly to maintain stability in the region.",REAL,Press Trust of India
711,2022,Counter-insurgency Operation,Baramulla,Government officials confirmed that the Counter-insurgency Operation in Baramulla involved coordinated efforts between the army and local police to ensure public safety.,REAL,Reuters
712,2023,Manipur Ethnic Conflict,Imphal,"Defense officials released a statement regarding the Manipur Ethnic Conflict in Imphal, stating that troops were deployed to monitor the situation and prevent escalation.",REAL,BBC News
713,2024,Galwan Valley Clash,Ladakh,Security forces conducted an operation in Ladakh following intelligence reports related to the Galwan Valley Clash. Officials confirmed the situation was brought under control without civilian casualties.,REAL,The Hindu
714,2025,Kashmir Militancy Encounter,Shopian,"Authorities reported developments related to the Kashmir Militancy Encounter in Shopian. According to official statements, security agencies responded promptly to maintain stability in the region.",REAL,Indian Express
715,2020,LoC Ceasefire Violation,Kupwara,Government officials confirmed that the LoC Ceasefire Violation in Kupwara involved coordinated efforts between the army and local police to ensure public safety.,REAL,Press Trust of India
716,2021,Cross-border Infiltration Attempt,Jammu & Kashmir,"Defense officials released a statement regarding the Cross-border Infiltration Attempt in Jammu & Kashmir, stating that troops were deployed to monitor the situation and prevent escalation.",REAL,Reuters
717,2022,India-Pakistan Border Tension,Punjab Border,Security forces conducted an operation in Punjab Border following intelligence reports related to the India-Pakistan Border Tension. Officials confirmed the situation was brought under control without civilian casualties.,REAL,BBC News
718,2023,Terror Attack Investigation,Srinagar,"Authorities reported developments related to the Terror Attack Investigation in Srinagar. According to official statements, security agencies responded promptly to maintain stability in the region.",REAL,The Hindu
719,2024,Counter-insurgency Operation,Baramulla,Government officials confirmed that the Counter-insurgency Operation in Baramulla involved coordinated efforts between the army and local police to ensure public safety.,REAL,Indian Express
720,2025,Manipur Ethnic Conflict,Imphal,"Defense officials released a statement regarding the Manipur Ethnic Conflict in Imphal, stating that troops were deployed to monitor the situation and prevent escalation.",REAL,Press Trust of India
721,2020,Galwan Valley Clash,Ladakh,Security forces conducted an operation in Ladakh following intelligence reports related to the Galwan Valley Clash. Officials confirmed the situation was brought under control without civilian casualties.,REAL,Reuters
722,2021,Kashmir Militancy Encounter,Shopian,"Authorities reported developments related to the Kashmir Militancy Encounter in Shopian. According to official statements, security agencies responded promptly to maintain stability in the region.",REAL,BBC News
723,2022,LoC Ceasefire Violation,Kupwara,Government officials confirmed that the LoC Ceasefire Violation in Kupwara involved coordinated efforts between the army and local police to ensure public safety.,REAL,The Hindu
724,2023,Cross-border Infiltration Attempt,Jammu & Kashmir,"Defense officials released a statement regarding the Cross-border Infiltration Attempt in Jammu & Kashmir, stating that troops were deployed to monitor the situation and prevent escalation.",REAL,Indian Express
725,2024,India-Pakistan Border Tension,Punjab Border,Security forces conducted an operation in Punjab Border following intelligence reports related to the India-Pakistan Border Tension. Officials confirmed the situation was brought under control without civilian casualties.,REAL,Press Trust of India
726,2025,Terror Attack Investigation,Srinagar,"Authorities reported developments related to the Terror Attack Investigation in Srinagar. According to official statements, security agencies responded promptly to maintain stability in the region.",REAL,Reuters
727,2020,Counter-insurgency Operation,Baramulla,Government officials confirmed that the Counter-insurgency Operation in Baramulla involved coordinated efforts between the army and local police to ensure public safety.,REAL,BBC News
728,2021,Manipur Ethnic Conflict,Imphal,"Defense officials released a statement regarding the Manipur Ethnic Conflict in Imphal, stating that troops were deployed to monitor the situation and prevent escalation.",REAL,The Hindu
729,2022,Galwan Valley Clash,Ladakh,Security forces conducted an operation in Ladakh following intelligence reports related to the Galwan Valley Clash. Officials confirmed the situation was brought under control without civilian casualties.,REAL,Indian Express
730,2023,Kashmir Militancy Encounter,Shopian,"Authorities reported developments related to the Kashmir Militancy Encounter in Shopian. According to official statements, security agencies responded promptly to maintain stability in the region.",REAL,Press Trust of India
731,2024,LoC Ceasefire Violation,Kupwara,Government officials confirmed that the LoC Ceasefire Violation in Kupwara involved coordinated efforts between the army and local police to ensure public safety.,REAL,Reuters
732,2025,Cross-border Infiltration Attempt,Jammu & Kashmir,"Defense officials released a statement regarding the Cross-border Infiltration Attempt in Jammu & Kashmir, stating that troops were deployed to monitor the situation and prevent escalation.",REAL,BBC News
733,2020,India-Pakistan Border Tension,Punjab Border,Security forces conducted an operation in Punjab Border following intelligence reports related to the India-Pakistan Border Tension. Officials confirmed the situation was brought under control without civilian casualties.,REAL,The Hindu
734,2021,Terror Attack Investigation,Srinagar,"Authorities reported developments related to the Terror Attack Investigation in Srinagar. According to official statements, security agencies responded promptly to maintain stability in the region.",REAL,Indian Express
735,2022,Counter-insurgency Operation,Baramulla,Government officials confirmed that the Counter-insurgency Operation in Baramulla involved coordinated efforts between the army and local police to ensure public safety.,REAL,Press Trust of India
736,2023,Manipur Ethnic Conflict,Imphal,"Defense officials released a statement regarding the Manipur Ethnic Conflict in Imphal, stating that troops were deployed to monitor the situation and prevent escalation.",REAL,Reuters
737,2024,Galwan Valley Clash,Ladakh,Security forces conducted an operation in Ladakh following intelligence reports related to the Galwan Valley Clash. Officials confirmed the situation was brought under control without civilian casualties.,REAL,BBC News
738,2025,Kashmir Militancy Encounter,Shopian,"Authorities reported developments related to the Kashmir Militancy Encounter in Shopian. According to official statements, security agencies responded promptly to maintain stability in the region.",REAL,The Hindu
739,2020,LoC Ceasefire Violation,Kupwara,Government officials confirmed that the LoC Ceasefire Violation in Kupwara involved coordinated efforts between the army and local police to ensure public safety.,REAL,Indian Express
740,2021,Cross-border Infiltration Attempt,Jammu & Kashmir,"Defense officials released a statement regarding the Cross-border Infiltration Attempt in Jammu & Kashmir, stating that troops were deployed to monitor the situation and prevent escalation.",REAL,Press Trust of India
741,2022,India-Pakistan Border Tension,Punjab Border,Security forces conducted an operation in Punjab Border following intelligence reports related to the India-Pakistan Border Tension. Officials confirmed the situation was brought under control without civilian casualties.,REAL,Reuters
742,2023,Terror Attack Investigation,Srinagar,"Authorities reported developments related to the Terror Attack Investigation in Srinagar. According to official statements, security agencies responded promptly to maintain stability in the region.",REAL,BBC News
743,2024,Counter-insurgency Operation,Baramulla,Government officials confirmed that the Counter-insurgency Operation in Baramulla involved coordinated efforts between the army and local police to ensure public safety.,REAL,The Hindu
744,2025,Manipur Ethnic Conflict,Imphal,"Defense officials released a statement regarding the Manipur Ethnic Conflict in Imphal, stating that troops were deployed to monitor the situation and prevent escalation.",REAL,Indian Express
745,2020,Galwan Valley Clash,Ladakh,Security forces conducted an operation in Ladakh following intelligence reports related to the Galwan Valley Clash. Officials confirmed the situation was brought under control without civilian casualties.,REAL,Press Trust of India
746,2021,Kashmir Militancy Encounter,Shopian,"Authorities reported developments related to the Kashmir Militancy Encounter in Shopian. According to official statements, security agencies responded promptly to maintain stability in the region.",REAL,Reuters
747,2022,LoC Ceasefire Violation,Kupwara,Government officials confirmed that the LoC Ceasefire Violation in Kupwara involved coordinated efforts between the army and local police to ensure public safety.,REAL,BBC News
748,2023,Cross-border Infiltration Attempt,Jammu & Kashmir,"Defense officials released a statement regarding the Cross-border Infiltration Attempt in Jammu & Kashmir, stating that troops were deployed to monitor the situation and prevent escalation.",REAL,The Hindu
749,2024,India-Pakistan Border Tension,Punjab Border,Security forces conducted an operation in Punjab Border following intelligence reports related to the India-Pakistan Border Tension. Officials confirmed the situation was brought under control without civilian casualties.,REAL,Indian Express
750,2025,Terror Attack Investigation,Srinagar,"Authorities reported developments related to the Terror Attack Investigation in Srinagar. According to official statements, security agencies responded promptly to maintain stability in the region.",REAL,Press Trust of India
751,2020,Counter-insurgency Operation,Baramulla,Government officials confirmed that the Counter-insurgency Operation in Baramulla involved coordinated efforts between the army and local police to ensure public safety.,REAL,Reuters
752,2021,Manipur Ethnic Conflict,Imphal,"Defense officials released a statement regarding the Manipur Ethnic Conflict in Imphal, stating that troops were deployed to monitor the situation and prevent escalation.",REAL,BBC News
753,2022,Galwan Valley Clash,Ladakh,Security forces conducted an operation in Ladakh following intelligence reports related to the Galwan Valley Clash. Officials confirmed the situation was brought under control without civilian casualties.,REAL,The Hindu
754,2023,Kashmir Militancy Encounter,Shopian,"Authorities reported developments related to the Kashmir Militancy Encounter in Shopian. According to official statements, security agencies responded promptly to maintain stability in the region.",REAL,Indian Express
755,2024,LoC Ceasefire Violation,Kupwara,Government officials confirmed that the LoC Ceasefire Violation in Kupwara involved coordinated efforts between the army and local police to ensure public safety.,REAL,Press Trust of India
756,2025,Cross-border Infiltration Attempt,Jammu & Kashmir,"Defense officials released a statement regarding the Cross-border Infiltration Attempt in Jammu & Kashmir, stating that troops were deployed to monitor the situation and prevent escalation.",REAL,Reuters
757,2020,India-Pakistan Border Tension,Punjab Border,Security forces conducted an operation in Punjab Border following intelligence reports related to the India-Pakistan Border Tension. Officials confirmed the situation was brought under control without civilian casualties.,REAL,BBC News
758,2021,Terror Attack Investigation,Srinagar,"Authorities reported developments related to the Terror Attack Investigation in Srinagar. According to official statements, security agencies responded promptly to maintain stability in the region.",REAL,The Hindu
759,2022,Counter-insurgency Operation,Baramulla,Government officials confirmed that the Counter-insurgency Operation in Baramulla involved coordinated efforts between the army and local police to ensure public safety.,REAL,Indian Express
760,2023,Manipur Ethnic Conflict,Imphal,"Defense officials released a statement regarding the Manipur Ethnic Conflict in Imphal, stating that troops were deployed to monitor the situation and prevent escalation.",REAL,Press Trust of India
761,2024,Galwan Valley Clash,Ladakh,Security forces conducted an operation in Ladakh following intelligence reports related to the Galwan Valley Clash. Officials confirmed the situation was brought under control without civilian casualties.,REAL,Reuters
762,2025,Kashmir Militancy Encounter,Shopian,"Authorities reported developments related to the Kashmir Militancy Encounter in Shopian. According to official statements, security agencies responded promptly to maintain stability in the region.",REAL,BBC News
763,2020,LoC Ceasefire Violation,Kupwara,Government officials confirmed that the LoC Ceasefire Violation in Kupwara involved coordinated efforts between the army and local police to ensure public safety.,REAL,The Hindu
764,2021,Cross-border Infiltration Attempt,Jammu & Kashmir,"Defense officials released a statement regarding the Cross-border Infiltration Attempt in Jammu & Kashmir, stating that troops were deployed to monitor the situation and prevent escalation.",REAL,Indian Express
765,2022,India-Pakistan Border Tension,Punjab Border,Security forces conducted an operation in Punjab Border following intelligence reports related to the India-Pakistan Border Tension. Officials confirmed the situation was brought under control without civilian casualties.,REAL,Press Trust of India
766,2023,Terror Attack Investigation,Srinagar,"Authorities reported developments related to the Terror Attack Investigation in Srinagar. According to official statements, security agencies responded promptly to maintain stability in the region.",REAL,Reuters
767,2024,Counter-insurgency Operation,Baramulla,Government officials confirmed that the Counter-insurgency Operation in Baramulla involved coordinated efforts between the army and local police to ensure public safety.,REAL,BBC News
768,2025,Manipur Ethnic Conflict,Imphal,"Defense officials released a statement regarding the Manipur Ethnic Conflict in Imphal, stating that troops were deployed to monitor the situation and prevent escalation.",REAL,The Hindu
769,2020,Galwan Valley Clash,Ladakh,Security forces conducted an operation in Ladakh following intelligence reports related to the Galwan Valley Clash. Officials confirmed the situation was brought under control without civilian casualties.,REAL,Indian Express
770,2021,Kashmir Militancy Encounter,Shopian,"Authorities reported developments related to the Kashmir Militancy Encounter in Shopian. According to official statements, security agencies responded promptly to maintain stability in the region.",REAL,Press Trust of India
771,2022,LoC Ceasefire Violation,Kupwara,Government officials confirmed that the LoC Ceasefire Violation in Kupwara involved coordinated efforts between the army and local police to ensure public safety.,REAL,Reuters
772,2023,Cross-border Infiltration Attempt,Jammu & Kashmir,"Defense officials released a statement regarding the Cross-border Infiltration Attempt in Jammu & Kashmir, stating that troops were deployed to monitor the situation and prevent escalation.",REAL,BBC News
773,2024,India-Pakistan Border Tension,Punjab Border,Security forces conducted an operation in Punjab Border following intelligence reports related to the India-Pakistan Border Tension. Officials confirmed the situation was brought under control without civilian casualties.,REAL,The Hindu
774,2025,Terror Attack Investigation,Srinagar,"Authorities reported developments related to the Terror Attack Investigation in Srinagar. According to official statements, security agencies responded promptly to maintain stability in the region.",REAL,Indian Express
775,2020,Counter-insurgency Operation,Baramulla,Government officials confirmed that the Counter-insurgency Operation in Baramulla involved coordinated efforts between the army and local police to ensure public safety.,REAL,Press Trust of India
776,2021,Manipur Ethnic Conflict,Imphal,"Defense officials released a statement regarding the Manipur Ethnic Conflict in Imphal, stating that troops were deployed to monitor the situation and prevent escalation.",REAL,Reuters
777,2022,Galwan Valley Clash,Ladakh,Security forces conducted an operation in Ladakh following intelligence reports related to the Galwan Valley Clash. Officials confirmed the situation was brought under control without civilian casualties.,REAL,BBC News
778,2023,Kashmir Militancy Encounter,Shopian,"Authorities reported developments related to the Kashmir Militancy Encounter in Shopian. According to official statements, security agencies responded promptly to maintain stability in the region.",REAL,The Hindu
779,2024,LoC Ceasefire Violation,Kupwara,Government officials confirmed that the LoC Ceasefire Violation in Kupwara involved coordinated efforts between the army and local police to ensure public safety.,REAL,Indian Express
780,2025,Cross-border Infiltration Attempt,Jammu & Kashmir,"Defense officials released a statement regarding the Cross-border Infiltration Attempt in Jammu & Kashmir, stating that troops were deployed to monitor the situation and prevent escalation.",REAL,Press Trust of India
781,2020,India-Pakistan Border Tension,Punjab Border,Security forces conducted an operation in Punjab Border following intelligence reports related to the India-Pakistan Border Tension. Officials confirmed the situation was brought under control without civilian casualties.,REAL,Reuters
782,2021,Terror Attack Investigation,Srinagar,"Authorities reported developments related to the Terror Attack Investigation in Srinagar. According to official statements, security agencies responded promptly to maintain stability in the region.",REAL,BBC News
783,2022,Counter-insurgency Operation,Baramulla,Government officials confirmed that the Counter-insurgency Operation in Baramulla involved coordinated efforts between the army and local police to ensure public safety.,REAL,The Hindu
784,2023,Manipur Ethnic Conflict,Imphal,"Defense officials released a statement regarding the Manipur Ethnic Conflict in Imphal, stating that troops were deployed to monitor the situation and prevent escalation.",REAL,Indian Express
785,2024,Galwan Valley Clash,Ladakh,Security forces conducted an operation in Ladakh following intelligence reports related to the Galwan Valley Clash. Officials confirmed the situation was brought under control without civilian casualties.,REAL,Press Trust of India
786,2025,Kashmir Militancy Encounter,Shopian,"Authorities reported developments related to the Kashmir Militancy Encounter in Shopian. According to official statements, security agencies responded promptly to maintain stability in the region.",REAL,Reuters
787,2020,LoC Ceasefire Violation,Kupwara,Government officials confirmed that the LoC Ceasefire Violation in Kupwara involved coordinated efforts between the army and local police to ensure public safety.,REAL,BBC News
788,2021,Cross-border Infiltration Attempt,Jammu & Kashmir,"Defense officials released a statement regarding the Cross-border Infiltration Attempt in Jammu & Kashmir, stating that troops were deployed to monitor the situation and prevent escalation.",REAL,The Hindu
789,2022,India-Pakistan Border Tension,Punjab Border,Security forces conducted an operation in Punjab Border following intelligence reports related to the India-Pakistan Border Tension. Officials confirmed the situation was brought under control without civilian casualties.,REAL,Indian Express
790,2023,Terror Attack Investigation,Srinagar,"Authorities reported developments related to the Terror Attack Investigation in Srinagar. According to official statements, security agencies responded promptly to maintain stability in the region.",REAL,Press Trust of India
791,2024,Counter-insurgency Operation,Baramulla,Government officials confirmed that the Counter-insurgency Operation in Baramulla involved coordinated efforts between the army and local police to ensure public safety.,REAL,Reuters
792,2025,Manipur Ethnic Conflict,Imphal,"Defense officials released a statement regarding the Manipur Ethnic Conflict in Imphal, stating that troops were deployed to monitor the situation and prevent escalation.",REAL,BBC News
793,2020,Galwan Valley Clash,Ladakh,Security forces conducted an operation in Ladakh following intelligence reports related to the Galwan Valley Clash. Officials confirmed the situation was brought under control without civilian casualties.,REAL,The Hindu
794,2021,Kashmir Militancy Encounter,Shopian,"Authorities reported developments related to the Kashmir Militancy Encounter in Shopian. According to official statements, security agencies responded promptly to maintain stability in the region.",REAL,Indian Express
795,2022,LoC Ceasefire Violation,Kupwara,Government officials confirmed that the LoC Ceasefire Violation in Kupwara involved coordinated efforts between the army and local police to ensure public safety.,REAL,Press Trust of India
796,2023,Cross-border Infiltration Attempt,Jammu & Kashmir,"Defense officials released a statement regarding the Cross-border Infiltration Attempt in Jammu & Kashmir, stating that troops were deployed to monitor the situation and prevent escalation.",REAL,Reuters
797,2024,India-Pakistan Border Tension,Punjab Border,Security forces conducted an operation in Punjab Border following intelligence reports related to the India-Pakistan Border Tension. Officials confirmed the situation was brought under control without civilian casualties.,REAL,BBC News
798,2025,Terror Attack Investigation,Srinagar,"Authorities reported developments related to the Terror Attack Investigation in Srinagar. According to official statements, security agencies responded promptly to maintain stability in the region.",REAL,The Hindu
799,2020,Counter-insurgency Operation,Baramulla,Government officials confirmed that the Counter-insurgency Operation in Baramulla involved coordinated efforts between the army and local police to ensure public safety.,REAL,Indian Express
800,2021,Manipur Ethnic Conflict,Imphal,"Defense officials released a statement regarding the Manipur Ethnic Conflict in Imphal, stating that troops were deployed to monitor the situation and prevent escalation.",REAL,Press Trust of India
801,2022,Galwan Valley Clash,Ladakh,Security forces conducted an operation in Ladakh following intelligence reports related to the Galwan Valley Clash. Officials confirmed the situation was brought under control without civilian casualties.,REAL,Reuters
802,2023,Kashmir Militancy Encounter,Shopian,"Authorities reported developments related to the Kashmir Militancy Encounter in Shopian. According to official statements, security agencies responded promptly to maintain stability in the region.",REAL,BBC News
803,2024,LoC Ceasefire Violation,Kupwara,Government officials confirmed that the LoC Ceasefire Violation in Kupwara involved coordinated efforts between the army and local police to ensure public safety.,REAL,The Hindu
804,2025,Cross-border Infiltration Attempt,Jammu & Kashmir,"Defense officials released a statement regarding the Cross-border Infiltration Attempt in Jammu & Kashmir, stating that troops were deployed to monitor the situation and prevent escalation.",REAL,Indian Express
805,2020,India-Pakistan Border Tension,Punjab Border,Security forces conducted an operation in Punjab Border following intelligence reports related to the India-Pakistan Border Tension. Officials confirmed the situation was brought under control without civilian casualties.,REAL,Press Trust of India
806,2021,Terror Attack Investigation,Srinagar,"Authorities reported developments related to the Terror Attack Investigation in Srinagar. According to official statements, security agencies responded promptly to maintain stability in the region.",REAL,Reuters
807,2022,Counter-insurgency Operation,Baramulla,Government officials confirmed that the Counter-insurgency Operation in Baramulla involved coordinated efforts between the army and local police to ensure public safety.,REAL,BBC News
808,2023,Manipur Ethnic Conflict,Imphal,"Defense officials released a statement regarding the Manipur Ethnic Conflict in Imphal, stating that troops were deployed to monitor the situation and prevent escalation.",REAL,The Hindu
809,2024,Galwan Valley Clash,Ladakh,Security forces conducted an operation in Ladakh following intelligence reports related to the Galwan Valley Clash. Officials confirmed the situation was brought under control without civilian casualties.,REAL,Indian Express
810,2025,Kashmir Militancy Encounter,Shopian,"Authorities reported developments related to the Kashmir Militancy Encounter in Shopian. According to official statements, security agencies responded promptly to maintain stability in the region.",REAL,Press Trust of India
811,2020,LoC Ceasefire Violation,Kupwara,Government officials confirmed that the LoC Ceasefire Violation in Kupwara involved coordinated efforts between the army and local police to ensure public safety.,REAL,Reuters
812,2021,Cross-border Infiltration Attempt,Jammu & Kashmir,"Defense officials released a statement regarding the Cross-border Infiltration Attempt in Jammu & Kashmir, stating that troops were deployed to monitor the situation and prevent escalation.",REAL,BBC News
813,2022,India-Pakistan Border Tension,Punjab Border,Security forces conducted an operation in Punjab Border following intelligence reports related to the India-Pakistan Border Tension. Officials confirmed the situation was brought under control without civilian casualties.,REAL,The Hindu
814,2023,Terror Attack Investigation,Srinagar,"Authorities reported developments related to the Terror Attack Investigation in Srinagar. According to official statements, security agencies responded promptly to maintain stability in the region.",REAL,Indian Express
815,2024,Counter-insurgency Operation,Baramulla,Government officials confirmed that the Counter-insurgency Operation in Baramulla involved coordinated efforts between the army and local police to ensure public safety.,REAL,Press Trust of India
816,2025,Manipur Ethnic Conflict,Imphal,"Defense officials released a statement regarding the Manipur Ethnic Conflict in Imphal, stating that troops were deployed to monitor the situation and prevent escalation.",REAL,Reuters
817,2020,Galwan Valley Clash,Ladakh,Security forces conducted an operation in Ladakh following intelligence reports related to the Galwan Valley Clash. Officials confirmed the situation was brought under control without civilian casualties.,REAL,BBC News
818,2021,Kashmir Militancy Encounter,Shopian,"Authorities reported developments related to the Kashmir Militancy Encounter in Shopian. According to official statements, security agencies responded promptly to maintain stability in the region.",REAL,The Hindu
819,2022,LoC Ceasefire Violation,Kupwara,Government officials confirmed that the LoC Ceasefire Violation in Kupwara involved coordinated efforts between the army and local police to ensure public safety.,REAL,Indian Express
820,2023,Cross-border Infiltration Attempt,Jammu & Kashmir,"Defense officials released a statement regarding the Cross-border Infiltration Attempt in Jammu & Kashmir, stating that troops were deployed to monitor the situation and prevent escalation.",REAL,Press Trust of India
821,2024,India-Pakistan Border Tension,Punjab Border,Security forces conducted an operation in Punjab Border following intelligence reports related to the India-Pakistan Border Tension. Officials confirmed the situation was brought under control without civilian casualties.,REAL,Reuters
822,2025,Terror Attack Investigation,Srinagar,"Authorities reported developments related to the Terror Attack Investigation in Srinagar. According to official statements, security agencies responded promptly to maintain stability in the region.",REAL,BBC News
823,2020,Counter-insurgency Operation,Baramulla,Government officials confirmed that the Counter-insurgency Operation in Baramulla involved coordinated efforts between the army and local police to ensure public safety.,REAL,The Hindu
824,2021,Manipur Ethnic Conflict,Imphal,"Defense officials released a statement regarding the Manipur Ethnic Conflict in Imphal, stating that troops were deployed to monitor the situation and prevent escalation.",REAL,Indian Express
825,2022,Galwan Valley Clash,Ladakh,Security forces conducted an operation in Ladakh following intelligence reports related to the Galwan Valley Clash. Officials confirmed the situation was brought under control without civilian casualties.,REAL,Press Trust of India
826,2023,Kashmir Militancy Encounter,Shopian,"Authorities reported developments related to the Kashmir Militancy Encounter in Shopian. According to official statements, security agencies responded promptly to maintain stability in the region.",REAL,Reuters
827,2024,LoC Ceasefire Violation,Kupwara,Government officials confirmed that the LoC Ceasefire Violation in Kupwara involved coordinated efforts between the army and local police to ensure public safety.,REAL,BBC News
828,2025,Cross-border Infiltration Attempt,Jammu & Kashmir,"Defense officials released a statement regarding the Cross-border Infiltration Attempt in Jammu & Kashmir, stating that troops were deployed to monitor the situation and prevent escalation.",REAL,The Hindu
829,2020,India-Pakistan Border Tension,Punjab Border,Security forces conducted an operation in Punjab Border following intelligence reports related to the India-Pakistan Border Tension. Officials confirmed the situation was brought under control without civilian casualties.,REAL,Indian Express
830,2021,Terror Attack Investigation,Srinagar,"Authorities reported developments related to the Terror Attack Investigation in Srinagar. According to official statements, security agencies responded promptly to maintain stability in the region.",REAL,Press Trust of India
831,2022,Counter-insurgency Operation,Baramulla,Government officials confirmed that the Counter-insurgency Operation in Baramulla involved coordinated efforts between the army and local police to ensure public safety.,REAL,Reuters
832,2023,Manipur Ethnic Conflict,Imphal,"Defense officials released a statement regarding the Manipur Ethnic Conflict in Imphal, stating that troops were deployed to monitor the situation and prevent escalation.",REAL,BBC News
833,2024,Galwan Valley Clash,Ladakh,Security forces conducted an operation in Ladakh following intelligence reports related to the Galwan Valley Clash. Officials confirmed the situation was brought under control without civilian casualties.,REAL,The Hindu
834,2025,Kashmir Militancy Encounter,Shopian,"Authorities reported developments related to the Kashmir Militancy Encounter in Shopian. According to official statements, security agencies responded promptly to maintain stability in the region.",REAL,Indian Express
835,2020,LoC Ceasefire Violation,Kupwara,Government officials confirmed that the LoC Ceasefire Violation in Kupwara involved coordinated efforts between the army and local police to ensure public safety.,REAL,Press Trust of India
836,2021,Cross-border Infiltration Attempt,Jammu & Kashmir,"Defense officials released a statement regarding the Cross-border Infiltration Attempt in Jammu & Kashmir, stating that troops were deployed to monitor the situation and prevent escalation.",REAL,Reuters
837,2022,India-Pakistan Border Tension,Punjab Border,Security forces conducted an operation in Punjab Border following intelligence reports related to the India-Pakistan Border Tension. Officials confirmed the situation was brought under control without civilian casualties.,REAL,BBC News
838,2023,Terror Attack Investigation,Srinagar,"Authorities reported developments related to the Terror Attack Investigation in Srinagar. According to official statements, security agencies responded promptly to maintain stability in the region.",REAL,The Hindu
839,2024,Counter-insurgency Operation,Baramulla,Government officials confirmed that the Counter-insurgency Operation in Baramulla involved coordinated efforts between the army and local police to ensure public safety.,REAL,Indian Express
840,2025,Manipur Ethnic Conflict,Imphal,"Defense officials released a statement regarding the Manipur Ethnic Conflict in Imphal, stating that troops were deployed to monitor the situation and prevent escalation.",REAL,Press Trust of India
841,2020,Galwan Valley Clash,Ladakh,Security forces conducted an operation in Ladakh following intelligence reports related to the Galwan Valley Clash. Officials confirmed the situation was brought under control without civilian casualties.,REAL,Reuters
842,2021,Kashmir Militancy Encounter,Shopian,"Authorities reported developments related to the Kashmir Militancy Encounter in Shopian. According to official statements, security agencies responded promptly to maintain stability in the region.",REAL,BBC News
843,2022,LoC Ceasefire Violation,Kupwara,Government officials confirmed that the LoC Ceasefire Violation in Kupwara involved coordinated efforts between the army and local police to ensure public safety.,REAL,The Hindu
844,2023,Cross-border Infiltration Attempt,Jammu & Kashmir,"Defense officials released a statement regarding the Cross-border Infiltration Attempt in Jammu & Kashmir, stating that troops were deployed to monitor the situation and prevent escalation.",REAL,Indian Express
845,2024,India-Pakistan Border Tension,Punjab Border,Security forces conducted an operation in Punjab Border following intelligence reports related to the India-Pakistan Border Tension. Officials confirmed the situation was brought under control without civilian casualties.,REAL,Press Trust of India
846,2025,Terror Attack Investigation,Srinagar,"Authorities reported developments related to the Terror Attack Investigation in Srinagar. According to official statements, security agencies responded promptly to maintain stability in the region.",REAL,Reuters
847,2020,Counter-insurgency Operation,Baramulla,Government officials confirmed that the Counter-insurgency Operation in Baramulla involved coordinated efforts between the army and local police to ensure public safety.,REAL,BBC News
848,2021,Manipur Ethnic Conflict,Imphal,"Defense officials released a statement regarding the Manipur Ethnic Conflict in Imphal, stating that troops were deployed to monitor the situation and prevent escalation.",REAL,The Hindu
849,2022,Galwan Valley Clash,Ladakh,Security forces conducted an operation in Ladakh following intelligence reports related to the Galwan Valley Clash. Officials confirmed the situation was brought under control without civilian casualties.,REAL,Indian Express
850,2023,Kashmir Militancy Encounter,Shopian,"Authorities reported developments related to the Kashmir Militancy Encounter in Shopian. According to official statements, security agencies responded promptly to maintain stability in the region.",REAL,Press Trust of India
851,2024,LoC Ceasefire Violation,Kupwara,Government officials confirmed that the LoC Ceasefire Violation in Kupwara involved coordinated efforts between the army and local police to ensure public safety.,REAL,Reuters
852,2025,Cross-border Infiltration Attempt,Jammu & Kashmir,"Defense officials released a statement regarding the Cross-border Infiltration Attempt in Jammu & Kashmir, stating that troops were deployed to monitor the situation and prevent escalation.",REAL,BBC News
853,2020,India-Pakistan Border Tension,Punjab Border,Security forces conducted an operation in Punjab Border following intelligence reports related to the India-Pakistan Border Tension. Officials confirmed the situation was brought under control without civilian casualties.,REAL,The Hindu
854,2021,Terror Attack Investigation,Srinagar,"Authorities reported developments related to the Terror Attack Investigation in Srinagar. According to official statements, security agencies responded promptly to maintain stability in the region.",REAL,Indian Express
855,2022,Counter-insurgency Operation,Baramulla,Government officials confirmed that the Counter-insurgency Operation in Baramulla involved coordinated efforts between the army and local police to ensure public safety.,REAL,Press Trust of India
856,2023,Manipur Ethnic Conflict,Imphal,"Defense officials released a statement regarding the Manipur Ethnic Conflict in Imphal, stating that troops were deployed to monitor the situation and prevent escalation.",REAL,Reuters
857,2024,Galwan Valley Clash,Ladakh,Security forces conducted an operation in Ladakh following intelligence reports related to the Galwan Valley Clash. Officials confirmed the situation was brought under control without civilian casualties.,REAL,BBC News
858,2025,Kashmir Militancy Encounter,Shopian,"Authorities reported developments related to the Kashmir Militancy Encounter in Shopian. According to official statements, security agencies responded promptly to maintain stability in the region.",REAL,The Hindu
859,2020,LoC Ceasefire Violation,Kupwara,Government officials confirmed that the LoC Ceasefire Violation in Kupwara involved coordinated efforts between the army and local police to ensure public safety.,REAL,Indian Express
860,2021,Cross-border Infiltration Attempt,Jammu & Kashmir,"Defense officials released a statement regarding the Cross-border Infiltration Attempt in Jammu & Kashmir, stating that troops were deployed to monitor the situation and prevent escalation.",REAL,Press Trust of India
861,2022,India-Pakistan Border Tension,Punjab Border,Security forces conducted an operation in Punjab Border following intelligence reports related to the India-Pakistan Border Tension. Officials confirmed the situation was brought under control without civilian casualties.,REAL,Reuters
862,2023,Terror Attack Investigation,Srinagar,"Authorities reported developments related to the Terror Attack Investigation in Srinagar. According to official statements, security agencies responded promptly to maintain stability in the region.",REAL,BBC News
863,2024,Counter-insurgency Operation,Baramulla,Government officials confirmed that the Counter-insurgency Operation in Baramulla involved coordinated efforts between the army and local police to ensure public safety.,REAL,The Hindu
864,2025,Manipur Ethnic Conflict,Imphal,"Defense officials released a statement regarding the Manipur Ethnic Conflict in Imphal, stating that troops were deployed to monitor the situation and prevent escalation.",REAL,Indian Express
865,2020,Galwan Valley Clash,Ladakh,Security forces conducted an operation in Ladakh following intelligence reports related to the Galwan Valley Clash. Officials confirmed the situation was brought under control without civilian casualties.,REAL,Press Trust of India
866,2021,Kashmir Militancy Encounter,Shopian,"Authorities reported developments related to the Kashmir Militancy Encounter in Shopian. According to official statements, security agencies responded promptly to maintain stability in the region.",REAL,Reuters
867,2022,LoC Ceasefire Violation,Kupwara,Government officials confirmed that the LoC Ceasefire Violation in Kupwara involved coordinated efforts between the army and local police to ensure public safety.,REAL,BBC News
868,2023,Cross-border Infiltration Attempt,Jammu & Kashmir,"Defense officials released a statement regarding the Cross-border Infiltration Attempt in Jammu & Kashmir, stating that troops were deployed to monitor the situation and prevent escalation.",REAL,The Hindu
869,2024,India-Pakistan Border Tension,Punjab Border,Security forces conducted an operation in Punjab Border following intelligence reports related to the India-Pakistan Border Tension. Officials confirmed the situation was brought under control without civilian casualties.,REAL,Indian Express
870,2025,Terror Attack Investigation,Srinagar,"Authorities reported developments related to the Terror Attack Investigation in Srinagar. According to official statements, security agencies responded promptly to maintain stability in the region.",REAL,Press Trust of India
871,2020,Counter-insurgency Operation,Baramulla,Government officials confirmed that the Counter-insurgency Operation in Baramulla involved coordinated efforts between the army and local police to ensure public safety.,REAL,Reuters
872,2021,Manipur Ethnic Conflict,Imphal,"Defense officials released a statement regarding the Manipur Ethnic Conflict in Imphal, stating that troops were deployed to monitor the situation and prevent escalation.",REAL,BBC News
873,2022,Galwan Valley Clash,Ladakh,Security forces conducted an operation in Ladakh following intelligence reports related to the Galwan Valley Clash. Officials confirmed the situation was brought under control without civilian casualties.,REAL,The Hindu
874,2023,Kashmir Militancy Encounter,Shopian,"Authorities reported developments related to the Kashmir Militancy Encounter in Shopian. According to official statements, security agencies responded promptly to maintain stability in the region.",REAL,Indian Express
875,2024,LoC Ceasefire Violation,Kupwara,Government officials confirmed that the LoC Ceasefire Violation in Kupwara involved coordinated efforts between the army and local police to ensure public safety.,REAL,Press Trust of India
876,2025,Cross-border Infiltration Attempt,Jammu & Kashmir,"Defense officials released a statement regarding the Cross-border Infiltration Attempt in Jammu & Kashmir, stating that troops were deployed to monitor the situation and prevent escalation.",REAL,Reuters
877,2020,India-Pakistan Border Tension,Punjab Border,Security forces conducted an operation in Punjab Border following intelligence reports related to the India-Pakistan Border Tension. Officials confirmed the situation was brought under control without civilian casualties.,REAL,BBC News
878,2021,Terror Attack Investigation,Srinagar,"Authorities reported developments related to the Terror Attack Investigation in Srinagar. According to official statements, security agencies responded promptly to maintain stability in the region.",REAL,The Hindu
879,2022,Counter-insurgency Operation,Baramulla,Government officials confirmed that the Counter-insurgency Operation in Baramulla involved coordinated efforts between the army and local police to ensure public safety.,REAL,Indian Express
880,2023,Manipur Ethnic Conflict,Imphal,"Defense officials released a statement regarding the Manipur Ethnic Conflict in Imphal, stating that troops were deployed to monitor the situation and prevent escalation.",REAL,Press Trust of India
881,2024,Galwan Valley Clash,Ladakh,Security forces conducted an operation in Ladakh following intelligence reports related to the Galwan Valley Clash. Officials confirmed the situation was brought under control without civilian casualties.,REAL,Reuters
882,2025,Kashmir Militancy Encounter,Shopian,"Authorities reported developments related to the Kashmir Militancy Encounter in Shopian. According to official statements, security agencies responded promptly to maintain stability in the region.",REAL,BBC News
883,2020,LoC Ceasefire Violation,Kupwara,Government officials confirmed that the LoC Ceasefire Violation in Kupwara involved coordinated efforts between the army and local police to ensure public safety.,REAL,The Hindu
884,2021,Cross-border Infiltration Attempt,Jammu & Kashmir,"Defense officials released a statement regarding the Cross-border Infiltration Attempt in Jammu & Kashmir, stating that troops were deployed to monitor the situation and prevent escalation.",REAL,Indian Express
885,2022,India-Pakistan Border Tension,Punjab Border,Security forces conducted an operation in Punjab Border following intelligence reports related to the India-Pakistan Border Tension. Officials confirmed the situation was brought under control without civilian casualties.,REAL,Press Trust of India
886,2023,Terror Attack Investigation,Srinagar,"Authorities reported developments related to the Terror Attack Investigation in Srinagar. According to official statements, security agencies responded promptly to maintain stability in the region.",REAL,Reuters
887,2024,Counter-insurgency Operation,Baramulla,Government officials confirmed that the Counter-insurgency Operation in Baramulla involved coordinated efforts between the army and local police to ensure public safety.,REAL,BBC News
888,2025,Manipur Ethnic Conflict,Imphal,"Defense officials released a statement regarding the Manipur Ethnic Conflict in Imphal, stating that troops were deployed to monitor the situation and prevent escalation.",REAL,The Hindu
889,2020,Galwan Valley Clash,Ladakh,Security forces conducted an operation in Ladakh following intelligence reports related to the Galwan Valley Clash. Officials confirmed the situation was brought under control without civilian casualties.,REAL,Indian Express
890,2021,Kashmir Militancy Encounter,Shopian,"Authorities reported developments related to the Kashmir Militancy Encounter in Shopian. According to official statements, security agencies responded promptly to maintain stability in the region.",REAL,Press Trust of India
891,2022,LoC Ceasefire Violation,Kupwara,Government officials confirmed that the LoC Ceasefire Violation in Kupwara involved coordinated efforts between the army and local police to ensure public safety.,REAL,Reuters
892,2023,Cross-border Infiltration Attempt,Jammu & Kashmir,"Defense officials released a statement regarding the Cross-border Infiltration Attempt in Jammu & Kashmir, stating that troops were deployed to monitor the situation and prevent escalation.",REAL,BBC News
893,2024,India-Pakistan Border Tension,Punjab Border,Security forces conducted an operation in Punjab Border following intelligence reports related to the India-Pakistan Border Tension. Officials confirmed the situation was brought under control without civilian casualties.,REAL,The Hindu
894,2025,Terror Attack Investigation,Srinagar,"Authorities reported developments related to the Terror Attack Investigation in Srinagar. According to official statements, security agencies responded promptly to maintain stability in the region.",REAL,Indian Express
895,2020,Counter-insurgency Operation,Baramulla,Government officials confirmed that the Counter-insurgency Operation in Baramulla involved coordinated efforts between the army and local police to ensure public safety.,REAL,Press Trust of India
896,2021,Manipur Ethnic Conflict,Imphal,"Defense officials released a statement regarding the Manipur Ethnic Conflict in Imphal, stating that troops were deployed to monitor the situation and prevent escalation.",REAL,Reuters
897,2022,Galwan Valley Clash,Ladakh,Security forces conducted an operation in Ladakh following intelligence reports related to the Galwan Valley Clash. Officials confirmed the situation was brought under control without civilian casualties.,REAL,BBC News
898,2023,Kashmir Militancy Encounter,Shopian,"Authorities reported developments related to the Kashmir Militancy Encounter in Shopian. According to official statements, security agencies responded promptly to maintain stability in the region.",REAL,The Hindu
899,2024,LoC Ceasefire Violation,Kupwara,Government officials confirmed that the LoC Ceasefire Violation in Kupwara involved coordinated efforts between the army and local police to ensure public safety.,REAL,Indian Express
900,2025,Cross-border Infiltration Attempt,Jammu & Kashmir,"Defense officials released a statement regarding the Cross-border Infiltration Attempt in Jammu & Kashmir, stating that troops were deployed to monitor the situation and prevent escalation.",REAL,Press Trust of India
901,2020,India-Pakistan Border Tension,Punjab Border,Security forces conducted an operation in Punjab Border following intelligence reports related to the India-Pakistan Border Tension. Officials confirmed the situation was brought under control without civilian casualties.,REAL,Reuters
902,2021,Terror Attack Investigation,Srinagar,"Authorities reported developments related to the Terror Attack Investigation in Srinagar. According to official statements, security agencies responded promptly to maintain stability in the region.",REAL,BBC News
903,2022,Counter-insurgency Operation,Baramulla,Government officials confirmed that the Counter-insurgency Operation in Baramulla involved coordinated efforts between the army and local police to ensure public safety.,REAL,The Hindu
904,2023,Manipur Ethnic Conflict,Imphal,"Defense officials released a statement regarding the Manipur Ethnic Conflict in Imphal, stating that troops were deployed to monitor the situation and prevent escalation.",REAL,Indian Express
905,2024,Galwan Valley Clash,Ladakh,Security forces conducted an operation in Ladakh following intelligence reports related to the Galwan Valley Clash. Officials confirmed the situation was brought under control without civilian casualties.,REAL,Press Trust of India
906,2025,Kashmir Militancy Encounter,Shopian,"Authorities reported developments related to the Kashmir Militancy Encounter in Shopian. According to official statements, security agencies responded promptly to maintain stability in the region.",REAL,Reuters
907,2020,LoC Ceasefire Violation,Kupwara,Government officials confirmed that the LoC Ceasefire Violation in Kupwara involved coordinated efforts between the army and local police to ensure public safety.,REAL,BBC News
908,2021,Cross-border Infiltration Attempt,Jammu & Kashmir,"Defense officials released a statement regarding the Cross-border Infiltration Attempt in Jammu & Kashmir, stating that troops were deployed to monitor the situation and prevent escalation.",REAL,The Hindu
909,2022,India-Pakistan Border Tension,Punjab Border,Security forces conducted an operation in Punjab Border following intelligence reports related to the India-Pakistan Border Tension. Officials confirmed the situation was brought under control without civilian casualties.,REAL,Indian Express
910,2023,Terror Attack Investigation,Srinagar,"Authorities reported developments related to the Terror Attack Investigation in Srinagar. According to official statements, security agencies responded promptly to maintain stability in the region.",REAL,Press Trust of India
911,2024,Counter-insurgency Operation,Baramulla,Government officials confirmed that the Counter-insurgency Operation in Baramulla involved coordinated efforts between the army and local police to ensure public safety.,REAL,Reuters
912,2025,Manipur Ethnic Conflict,Imphal,"Defense officials released a statement regarding the Manipur Ethnic Conflict in Imphal, stating that troops were deployed to monitor the situation and prevent escalation.",REAL,BBC News
913,2020,Galwan Valley Clash,Ladakh,Security forces conducted an operation in Ladakh following intelligence reports related to the Galwan Valley Clash. Officials confirmed the situation was brought under control without civilian casualties.,REAL,The Hindu
914,2021,Kashmir Militancy Encounter,Shopian,"Authorities reported developments related to the Kashmir Militancy Encounter in Shopian. According to official statements, security agencies responded promptly to maintain stability in the region.",REAL,Indian Express
915,2022,LoC Ceasefire Violation,Kupwara,Government officials confirmed that the LoC Ceasefire Violation in Kupwara involved coordinated efforts between the army and local police to ensure public safety.,REAL,Press Trust of India
916,2023,Cross-border Infiltration Attempt,Jammu & Kashmir,"Defense officials released a statement regarding the Cross-border Infiltration Attempt in Jammu & Kashmir, stating that troops were deployed to monitor the situation and prevent escalation.",REAL,Reuters
917,2024,India-Pakistan Border Tension,Punjab Border,Security forces conducted an operation in Punjab Border following intelligence reports related to the India-Pakistan Border Tension. Officials confirmed the situation was brought under control without civilian casualties.,REAL,BBC News
918,2025,Terror Attack Investigation,Srinagar,"Authorities reported developments related to the Terror Attack Investigation in Srinagar. According to official statements, security agencies responded promptly to maintain stability in the region.",REAL,The Hindu
919,2020,Counter-insurgency Operation,Baramulla,Government officials confirmed that the Counter-insurgency Operation in Baramulla involved coordinated efforts between the army and local police to ensure public safety.,REAL,Indian Express
920,2021,Manipur Ethnic Conflict,Imphal,"Defense officials released a statement regarding the Manipur Ethnic Conflict in Imphal, stating that troops were deployed to monitor the situation and prevent escalation.",REAL,Press Trust of India
921,2022,Galwan Valley Clash,Ladakh,Security forces conducted an operation in Ladakh following intelligence reports related to the Galwan Valley Clash. Officials confirmed the situation was brought under control without civilian casualties.,REAL,Reuters
922,2023,Kashmir Militancy Encounter,Shopian,"Authorities reported developments related to the Kashmir Militancy Encounter in Shopian. According to official statements, security agencies responded promptly to maintain stability in the region.",REAL,BBC News
923,2024,LoC Ceasefire Violation,Kupwara,Government officials confirmed that the LoC Ceasefire Violation in Kupwara involved coordinated efforts between the army and local police to ensure public safety.,REAL,The Hindu
924,2025,Cross-border Infiltration Attempt,Jammu & Kashmir,"Defense officials released a statement regarding the Cross-border Infiltration Attempt in Jammu & Kashmir, stating that troops were deployed to monitor the situation and prevent escalation.",REAL,Indian Express
925,2020,India-Pakistan Border Tension,Punjab Border,Security forces conducted an operation in Punjab Border following intelligence reports related to the India-Pakistan Border Tension. Officials confirmed the situation was brought under control without civilian casualties.,REAL,Press Trust of India
926,2021,Terror Attack Investigation,Srinagar,"Authorities reported developments related to the Terror Attack Investigation in Srinagar. According to official statements, security agencies responded promptly to maintain stability in the region.",REAL,Reuters
927,2022,Counter-insurgency Operation,Baramulla,Government officials confirmed that the Counter-insurgency Operation in Baramulla involved coordinated efforts between the army and local police to ensure public safety.,REAL,BBC News
928,2023,Manipur Ethnic Conflict,Imphal,"Defense officials released a statement regarding the Manipur Ethnic Conflict in Imphal, stating that troops were deployed to monitor the situation and prevent escalation.",REAL,The Hindu
929,2024,Galwan Valley Clash,Ladakh,Security forces conducted an operation in Ladakh following intelligence reports related to the Galwan Valley Clash. Officials confirmed the situation was brought under control without civilian casualties.,REAL,Indian Express
930,2025,Kashmir Militancy Encounter,Shopian,"Authorities reported developments related to the Kashmir Militancy Encounter in Shopian. According to official statements, security agencies responded promptly to maintain stability in the region.",REAL,Press Trust of India
931,2020,LoC Ceasefire Violation,Kupwara,Government officials confirmed that the LoC Ceasefire Violation in Kupwara involved coordinated efforts between the army and local police to ensure public safety.,REAL,Reuters
932,2021,Cross-border Infiltration Attempt,Jammu & Kashmir,"Defense officials released a statement regarding the Cross-border Infiltration Attempt in Jammu & Kashmir, stating that troops were deployed to monitor the situation and prevent escalation.",REAL,BBC News
933,2022,India-Pakistan Border Tension,Punjab Border,Security forces conducted an operation in Punjab Border following intelligence reports related to the India-Pakistan Border Tension. Officials confirmed the situation was brought under control without civilian casualties.,REAL,The Hindu
934,2023,Terror Attack Investigation,Srinagar,"Authorities reported developments related to the Terror Attack Investigation in Srinagar. According to official statements, security agencies responded promptly to maintain stability in the region.",REAL,Indian Express
935,2024,Counter-insurgency Operation,Baramulla,Government officials confirmed that the Counter-insurgency Operation in Baramulla involved coordinated efforts between the army and local police to ensure public safety.,REAL,Press Trust of India
936,2025,Manipur Ethnic Conflict,Imphal,"Defense officials released a statement regarding the Manipur Ethnic Conflict in Imphal, stating that troops were deployed to monitor the situation and prevent escalation.",REAL,Reuters
937,2020,Galwan Valley Clash,Ladakh,Security forces conducted an operation in Ladakh following intelligence reports related to the Galwan Valley Clash. Officials confirmed the situation was brought under control without civilian casualties.,REAL,BBC News
938,2021,Kashmir Militancy Encounter,Shopian,"Authorities reported developments related to the Kashmir Militancy Encounter in Shopian. According to official statements, security agencies responded promptly to maintain stability in the region.",REAL,The Hindu
939,2022,LoC Ceasefire Violation,Kupwara,Government officials confirmed that the LoC Ceasefire Violation in Kupwara involved coordinated efforts between the army and local police to ensure public safety.,REAL,Indian Express
940,2023,Cross-border Infiltration Attempt,Jammu & Kashmir,"Defense officials released a statement regarding the Cross-border Infiltration Attempt in Jammu & Kashmir, stating that troops were deployed to monitor the situation and prevent escalation.",REAL,Press Trust of India
941,2024,India-Pakistan Border Tension,Punjab Border,Security forces conducted an operation in Punjab Border following intelligence reports related to the India-Pakistan Border Tension. Officials confirmed the situation was brought under control without civilian casualties.,REAL,Reuters
942,2025,Terror Attack Investigation,Srinagar,"Authorities reported developments related to the Terror Attack Investigation in Srinagar. According to official statements, security agencies responded promptly to maintain stability in the region.",REAL,BBC News
943,2020,Counter-insurgency Operation,Baramulla,Government officials confirmed that the Counter-insurgency Operation in Baramulla involved coordinated efforts between the army and local police to ensure public safety.,REAL,The Hindu
944,2021,Manipur Ethnic Conflict,Imphal,"Defense officials released a statement regarding the Manipur Ethnic Conflict in Imphal, stating that troops were deployed to monitor the situation and prevent escalation.",REAL,Indian Express
945,2022,Galwan Valley Clash,Ladakh,Security forces conducted an operation in Ladakh following intelligence reports related to the Galwan Valley Clash. Officials confirmed the situation was brought under control without civilian casualties.,REAL,Press Trust of India
946,2023,Kashmir Militancy Encounter,Shopian,"Authorities reported developments related to the Kashmir Militancy Encounter in Shopian. According to official statements, security agencies responded promptly to maintain stability in the region.",REAL,Reuters
947,2024,LoC Ceasefire Violation,Kupwara,Government officials confirmed that the LoC Ceasefire Violation in Kupwara involved coordinated efforts between the army and local police to ensure public safety.,REAL,BBC News
948,2025,Cross-border Infiltration Attempt,Jammu & Kashmir,"Defense officials released a statement regarding the Cross-border Infiltration Attempt in Jammu & Kashmir, stating that troops were deployed to monitor the situation and prevent escalation.",REAL,The Hindu
949,2020,India-Pakistan Border Tension,Punjab Border,Security forces conducted an operation in Punjab Border following intelligence reports related to the India-Pakistan Border Tension. Officials confirmed the situation was brought under control without civilian casualties.,REAL,Indian Express
950,2021,Terror Attack Investigation,Srinagar,"Authorities reported developments related to the Terror Attack Investigation in Srinagar. According to official statements, security agencies responded promptly to maintain stability in the region.",REAL,Press Trust of India
951,2022,Counter-insurgency Operation,Baramulla,Government officials confirmed that the Counter-insurgency Operation in Baramulla involved coordinated efforts between the army and local police to ensure public safety.,REAL,Reuters
952,2023,Manipur Ethnic Conflict,Imphal,"Defense officials released a statement regarding the Manipur Ethnic Conflict in Imphal, stating that troops were deployed to monitor the situation and prevent escalation.",REAL,BBC News
953,2024,Galwan Valley Clash,Ladakh,Security forces conducted an operation in Ladakh following intelligence reports related to the Galwan Valley Clash. Officials confirmed the situation was brought under control without civilian casualties.,REAL,The Hindu
954,2025,Kashmir Militancy Encounter,Shopian,"Authorities reported developments related to the Kashmir Militancy Encounter in Shopian. According to official statements, security agencies responded promptly to maintain stability in the region.",REAL,Indian Express
955,2020,LoC Ceasefire Violation,Kupwara,Government officials confirmed that the LoC Ceasefire Violation in Kupwara involved coordinated efforts between the army and local police to ensure public safety.,REAL,Press Trust of India
956,2021,Cross-border Infiltration Attempt,Jammu & Kashmir,"Defense officials released a statement regarding the Cross-border Infiltration Attempt in Jammu & Kashmir, stating that troops were deployed to monitor the situation and prevent escalation.",REAL,Reuters
957,2022,India-Pakistan Border Tension,Punjab Border,Security forces conducted an operation in Punjab Border following intelligence reports related to the India-Pakistan Border Tension. Officials confirmed the situation was brought under control without civilian casualties.,REAL,BBC News
958,2023,Terror Attack Investigation,Srinagar,"Authorities reported developments related to the Terror Attack Investigation in Srinagar. According to official statements, security agencies responded promptly to maintain stability in the region.",REAL,The Hindu
959,2024,Counter-insurgency Operation,Baramulla,Government officials confirmed that the Counter-insurgency Operation in Baramulla involved coordinated efforts between the army and local police to ensure public safety.,REAL,Indian Express
960,2025,Manipur Ethnic Conflict,Imphal,"Defense officials released a statement regarding the Manipur Ethnic Conflict in Imphal, stating that troops were deployed to monitor the situation and prevent escalation.",REAL,Press Trust of India
961,2020,Galwan Valley Clash,Ladakh,Security forces conducted an operation in Ladakh following intelligence reports related to the Galwan Valley Clash. Officials confirmed the situation was brought under control without civilian casualties.,REAL,Reuters
962,2021,Kashmir Militancy Encounter,Shopian,"Authorities reported developments related to the Kashmir Militancy Encounter in Shopian. According to official statements, security agencies responded promptly to maintain stability in the region.",REAL,BBC News
963,2022,LoC Ceasefire Violation,Kupwara,Government officials confirmed that the LoC Ceasefire Violation in Kupwara involved coordinated efforts between the army and local police to ensure public safety.,REAL,The Hindu
964,2023,Cross-border Infiltration Attempt,Jammu & Kashmir,"Defense officials released a statement regarding the Cross-border Infiltration Attempt in Jammu & Kashmir, stating that troops were deployed to monitor the situation and prevent escalation.",REAL,Indian Express
965,2024,India-Pakistan Border Tension,Punjab Border,Security forces conducted an operation in Punjab Border following intelligence reports related to the India-Pakistan Border Tension. Officials confirmed the situation was brought under control without civilian casualties.,REAL,Press Trust of India
966,2025,Terror Attack Investigation,Srinagar,"Authorities reported developments related to the Terror Attack Investigation in Srinagar. According to official statements, security agencies responded promptly to maintain stability in the region.",REAL,Reuters
967,2020,Counter-insurgency Operation,Baramulla,Government officials confirmed that the Counter-insurgency Operation in Baramulla involved coordinated efforts between the army and local police to ensure public safety.,REAL,BBC News
968,2021,Manipur Ethnic Conflict,Imphal,"Defense officials released a statement regarding the Manipur Ethnic Conflict in Imphal, stating that troops were deployed to monitor the situation and prevent escalation.",REAL,The Hindu
969,2022,Galwan Valley Clash,Ladakh,Security forces conducted an operation in Ladakh following intelligence reports related to the Galwan Valley Clash. Officials confirmed the situation was brought under control without civilian casualties.,REAL,Indian Express
970,2023,Kashmir Militancy Encounter,Shopian,"Authorities reported developments related to the Kashmir Militancy Encounter in Shopian. According to official statements, security agencies responded promptly to maintain stability in the region.",REAL,Press Trust of India
971,2024,LoC Ceasefire Violation,Kupwara,Government officials confirmed that the LoC Ceasefire Violation in Kupwara involved coordinated efforts between the army and local police to ensure public safety.,REAL,Reuters
972,2025,Cross-border Infiltration Attempt,Jammu & Kashmir,"Defense officials released a statement regarding the Cross-border Infiltration Attempt in Jammu & Kashmir, stating that troops were deployed to monitor the situation and prevent escalation.",REAL,BBC News
973,2020,India-Pakistan Border Tension,Punjab Border,Security forces conducted an operation in Punjab Border following intelligence reports related to the India-Pakistan Border Tension. Officials confirmed the situation was brought under control without civilian casualties.,REAL,The Hindu
974,2021,Terror Attack Investigation,Srinagar,"Authorities reported developments related to the Terror Attack Investigation in Srinagar. According to official statements, security agencies responded promptly to maintain stability in the region.",REAL,Indian Express
975,2022,Counter-insurgency Operation,Baramulla,Government officials confirmed that the Counter-insurgency Operation in Baramulla involved coordinated efforts between the army and local police to ensure public safety.,REAL,Press Trust of India
976,2023,Manipur Ethnic Conflict,Imphal,"Defense officials released a statement regarding the Manipur Ethnic Conflict in Imphal, stating that troops were deployed to monitor the situation and prevent escalation.",REAL,Reuters
977,2024,Galwan Valley Clash,Ladakh,Security forces conducted an operation in Ladakh following intelligence reports related to the Galwan Valley Clash. Officials confirmed the situation was brought under control without civilian casualties.,REAL,BBC News
978,2025,Kashmir Militancy Encounter,Shopian,"Authorities reported developments related to the Kashmir Militancy Encounter in Shopian. According to official statements, security agencies responded promptly to maintain stability in the region.",REAL,The Hindu
979,2020,LoC Ceasefire Violation,Kupwara,Government officials confirmed that the LoC Ceasefire Violation in Kupwara involved coordinated efforts between the army and local police to ensure public safety.,REAL,Indian Express
980,2021,Cross-border Infiltration Attempt,Jammu & Kashmir,"Defense officials released a statement regarding the Cross-border Infiltration Attempt in Jammu & Kashmir, stating that troops were deployed to monitor the situation and prevent escalation.",REAL,Press Trust of India
981,2022,India-Pakistan Border Tension,Punjab Border,Security forces conducted an operation in Punjab Border following intelligence reports related to the India-Pakistan Border Tension. Officials confirmed the situation was brought under control without civilian casualties.,REAL,Reuters
982,2023,Terror Attack Investigation,Srinagar,"Authorities reported developments related to the Terror Attack Investigation in Srinagar. According to official statements, security agencies responded promptly to maintain stability in the region.",REAL,BBC News
983,2024,Counter-insurgency Operation,Baramulla,Government officials confirmed that the Counter-insurgency Operation in Baramulla involved coordinated efforts between the army and local police to ensure public safety.,REAL,The Hindu
984,2025,Manipur Ethnic Conflict,Imphal,"Defense officials released a statement regarding the Manipur Ethnic Conflict in Imphal, stating that troops were deployed to monitor the situation and prevent escalation.",REAL,Indian Express
985,2020,Galwan Valley Clash,Ladakh,Security forces conducted an operation in Ladakh following intelligence reports related to the Galwan Valley Clash. Officials confirmed the situation was brought under control without civilian casualties.,REAL,Press Trust of India
986,2021,Kashmir Militancy Encounter,Shopian,"Authorities reported developments related to the Kashmir Militancy Encounter in Shopian. According to official statements, security agencies responded promptly to maintain stability in the region.",REAL,Reuters
987,2022,LoC Ceasefire Violation,Kupwara,Government officials confirmed that the LoC Ceasefire Violation in Kupwara involved coordinated efforts between the army and local police to ensure public safety.,REAL,BBC News
988,2023,Cross-border Infiltration Attempt,Jammu & Kashmir,"Defense officials released a statement regarding the Cross-border Infiltration Attempt in Jammu & Kashmir, stating that troops were deployed to monitor the situation and prevent escalation.",REAL,The Hindu
989,2024,India-Pakistan Border Tension,Punjab Border,Security forces conducted an operation in Punjab Border following intelligence reports related to the India-Pakistan Border Tension. Officials confirmed the situation was brought under control without civilian casualties.,REAL,Indian Express
990,2025,Terror Attack Investigation,Srinagar,"Authorities reported developments related to the Terror Attack Investigation in Srinagar. According to official statements, security agencies responded promptly to maintain stability in the region.",REAL,Press Trust of India
991,2020,Counter-insurgency Operation,Baramulla,Government officials confirmed that the Counter-insurgency Operation in Baramulla involved coordinated efforts between the army and local police to ensure public safety.,REAL,Reuters
992,2021,Manipur Ethnic Conflict,Imphal,"Defense officials released a statement regarding the Manipur Ethnic Conflict in Imphal, stating that troops were deployed to monitor the situation and prevent escalation.",REAL,BBC News
993,2022,Galwan Valley Clash,Ladakh,Security forces conducted an operation in Ladakh following intelligence reports related to the Galwan Valley Clash. Officials confirmed the situation was brought under control without civilian casualties.,REAL,The Hindu
994,2023,Kashmir Militancy Encounter,Shopian,"Authorities reported developments related to the Kashmir Militancy Encounter in Shopian. According to official statements, security agencies responded promptly to maintain stability in the region.",REAL,Indian Express
995,2024,LoC Ceasefire Violation,Kupwara,Government officials confirmed that the LoC Ceasefire Violation in Kupwara involved coordinated efforts between the army and local police to ensure public safety.,REAL,Press Trust of India
996,2025,Cross-border Infiltration Attempt,Jammu & Kashmir,"Defense officials released a statement regarding the Cross-border Infiltration Attempt in Jammu & Kashmir, stating that troops were deployed to monitor the situation and prevent escalation.",REAL,Reuters
997,2020,India-Pakistan Border Tension,Punjab Border,Security forces conducted an operation in Punjab Border following intelligence reports related to the India-Pakistan Border Tension. Officials confirmed the situation was brought under control without civilian casualties.,REAL,BBC News
998,2021,Terror Attack Investigation,Srinagar,"Authorities reported developments related to the Terror Attack Investigation in Srinagar. According to official statements, security agencies responded promptly to maintain stability in the region.",REAL,The Hindu
999,2022,Counter-insurgency Operation,Baramulla,Government officials confirmed that the Counter-insurgency Operation in Baramulla involved coordinated efforts between the army and local police to ensure public safety.,REAL,Indian Express
1000,2023,Manipur Ethnic Conflict,Imphal,"Defense officials released a statement regarding the Manipur Ethnic Conflict in Imphal, stating that troops were deployed to monitor the situation and prevent escalation.",REAL,Press Trust of India
1001,2020,Galwan Valley Clash,Ladakh,"A viral social media post claimed that a major military disaster occurred during the Galwan Valley Clash in Ladakh, but fact-checkers later confirmed that the claim was false and based on misleading information.",FAKE,Alt News
1002,2021,Kashmir Militancy Encounter,Shopian,"Images circulating online were claimed to show destruction during the Kashmir Militancy Encounter in Shopian; however, verification revealed that the pictures were actually from an unrelated incident in another country.",FAKE,BOOM Live
1003,2022,LoC Ceasefire Violation,Kupwara,"Several Facebook and WhatsApp messages alleged secret military actions during the LoC Ceasefire Violation in Kupwara, but fact-checking organizations found no official evidence supporting these claims.",FAKE,Factly
1004,2023,Cross-border Infiltration Attempt,Jammu & Kashmir,"A widely shared video was said to depict conflict during the Cross-border Infiltration Attempt in Jammu & Kashmir, but investigators determined that the footage was old and unrelated to the incident.",FAKE,PIB Fact Check
1005,2024,India-Pakistan Border Tension,Punjab Border,"A viral social media post claimed that a major military disaster occurred during the India-Pakistan Border Tension in Punjab Border, but fact-checkers later confirmed that the claim was false and based on misleading information.",FAKE,Newschecker
1006,2025,Terror Attack Investigation,Srinagar,"Images circulating online were claimed to show destruction during the Terror Attack Investigation in Srinagar; however, verification revealed that the pictures were actually from an unrelated incident in another country.",FAKE,Alt News
1007,2020,Counter-insurgency Operation,Baramulla,"Several Facebook and WhatsApp messages alleged secret military actions during the Counter-insurgency Operation in Baramulla, but fact-checking organizations found no official evidence supporting these claims.",FAKE,BOOM Live
1008,2021,Manipur Ethnic Conflict,Imphal,"A widely shared video was said to depict conflict during the Manipur Ethnic Conflict in Imphal, but investigators determined that the footage was old and unrelated to the incident.",FAKE,Factly
1009,2022,Galwan Valley Clash,Ladakh,"A viral social media post claimed that a major military disaster occurred during the Galwan Valley Clash in Ladakh, but fact-checkers later confirmed that the claim was false and based on misleading information.",FAKE,PIB Fact Check
1010,2023,Kashmir Militancy Encounter,Shopian,"Images circulating online were claimed to show destruction during the Kashmir Militancy Encounter in Shopian; however, verification revealed that the pictures were actually from an unrelated incident in another country.",FAKE,Newschecker
1011,2024,LoC Ceasefire Violation,Kupwara,"Several Facebook and WhatsApp messages alleged secret military actions during the LoC Ceasefire Violation in Kupwara, but fact-checking organizations found no official evidence supporting these claims.",FAKE,Alt News
1012,2025,Cross-border Infiltration Attempt,Jammu & Kashmir,"A widely shared video was said to depict conflict during the Cross-border Infiltration Attempt in Jammu & Kashmir, but investigators determined that the footage was old and unrelated to the incident.",FAKE,BOOM Live
1013,2020,India-Pakistan Border Tension,Punjab Border,"A viral social media post claimed that a major military disaster occurred during the India-Pakistan Border Tension in Punjab Border, but fact-checkers later confirmed that the claim was false and based on misleading information.",FAKE,Factly
1014,2021,Terror Attack Investigation,Srinagar,"Images circulating online were claimed to show destruction during the Terror Attack Investigation in Srinagar; however, verification revealed that the pictures were actually from an unrelated incident in another country.",FAKE,PIB Fact Check
1015,2022,Counter-insurgency Operation,Baramulla,"Several Facebook and WhatsApp messages alleged secret military actions during the Counter-insurgency Operation in Baramulla, but fact-checking organizations found no official evidence supporting these claims.",FAKE,Newschecker
1016,2023,Manipur Ethnic Conflict,Imphal,"A widely shared video was said to depict conflict during the Manipur Ethnic Conflict in Imphal, but investigators determined that the footage was old and unrelated to the incident.",FAKE,Alt News
1017,2024,Galwan Valley Clash,Ladakh,"A viral social media post claimed that a major military disaster occurred during the Galwan Valley Clash in Ladakh, but fact-checkers later confirmed that the claim was false and based on misleading information.",FAKE,BOOM Live
1018,2025,Kashmir Militancy Encounter,Shopian,"Images circulating online were claimed to show destruction during the Kashmir Militancy Encounter in Shopian; however, verification revealed that the pictures were actually from an unrelated incident in another country.",FAKE,Factly
1019,2020,LoC Ceasefire Violation,Kupwara,"Several Facebook and WhatsApp messages alleged secret military actions during the LoC Ceasefire Violation in Kupwara, but fact-checking organizations found no official evidence supporting these claims.",FAKE,PIB Fact Check
1020,2021,Cross-border Infiltration Attempt,Jammu & Kashmir,"A widely shared video was said to depict conflict during the Cross-border Infiltration Attempt in Jammu & Kashmir, but investigators determined that the footage was old and unrelated to the incident.",FAKE,Newschecker
1021,2022,India-Pakistan Border Tension,Punjab Border,"A viral social media post claimed that a major military disaster occurred during the India-Pakistan Border Tension in Punjab Border, but fact-checkers later confirmed that the claim was false and based on misleading information.",FAKE,Alt News
1022,2023,Terror Attack Investigation,Srinagar,"Images circulating online were claimed to show destruction during the Terror Attack Investigation in Srinagar; however, verification revealed that the pictures were actually from an unrelated incident in another country.",FAKE,BOOM Live
1023,2024,Counter-insurgency Operation,Baramulla,"Several Facebook and WhatsApp messages alleged secret military actions during the Counter-insurgency Operation in Baramulla, but fact-checking organizations found no official evidence supporting these claims.",FAKE,Factly
1024,2025,Manipur Ethnic Conflict,Imphal,"A widely shared video was said to depict conflict during the Manipur Ethnic Conflict in Imphal, but investigators determined that the footage was old and unrelated to the incident.",FAKE,PIB Fact Check
1025,2020,Galwan Valley Clash,Ladakh,"A viral social media post claimed that a major military disaster occurred during the Galwan Valley Clash in Ladakh, but fact-checkers later confirmed that the claim was false and based on misleading information.",FAKE,Newschecker
1026,2021,Kashmir Militancy Encounter,Shopian,"Images circulating online were claimed to show destruction during the Kashmir Militancy Encounter in Shopian; however, verification revealed that the pictures were actually from an unrelated incident in another country.",FAKE,Alt News
1027,2022,LoC Ceasefire Violation,Kupwara,"Several Facebook and WhatsApp messages alleged secret military actions during the LoC Ceasefire Violation in Kupwara, but fact-checking organizations found no official evidence supporting these claims.",FAKE,BOOM Live
1028,2023,Cross-border Infiltration Attempt,Jammu & Kashmir,"A widely shared video was said to depict conflict during the Cross-border Infiltration Attempt in Jammu & Kashmir, but investigators determined that the footage was old and unrelated to the incident.",FAKE,Factly
1029,2024,India-Pakistan Border Tension,Punjab Border,"A viral social media post claimed that a major military disaster occurred during the India-Pakistan Border Tension in Punjab Border, but fact-checkers later confirmed that the claim was false and based on misleading information.",FAKE,PIB Fact Check
1030,2025,Terror Attack Investigation,Srinagar,"Images circulating online were claimed to show destruction during the Terror Attack Investigation in Srinagar; however, verification revealed that the pictures were actually from an unrelated incident in another country.",FAKE,Newschecker
1031,2020,Counter-insurgency Operation,Baramulla,"Several Facebook and WhatsApp messages alleged secret military actions during the Counter-insurgency Operation in Baramulla, but fact-checking organizations found no official evidence supporting these claims.",FAKE,Alt News
1032,2021,Manipur Ethnic Conflict,Imphal,"A widely shared video was said to depict conflict during the Manipur Ethnic Conflict in Imphal, but investigators determined that the footage was old and unrelated to the incident.",FAKE,BOOM Live
1033,2022,Galwan Valley Clash,Ladakh,"A viral social media post claimed that a major military disaster occurred during the Galwan Valley Clash in Ladakh, but fact-checkers later confirmed that the claim was false and based on misleading information.",FAKE,Factly
1034,2023,Kashmir Militancy Encounter,Shopian,"Images circulating online were claimed to show destruction during the Kashmir Militancy Encounter in Shopian; however, verification revealed that the pictures were actually from an unrelated incident in another country.",FAKE,PIB Fact Check
1035,2024,LoC Ceasefire Violation,Kupwara,"Several Facebook and WhatsApp messages alleged secret military actions during the LoC Ceasefire Violation in Kupwara, but fact-checking organizations found no official evidence supporting these claims.",FAKE,Newschecker
1036,2025,Cross-border Infiltration Attempt,Jammu & Kashmir,"A widely shared video was said to depict conflict during the Cross-border Infiltration Attempt in Jammu & Kashmir, but investigators determined that the footage was old and unrelated to the incident.",FAKE,Alt News
1037,2020,India-Pakistan Border Tension,Punjab Border,"A viral social media post claimed that a major military disaster occurred during the India-Pakistan Border Tension in Punjab Border, but fact-checkers later confirmed that the claim was false and based on misleading information.",FAKE,BOOM Live
1038,2021,Terror Attack Investigation,Srinagar,"Images circulating online were claimed to show destruction during the Terror Attack Investigation in Srinagar; however, verification revealed that the pictures were actually from an unrelated incident in another country.",FAKE,Factly
1039,2022,Counter-insurgency Operation,Baramulla,"Several Facebook and WhatsApp messages alleged secret military actions during the Counter-insurgency Operation in Baramulla, but fact-checking organizations found no official evidence supporting these claims.",FAKE,PIB Fact Check
1040,2023,Manipur Ethnic Conflict,Imphal,"A widely shared video was said to depict conflict during the Manipur Ethnic Conflict in Imphal, but investigators determined that the footage was old and unrelated to the incident.",FAKE,Newschecker
1041,2024,Galwan Valley Clash,Ladakh,"A viral social media post claimed that a major military disaster occurred during the Galwan Valley Clash in Ladakh, but fact-checkers later confirmed that the claim was false and based on misleading information.",FAKE,Alt News
1042,2025,Kashmir Militancy Encounter,Shopian,"Images circulating online were claimed to show destruction during the Kashmir Militancy Encounter in Shopian; however, verification revealed that the pictures were actually from an unrelated incident in another country.",FAKE,BOOM Live
1043,2020,LoC Ceasefire Violation,Kupwara,"Several Facebook and WhatsApp messages alleged secret military actions during the LoC Ceasefire Violation in Kupwara, but fact-checking organizations found no official evidence supporting these claims.",FAKE,Factly
1044,2021,Cross-border Infiltration Attempt,Jammu & Kashmir,"A widely shared video was said to depict conflict during the Cross-border Infiltration Attempt in Jammu & Kashmir, but investigators determined that the footage was old and unrelated to the incident.",FAKE,PIB Fact Check
1045,2022,India-Pakistan Border Tension,Punjab Border,"A viral social media post claimed that a major military disaster occurred during the India-Pakistan Border Tension in Punjab Border, but fact-checkers later confirmed that the claim was false and based on misleading information.",FAKE,Newschecker
1046,2023,Terror Attack Investigation,Srinagar,"Images circulating online were claimed to show destruction during the Terror Attack Investigation in Srinagar; however, verification revealed that the pictures were actually from an unrelated incident in another country.",FAKE,Alt News
1047,2024,Counter-insurgency Operation,Baramulla,"Several Facebook and WhatsApp messages alleged secret military actions during the Counter-insurgency Operation in Baramulla, but fact-checking organizations found no official evidence supporting these claims.",FAKE,BOOM Live
1048,2025,Manipur Ethnic Conflict,Imphal,"A widely shared video was said to depict conflict during the Manipur Ethnic Conflict in Imphal, but investigators determined that the footage was old and unrelated to the incident.",FAKE,Factly
1049,2020,Galwan Valley Clash,Ladakh,"A viral social media post claimed that a major military disaster occurred during the Galwan Valley Clash in Ladakh, but fact-checkers later confirmed that the claim was false and based on misleading information.",FAKE,PIB Fact Check
1050,2021,Kashmir Militancy Encounter,Shopian,"Images circulating online were claimed to show destruction during the Kashmir Militancy Encounter in Shopian; however, verification revealed that the pictures were actually from an unrelated incident in another country.",FAKE,Newschecker
1051,2022,LoC Ceasefire Violation,Kupwara,"Several Facebook and WhatsApp messages alleged secret military actions during the LoC Ceasefire Violation in Kupwara, but fact-checking organizations found no official evidence supporting these claims.",FAKE,Alt News
1052,2023,Cross-border Infiltration Attempt,Jammu & Kashmir,"A widely shared video was said to depict conflict during the Cross-border Infiltration Attempt in Jammu & Kashmir, but investigators determined that the footage was old and unrelated to the incident.",FAKE,BOOM Live
1053,2024,India-Pakistan Border Tension,Punjab Border,"A viral social media post claimed that a major military disaster occurred during the India-Pakistan Border Tension in Punjab Border, but fact-checkers later confirmed that the claim was false and based on misleading information.",FAKE,Factly
1054,2025,Terror Attack Investigation,Srinagar,"Images circulating online were claimed to show destruction during the Terror Attack Investigation in Srinagar; however, verification revealed that the pictures were actually from an unrelated incident in another country.",FAKE,PIB Fact Check
1055,2020,Counter-insurgency Operation,Baramulla,"Several Facebook and WhatsApp messages alleged secret military actions during the Counter-insurgency Operation in Baramulla, but fact-checking organizations found no official evidence supporting these claims.",FAKE,Newschecker
1056,2021,Manipur Ethnic Conflict,Imphal,"A widely shared video was said to depict conflict during the Manipur Ethnic Conflict in Imphal, but investigators determined that the footage was old and unrelated to the incident.",FAKE,Alt News
1057,2022,Galwan Valley Clash,Ladakh,"A viral social media post claimed that a major military disaster occurred during the Galwan Valley Clash in Ladakh, but fact-checkers later confirmed that the claim was false and based on misleading information.",FAKE,BOOM Live
1058,2023,Kashmir Militancy Encounter,Shopian,"Images circulating online were claimed to show destruction during the Kashmir Militancy Encounter in Shopian; however, verification revealed that the pictures were actually from an unrelated incident in another country.",FAKE,Factly
1059,2024,LoC Ceasefire Violation,Kupwara,"Several Facebook and WhatsApp messages alleged secret military actions during the LoC Ceasefire Violation in Kupwara, but fact-checking organizations found no official evidence supporting these claims.",FAKE,PIB Fact Check
1060,2025,Cross-border Infiltration Attempt,Jammu & Kashmir,"A widely shared video was said to depict conflict during the Cross-border Infiltration Attempt in Jammu & Kashmir, but investigators determined that the footage was old and unrelated to the incident.",FAKE,Newschecker
1061,2020,India-Pakistan Border Tension,Punjab Border,"A viral social media post claimed that a major military disaster occurred during the India-Pakistan Border Tension in Punjab Border, but fact-checkers later confirmed that the claim was false and based on misleading information.",FAKE,Alt News
1062,2021,Terror Attack Investigation,Srinagar,"Images circulating online were claimed to show destruction during the Terror Attack Investigation in Srinagar; however, verification revealed that the pictures were actually from an unrelated incident in another country.",FAKE,BOOM Live
1063,2022,Counter-insurgency Operation,Baramulla,"Several Facebook and WhatsApp messages alleged secret military actions during the Counter-insurgency Operation in Baramulla, but fact-checking organizations found no official evidence supporting these claims.",FAKE,Factly
1064,2023,Manipur Ethnic Conflict,Imphal,"A widely shared video was said to depict conflict during the Manipur Ethnic Conflict in Imphal, but investigators determined that the footage was old and unrelated to the incident.",FAKE,PIB Fact Check
1065,2024,Galwan Valley Clash,Ladakh,"A viral social media post claimed that a major military disaster occurred during the Galwan Valley Clash in Ladakh, but fact-checkers later confirmed that the claim was false and based on misleading information.",FAKE,Newschecker
1066,2025,Kashmir Militancy Encounter,Shopian,"Images circulating online were claimed to show destruction during the Kashmir Militancy Encounter in Shopian; however, verification revealed that the pictures were actually from an unrelated incident in another country.",FAKE,Alt News
1067,2020,LoC Ceasefire Violation,Kupwara,"Several Facebook and WhatsApp messages alleged secret military actions during the LoC Ceasefire Violation in Kupwara, but fact-checking organizations found no official evidence supporting these claims.",FAKE,BOOM Live
1068,2021,Cross-border Infiltration Attempt,Jammu & Kashmir,"A widely shared video was said to depict conflict during the Cross-border Infiltration Attempt in Jammu & Kashmir, but investigators determined that the footage was old and unrelated to the incident.",FAKE,Factly
1069,2022,India-Pakistan Border Tension,Punjab Border,"A viral social media post claimed that a major military disaster occurred during the India-Pakistan Border Tension in Punjab Border, but fact-checkers later confirmed that the claim was false and based on misleading information.",FAKE,PIB Fact Check
1070,2023,Terror Attack Investigation,Srinagar,"Images circulating online were claimed to show destruction during the Terror Attack Investigation in Srinagar; however, verification revealed that the pictures were actually from an unrelated incident in another country.",FAKE,Newschecker
1071,2024,Counter-insurgency Operation,Baramulla,"Several Facebook and WhatsApp messages alleged secret military actions during the Counter-insurgency Operation in Baramulla, but fact-checking organizations found no official evidence supporting these claims.",FAKE,Alt News
1072,2025,Manipur Ethnic Conflict,Imphal,"A widely shared video was said to depict conflict during the Manipur Ethnic Conflict in Imphal, but investigators determined that the footage was old and unrelated to the incident.",FAKE,BOOM Live
1073,2020,Galwan Valley Clash,Ladakh,"A viral social media post claimed that a major military disaster occurred during the Galwan Valley Clash in Ladakh, but fact-checkers later confirmed that the claim was false and based on misleading information.",FAKE,Factly
1074,2021,Kashmir Militancy Encounter,Shopian,"Images circulating online were claimed to show destruction during the Kashmir Militancy Encounter in Shopian; however, verification revealed that the pictures were actually from an unrelated incident in another country.",FAKE,PIB Fact Check
1075,2022,LoC Ceasefire Violation,Kupwara,"Several Facebook and WhatsApp messages alleged secret military actions during the LoC Ceasefire Violation in Kupwara, but fact-checking organizations found no official evidence supporting these claims.",FAKE,Newschecker
1076,2023,Cross-border Infiltration Attempt,Jammu & Kashmir,"A widely shared video was said to depict conflict during the Cross-border Infiltration Attempt in Jammu & Kashmir, but investigators determined that the footage was old and unrelated to the incident.",FAKE,Alt News
1077,2024,India-Pakistan Border Tension,Punjab Border,"A viral social media post claimed that a major military disaster occurred during the India-Pakistan Border Tension in Punjab Border, but fact-checkers later confirmed that the claim was false and based on misleading information.",FAKE,BOOM Live
1078,2025,Terror Attack Investigation,Srinagar,"Images circulating online were claimed to show destruction during the Terror Attack Investigation in Srinagar; however, verification revealed that the pictures were actually from an unrelated incident in another country.",FAKE,Factly
1079,2020,Counter-insurgency Operation,Baramulla,"Several Facebook and WhatsApp messages alleged secret military actions during the Counter-insurgency Operation in Baramulla, but fact-checking organizations found no official evidence supporting these claims.",FAKE,PIB Fact Check
1080,2021,Manipur Ethnic Conflict,Imphal,"A widely shared video was said to depict conflict during the Manipur Ethnic Conflict in Imphal, but investigators determined that the footage was old and unrelated to the incident.",FAKE,Newschecker
1081,2022,Galwan Valley Clash,Ladakh,"A viral social media post claimed that a major military disaster occurred during the Galwan Valley Clash in Ladakh, but fact-checkers later confirmed that the claim was false and based on misleading information.",FAKE,Alt News
1082,2023,Kashmir Militancy Encounter,Shopian,"Images circulating online were claimed to show destruction during the Kashmir Militancy Encounter in Shopian; however, verification revealed that the pictures were actually from an unrelated incident in another country.",FAKE,BOOM Live
1083,2024,LoC Ceasefire Violation,Kupwara,"Several Facebook and WhatsApp messages alleged secret military actions during the LoC Ceasefire Violation in Kupwara, but fact-checking organizations found no official evidence supporting these claims.",FAKE,Factly
1084,2025,Cross-border Infiltration Attempt,Jammu & Kashmir,"A widely shared video was said to depict conflict during the Cross-border Infiltration Attempt in Jammu & Kashmir, but investigators determined that the footage was old and unrelated to the incident.",FAKE,PIB Fact Check
1085,2020,India-Pakistan Border Tension,Punjab Border,"A viral social media post claimed that a major military disaster occurred during the India-Pakistan Border Tension in Punjab Border, but fact-checkers later confirmed that the claim was false and based on misleading information.",FAKE,Newschecker
1086,2021,Terror Attack Investigation,Srinagar,"Images circulating online were claimed to show destruction during the Terror Attack Investigation in Srinagar; however, verification revealed that the pictures were actually from an unrelated incident in another country.",FAKE,Alt News
1087,2022,Counter-insurgency Operation,Baramulla,"Several Facebook and WhatsApp messages alleged secret military actions during the Counter-insurgency Operation in Baramulla, but fact-checking organizations found no official evidence supporting these claims.",FAKE,BOOM Live
1088,2023,Manipur Ethnic Conflict,Imphal,"A widely shared video was said to depict conflict during the Manipur Ethnic Conflict in Imphal, but investigators determined that the footage was old and unrelated to the incident.",FAKE,Factly
1089,2024,Galwan Valley Clash,Ladakh,"A viral social media post claimed that a major military disaster occurred during the Galwan Valley Clash in Ladakh, but fact-checkers later confirmed that the claim was false and based on misleading information.",FAKE,PIB Fact Check
1090,2025,Kashmir Militancy Encounter,Shopian,"Images circulating online were claimed to show destruction during the Kashmir Militancy Encounter in Shopian; however, verification revealed that the pictures were actually from an unrelated incident in another country.",FAKE,Newschecker
1091,2020,LoC Ceasefire Violation,Kupwara,"Several Facebook and WhatsApp messages alleged secret military actions during the LoC Ceasefire Violation in Kupwara, but fact-checking organizations found no official evidence supporting these claims.",FAKE,Alt News
1092,2021,Cross-border Infiltration Attempt,Jammu & Kashmir,"A widely shared video was said to depict conflict during the Cross-border Infiltration Attempt in Jammu & Kashmir, but investigators determined that the footage was old and unrelated to the incident.",FAKE,BOOM Live
1093,2022,India-Pakistan Border Tension,Punjab Border,"A viral social media post claimed that a major military disaster occurred during the India-Pakistan Border Tension in Punjab Border, but fact-checkers later confirmed that the claim was false and based on misleading information.",FAKE,Factly
1094,2023,Terror Attack Investigation,Srinagar,"Images circulating online were claimed to show destruction during the Terror Attack Investigation in Srinagar; however, verification revealed that the pictures were actually from an unrelated incident in another country.",FAKE,PIB Fact Check
1095,2024,Counter-insurgency Operation,Baramulla,"Several Facebook and WhatsApp messages alleged secret military actions during the Counter-insurgency Operation in Baramulla, but fact-checking organizations found no official evidence supporting these claims.",FAKE,Newschecker
1096,2025,Manipur Ethnic Conflict,Imphal,"A widely shared video was said to depict conflict during the Manipur Ethnic Conflict in Imphal, but investigators determined that the footage was old and unrelated to the incident.",FAKE,Alt News
1097,2020,Galwan Valley Clash,Ladakh,"A viral social media post claimed that a major military disaster occurred during the Galwan Valley Clash in Ladakh, but fact-checkers later confirmed that the claim was false and based on misleading information.",FAKE,BOOM Live
1098,2021,Kashmir Militancy Encounter,Shopian,"Images circulating online were claimed to show destruction during the Kashmir Militancy Encounter in Shopian; however, verification revealed that the pictures were actually from an unrelated incident in another country.",FAKE,Factly
1099,2022,LoC Ceasefire Violation,Kupwara,"Several Facebook and WhatsApp messages alleged secret military actions during the LoC Ceasefire Violation in Kupwara, but fact-checking organizations found no official evidence supporting these claims.",FAKE,PIB Fact Check
1100,2023,Cross-border Infiltration Attempt,Jammu & Kashmir,"A widely shared video was said to depict conflict during the Cross-border Infiltration Attempt in Jammu & Kashmir, but investigators determined that the footage was old and unrelated to the incident.",FAKE,Newschecker
1101,2024,India-Pakistan Border Tension,Punjab Border,"A viral social media post claimed that a major military disaster occurred during the India-Pakistan Border Tension in Punjab Border, but fact-checkers later confirmed that the claim was false and based on misleading information.",FAKE,Alt News
1102,2025,Terror Attack Investigation,Srinagar,"Images circulating online were claimed to show destruction during the Terror Attack Investigation in Srinagar; however, verification revealed that the pictures were actually from an unrelated incident in another country.",FAKE,BOOM Live
1103,2020,Counter-insurgency Operation,Baramulla,"Several Facebook and WhatsApp messages alleged secret military actions during the Counter-insurgency Operation in Baramulla, but fact-checking organizations found no official evidence supporting these claims.",FAKE,Factly
1104,2021,Manipur Ethnic Conflict,Imphal,"A widely shared video was said to depict conflict during the Manipur Ethnic Conflict in Imphal, but investigators determined that the footage was old and unrelated to the incident.",FAKE,PIB Fact Check
1105,2022,Galwan Valley Clash,Ladakh,"A viral social media post claimed that a major military disaster occurred during the Galwan Valley Clash in Ladakh, but fact-checkers later confirmed that the claim was false and based on misleading information.",FAKE,Newschecker
1106,2023,Kashmir Militancy Encounter,Shopian,"Images circulating online were claimed to show destruction during the Kashmir Militancy Encounter in Shopian; however, verification revealed that the pictures were actually from an unrelated incident in another country.",FAKE,Alt News
1107,2024,LoC Ceasefire Violation,Kupwara,"Several Facebook and WhatsApp messages alleged secret military actions during the LoC Ceasefire Violation in Kupwara, but fact-checking organizations found no official evidence supporting these claims.",FAKE,BOOM Live
1108,2025,Cross-border Infiltration Attempt,Jammu & Kashmir,"A widely shared video was said to depict conflict during the Cross-border Infiltration Attempt in Jammu & Kashmir, but investigators determined that the footage was old and unrelated to the incident.",FAKE,Factly
1109,2020,India-Pakistan Border Tension,Punjab Border,"A viral social media post claimed that a major military disaster occurred during the India-Pakistan Border Tension in Punjab Border, but fact-checkers later confirmed that the claim was false and based on misleading information.",FAKE,PIB Fact Check
1110,2021,Terror Attack Investigation,Srinagar,"Images circulating online were claimed to show destruction during the Terror Attack Investigation in Srinagar; however, verification revealed that the pictures were actually from an unrelated incident in another country.",FAKE,Newschecker
1111,2022,Counter-insurgency Operation,Baramulla,"Several Facebook and WhatsApp messages alleged secret military actions during the Counter-insurgency Operation in Baramulla, but fact-checking organizations found no official evidence supporting these claims.",FAKE,Alt News
1112,2023,Manipur Ethnic Conflict,Imphal,"A widely shared video was said to depict conflict during the Manipur Ethnic Conflict in Imphal, but investigators determined that the footage was old and unrelated to the incident.",FAKE,BOOM Live
1113,2024,Galwan Valley Clash,Ladakh,"A viral social media post claimed that a major military disaster occurred during the Galwan Valley Clash in Ladakh, but fact-checkers later confirmed that the claim was false and based on misleading information.",FAKE,Factly
1114,2025,Kashmir Militancy Encounter,Shopian,"Images circulating online were claimed to show destruction during the Kashmir Militancy Encounter in Shopian; however, verification revealed that the pictures were actually from an unrelated incident in another country.",FAKE,PIB Fact Check
1115,2020,LoC Ceasefire Violation,Kupwara,"Several Facebook and WhatsApp messages alleged secret military actions during the LoC Ceasefire Violation in Kupwara, but fact-checking organizations found no official evidence supporting these claims.",FAKE,Newschecker
1116,2021,Cross-border Infiltration Attempt,Jammu & Kashmir,"A widely shared video was said to depict conflict during the Cross-border Infiltration Attempt in Jammu & Kashmir, but investigators determined that the footage was old and unrelated to the incident.",FAKE,Alt News
1117,2022,India-Pakistan Border Tension,Punjab Border,"A viral social media post claimed that a major military disaster occurred during the India-Pakistan Border Tension in Punjab Border, but fact-checkers later confirmed that the claim was false and based on misleading information.",FAKE,BOOM Live
1118,2023,Terror Attack Investigation,Srinagar,"Images circulating online were claimed to show destruction during the Terror Attack Investigation in Srinagar; however, verification revealed that the pictures were actually from an unrelated incident in another country.",FAKE,Factly
1119,2024,Counter-insurgency Operation,Baramulla,"Several Facebook and WhatsApp messages alleged secret military actions during the Counter-insurgency Operation in Baramulla, but fact-checking organizations found no official evidence supporting these claims.",FAKE,PIB Fact Check
1120,2025,Manipur Ethnic Conflict,Imphal,"A widely shared video was said to depict conflict during the Manipur Ethnic Conflict in Imphal, but investigators determined that the footage was old and unrelated to the incident.",FAKE,Newschecker
1121,2020,Galwan Valley Clash,Ladakh,"A viral social media post claimed that a major military disaster occurred during the Galwan Valley Clash in Ladakh, but fact-checkers later confirmed that the claim was false and based on misleading information.",FAKE,Alt News
1122,2021,Kashmir Militancy Encounter,Shopian,"Images circulating online were claimed to show destruction during the Kashmir Militancy Encounter in Shopian; however, verification revealed that the pictures were actually from an unrelated incident in another country.",FAKE,BOOM Live
1123,2022,LoC Ceasefire Violation,Kupwara,"Several Facebook and WhatsApp messages alleged secret military actions during the LoC Ceasefire Violation in Kupwara, but fact-checking organizations found no official evidence supporting these claims.",FAKE,Factly
1124,2023,Cross-border Infiltration Attempt,Jammu & Kashmir,"A widely shared video was said to depict conflict during the Cross-border Infiltration Attempt in Jammu & Kashmir, but investigators determined that the footage was old and unrelated to the incident.",FAKE,PIB Fact Check
1125,2024,India-Pakistan Border Tension,Punjab Border,"A viral social media post claimed that a major military disaster occurred during the India-Pakistan Border Tension in Punjab Border, but fact-checkers later confirmed that the claim was false and based on misleading information.",FAKE,Newschecker
1126,2025,Terror Attack Investigation,Srinagar,"Images circulating online were claimed to show destruction during the Terror Attack Investigation in Srinagar; however, verification revealed that the pictures were actually from an unrelated incident in another country.",FAKE,Alt News
1127,2020,Counter-insurgency Operation,Baramulla,"Several Facebook and WhatsApp messages alleged secret military actions during the Counter-insurgency Operation in Baramulla, but fact-checking organizations found no official evidence supporting these claims.",FAKE,BOOM Live
1128,2021,Manipur Ethnic Conflict,Imphal,"A widely shared video was said to depict conflict during the Manipur Ethnic Conflict in Imphal, but investigators determined that the footage was old and unrelated to the incident.",FAKE,Factly
1129,2022,Galwan Valley Clash,Ladakh,"A viral social media post claimed that a major military disaster occurred during the Galwan Valley Clash in Ladakh, but fact-checkers later confirmed that the claim was false and based on misleading information.",FAKE,PIB Fact Check
1130,2023,Kashmir Militancy Encounter,Shopian,"Images circulating online were claimed to show destruction during the Kashmir Militancy Encounter in Shopian; however, verification revealed that the pictures were actually from an unrelated incident in another country.",FAKE,Newschecker
1131,2024,LoC Ceasefire Violation,Kupwara,"Several Facebook and WhatsApp messages alleged secret military actions during the LoC Ceasefire Violation in Kupwara, but fact-checking organizations found no official evidence supporting these claims.",FAKE,Alt News
1132,2025,Cross-border Infiltration Attempt,Jammu & Kashmir,"A widely shared video was said to depict conflict during the Cross-border Infiltration Attempt in Jammu & Kashmir, but investigators determined that the footage was old and unrelated to the incident.",FAKE,BOOM Live
1133,2020,India-Pakistan Border Tension,Punjab Border,"A viral social media post claimed that a major military disaster occurred during the India-Pakistan Border Tension in Punjab Border, but fact-checkers later confirmed that the claim was false and based on misleading information.",FAKE,Factly
1134,2021,Terror Attack Investigation,Srinagar,"Images circulating online were claimed to show destruction during the Terror Attack Investigation in Srinagar; however, verification revealed that the pictures were actually from an unrelated incident in another country.",FAKE,PIB Fact Check
1135,2022,Counter-insurgency Operation,Baramulla,"Several Facebook and WhatsApp messages alleged secret military actions during the Counter-insurgency Operation in Baramulla, but fact-checking organizations found no official evidence supporting these claims.",FAKE,Newschecker
1136,2023,Manipur Ethnic Conflict,Imphal,"A widely shared video was said to depict conflict during the Manipur Ethnic Conflict in Imphal, but investigators determined that the footage was old and unrelated to the incident.",FAKE,Alt News
1137,2024,Galwan Valley Clash,Ladakh,"A viral social media post claimed that a major military disaster occurred during the Galwan Valley Clash in Ladakh, but fact-checkers later confirmed that the claim was false and based on misleading information.",FAKE,BOOM Live
1138,2025,Kashmir Militancy Encounter,Shopian,"Images circulating online were claimed to show destruction during the Kashmir Militancy Encounter in Shopian; however, verification revealed that the pictures were actually from an unrelated incident in another country.",FAKE,Factly
1139,2020,LoC Ceasefire Violation,Kupwara,"Several Facebook and WhatsApp messages alleged secret military actions during the LoC Ceasefire Violation in Kupwara, but fact-checking organizations found no official evidence supporting these claims.",FAKE,PIB Fact Check
1140,2021,Cross-border Infiltration Attempt,Jammu & Kashmir,"A widely shared video was said to depict conflict during the Cross-border Infiltration Attempt in Jammu & Kashmir, but investigators determined that the footage was old and unrelated to the incident.",FAKE,Newschecker
1141,2022,India-Pakistan Border Tension,Punjab Border,"A viral social media post claimed that a major military disaster occurred during the India-Pakistan Border Tension in Punjab Border, but fact-checkers later confirmed that the claim was false and based on misleading information.",FAKE,Alt News
1142,2023,Terror Attack Investigation,Srinagar,"Images circulating online were claimed to show destruction during the Terror Attack Investigation in Srinagar; however, verification revealed that the pictures were actually from an unrelated incident in another country.",FAKE,BOOM Live
1143,2024,Counter-insurgency Operation,Baramulla,"Several Facebook and WhatsApp messages alleged secret military actions during the Counter-insurgency Operation in Baramulla, but fact-checking organizations found no official evidence supporting these claims.",FAKE,Factly
1144,2025,Manipur Ethnic Conflict,Imphal,"A widely shared video was said to depict conflict during the Manipur Ethnic Conflict in Imphal, but investigators determined that the footage was old and unrelated to the incident.",FAKE,PIB Fact Check
1145,2020,Galwan Valley Clash,Ladakh,"A viral social media post claimed that a major military disaster occurred during the Galwan Valley Clash in Ladakh, but fact-checkers later confirmed that the claim was false and based on misleading information.",FAKE,Newschecker
1146,2021,Kashmir Militancy Encounter,Shopian,"Images circulating online were claimed to show destruction during the Kashmir Militancy Encounter in Shopian; however, verification revealed that the pictures were actually from an unrelated incident in another country.",FAKE,Alt News
1147,2022,LoC Ceasefire Violation,Kupwara,"Several Facebook and WhatsApp messages alleged secret military actions during the LoC Ceasefire Violation in Kupwara, but fact-checking organizations found no official evidence supporting these claims.",FAKE,BOOM Live
1148,2023,Cross-border Infiltration Attempt,Jammu & Kashmir,"A widely shared video was said to depict conflict during the Cross-border Infiltration Attempt in Jammu & Kashmir, but investigators determined that the footage was old and unrelated to the incident.",FAKE,Factly
1149,2024,India-Pakistan Border Tension,Punjab Border,"A viral social media post claimed that a major military disaster occurred during the India-Pakistan Border Tension in Punjab Border, but fact-checkers later confirmed that the claim was false and based on misleading information.",FAKE,PIB Fact Check
1150,2025,Terror Attack Investigation,Srinagar,"Images circulating online were claimed to show destruction during the Terror Attack Investigation in Srinagar; however, verification revealed that the pictures were actually from an unrelated incident in another country.",FAKE,Newschecker
1151,2020,Counter-insurgency Operation,Baramulla,"Several Facebook and WhatsApp messages alleged secret military actions during the Counter-insurgency Operation in Baramulla, but fact-checking organizations found no official evidence supporting these claims.",FAKE,Alt News
1152,2021,Manipur Ethnic Conflict,Imphal,"A widely shared video was said to depict conflict during the Manipur Ethnic Conflict in Imphal, but investigators determined that the footage was old and unrelated to the incident.",FAKE,BOOM Live
1153,2022,Galwan Valley Clash,Ladakh,"A viral social media post claimed that a major military disaster occurred during the Galwan Valley Clash in Ladakh, but fact-checkers later confirmed that the claim was false and based on misleading information.",FAKE,Factly
1154,2023,Kashmir Militancy Encounter,Shopian,"Images circulating online were claimed to show destruction during the Kashmir Militancy Encounter in Shopian; however, verification revealed that the pictures were actually from an unrelated incident in another country.",FAKE,PIB Fact Check
1155,2024,LoC Ceasefire Violation,Kupwara,"Several Facebook and WhatsApp messages alleged secret military actions during the LoC Ceasefire Violation in Kupwara, but fact-checking organizations found no official evidence supporting these claims.",FAKE,Newschecker
1156,2025,Cross-border Infiltration Attempt,Jammu & Kashmir,"A widely shared video was said to depict conflict during the Cross-border Infiltration Attempt in Jammu & Kashmir, but investigators determined that the footage was old and unrelated to the incident.",FAKE,Alt News
1157,2020,India-Pakistan Border Tension,Punjab Border,"A viral social media post claimed that a major military disaster occurred during the India-Pakistan Border Tension in Punjab Border, but fact-checkers later confirmed that the claim was false and based on misleading information.",FAKE,BOOM Live
1158,2021,Terror Attack Investigation,Srinagar,"Images circulating online were claimed to show destruction during the Terror Attack Investigation in Srinagar; however, verification revealed that the pictures were actually from an unrelated incident in another country.",FAKE,Factly
1159,2022,Counter-insurgency Operation,Baramulla,"Several Facebook and WhatsApp messages alleged secret military actions during the Counter-insurgency Operation in Baramulla, but fact-checking organizations found no official evidence supporting these claims.",FAKE,PIB Fact Check
1160,2023,Manipur Ethnic Conflict,Imphal,"A widely shared video was said to depict conflict during the Manipur Ethnic Conflict in Imphal, but investigators determined that the footage was old and unrelated to the incident.",FAKE,Newschecker
1161,2024,Galwan Valley Clash,Ladakh,"A viral social media post claimed that a major military disaster occurred during the Galwan Valley Clash in Ladakh, but fact-checkers later confirmed that the claim was false and based on misleading information.",FAKE,Alt News
1162,2025,Kashmir Militancy Encounter,Shopian,"Images circulating online were claimed to show destruction during the Kashmir Militancy Encounter in Shopian; however, verification revealed that the pictures were actually from an unrelated incident in another country.",FAKE,BOOM Live
1163,2020,LoC Ceasefire Violation,Kupwara,"Several Facebook and WhatsApp messages alleged secret military actions during the LoC Ceasefire Violation in Kupwara, but fact-checking organizations found no official evidence supporting these claims.",FAKE,Factly
1164,2021,Cross-border Infiltration Attempt,Jammu & Kashmir,"A widely shared video was said to depict conflict during the Cross-border Infiltration Attempt in Jammu & Kashmir, but investigators determined that the footage was old and unrelated to the incident.",FAKE,PIB Fact Check
1165,2022,India-Pakistan Border Tension,Punjab Border,"A viral social media post claimed that a major military disaster occurred during the India-Pakistan Border Tension in Punjab Border, but fact-checkers later confirmed that the claim was false and based on misleading information.",FAKE,Newschecker
1166,2023,Terror Attack Investigation,Srinagar,"Images circulating online were claimed to show destruction during the Terror Attack Investigation in Srinagar; however, verification revealed that the pictures were actually from an unrelated incident in another country.",FAKE,Alt News
1167,2024,Counter-insurgency Operation,Baramulla,"Several Facebook and WhatsApp messages alleged secret military actions during the Counter-insurgency Operation in Baramulla, but fact-checking organizations found no official evidence supporting these claims.",FAKE,BOOM Live
1168,2025,Manipur Ethnic Conflict,Imphal,"A widely shared video was said to depict conflict during the Manipur Ethnic Conflict in Imphal, but investigators determined that the footage was old and unrelated to the incident.",FAKE,Factly
1169,2020,Galwan Valley Clash,Ladakh,"A viral social media post claimed that a major military disaster occurred during the Galwan Valley Clash in Ladakh, but fact-checkers later confirmed that the claim was false and based on misleading information.",FAKE,PIB Fact Check
1170,2021,Kashmir Militancy Encounter,Shopian,"Images circulating online were claimed to show destruction during the Kashmir Militancy Encounter in Shopian; however, verification revealed that the pictures were actually from an unrelated incident in another country.",FAKE,Newschecker
1171,2022,LoC Ceasefire Violation,Kupwara,"Several Facebook and WhatsApp messages alleged secret military actions during the LoC Ceasefire Violation in Kupwara, but fact-checking organizations found no official evidence supporting these claims.",FAKE,Alt News
1172,2023,Cross-border Infiltration Attempt,Jammu & Kashmir,"A widely shared video was said to depict conflict during the Cross-border Infiltration Attempt in Jammu & Kashmir, but investigators determined that the footage was old and unrelated to the incident.",FAKE,BOOM Live
1173,2024,India-Pakistan Border Tension,Punjab Border,"A viral social media post claimed that a major military disaster occurred during the India-Pakistan Border Tension in Punjab Border, but fact-checkers later confirmed that the claim was false and based on misleading information.",FAKE,Factly
1174,2025,Terror Attack Investigation,Srinagar,"Images circulating online were claimed to show destruction during the Terror Attack Investigation in Srinagar; however, verification revealed that the pictures were actually from an unrelated incident in another country.",FAKE,PIB Fact Check
1175,2020,Counter-insurgency Operation,Baramulla,"Several Facebook and WhatsApp messages alleged secret military actions during the Counter-insurgency Operation in Baramulla, but fact-checking organizations found no official evidence supporting these claims.",FAKE,Newschecker
1176,2021,Manipur Ethnic Conflict,Imphal,"A widely shared video was said to depict conflict during the Manipur Ethnic Conflict in Imphal, but investigators determined that the footage was old and unrelated to the incident.",FAKE,Alt News
1177,2022,Galwan Valley Clash,Ladakh,"A viral social media post claimed that a major military disaster occurred during the Galwan Valley Clash in Ladakh, but fact-checkers later confirmed that the claim was false and based on misleading information.",FAKE,BOOM Live
1178,2023,Kashmir Militancy Encounter,Shopian,"Images circulating online were claimed to show destruction during the Kashmir Militancy Encounter in Shopian; however, verification revealed that the pictures were actually from an unrelated incident in another country.",FAKE,Factly
1179,2024,LoC Ceasefire Violation,Kupwara,"Several Facebook and WhatsApp messages alleged secret military actions during the LoC Ceasefire Violation in Kupwara, but fact-checking organizations found no official evidence supporting these claims.",FAKE,PIB Fact Check
1180,2025,Cross-border Infiltration Attempt,Jammu & Kashmir,"A widely shared video was said to depict conflict during the Cross-border Infiltration Attempt in Jammu & Kashmir, but investigators determined that the footage was old and unrelated to the incident.",FAKE,Newschecker
1181,2020,India-Pakistan Border Tension,Punjab Border,"A viral social media post claimed that a major military disaster occurred during the India-Pakistan Border Tension in Punjab Border, but fact-checkers later confirmed that the claim was false and based on misleading information.",FAKE,Alt News
1182,2021,Terror Attack Investigation,Srinagar,"Images circulating online were claimed to show destruction during the Terror Attack Investigation in Srinagar; however, verification revealed that the pictures were actually from an unrelated incident in another country.",FAKE,BOOM Live
1183,2022,Counter-insurgency Operation,Baramulla,"Several Facebook and WhatsApp messages alleged secret military actions during the Counter-insurgency Operation in Baramulla, but fact-checking organizations found no official evidence supporting these claims.",FAKE,Factly
1184,2023,Manipur Ethnic Conflict,Imphal,"A widely shared video was said to depict conflict during the Manipur Ethnic Conflict in Imphal, but investigators determined that the footage was old and unrelated to the incident.",FAKE,PIB Fact Check
1185,2024,Galwan Valley Clash,Ladakh,"A viral social media post claimed that a major military disaster occurred during the Galwan Valley Clash in Ladakh, but fact-checkers later confirmed that the claim was false and based on misleading information.",FAKE,Newschecker
1186,2025,Kashmir Militancy Encounter,Shopian,"Images circulating online were claimed to show destruction during the Kashmir Militancy Encounter in Shopian; however, verification revealed that the pictures were actually from an unrelated incident in another country.",FAKE,Alt News
1187,2020,LoC Ceasefire Violation,Kupwara,"Several Facebook and WhatsApp messages alleged secret military actions during the LoC Ceasefire Violation in Kupwara, but fact-checking organizations found no official evidence supporting these claims.",FAKE,BOOM Live
1188,2021,Cross-border Infiltration Attempt,Jammu & Kashmir,"A widely shared video was said to depict conflict during the Cross-border Infiltration Attempt in Jammu & Kashmir, but investigators determined that the footage was old and unrelated to the incident.",FAKE,Factly
1189,2022,India-Pakistan Border Tension,Punjab Border,"A viral social media post claimed that a major military disaster occurred during the India-Pakistan Border Tension in Punjab Border, but fact-checkers later confirmed that the claim was false and based on misleading information.",FAKE,PIB Fact Check
1190,2023,Terror Attack Investigation,Srinagar,"Images circulating online were claimed to show destruction during the Terror Attack Investigation in Srinagar; however, verification revealed that the pictures were actually from an unrelated incident in another country.",FAKE,Newschecker
1191,2024,Counter-insurgency Operation,Baramulla,"Several Facebook and WhatsApp messages alleged secret military actions during the Counter-insurgency Operation in Baramulla, but fact-checking organizations found no official evidence supporting these claims.",FAKE,Alt News
1192,2025,Manipur Ethnic Conflict,Imphal,"A widely shared video was said to depict conflict during the Manipur Ethnic Conflict in Imphal, but investigators determined that the footage was old and unrelated to the incident.",FAKE,BOOM Live
1193,2020,Galwan Valley Clash,Ladakh,"A viral social media post claimed that a major military disaster occurred during the Galwan Valley Clash in Ladakh, but fact-checkers later confirmed that the claim was false and based on misleading information.",FAKE,Factly
1194,2021,Kashmir Militancy Encounter,Shopian,"Images circulating online were claimed to show destruction during the Kashmir Militancy Encounter in Shopian; however, verification revealed that the pictures were actually from an unrelated incident in another country.",FAKE,PIB Fact Check
1195,2022,LoC Ceasefire Violation,Kupwara,"Several Facebook and WhatsApp messages alleged secret military actions during the LoC Ceasefire Violation in Kupwara, but fact-checking organizations found no official evidence supporting these claims.",FAKE,Newschecker
1196,2023,Cross-border Infiltration Attempt,Jammu & Kashmir,"A widely shared video was said to depict conflict during the Cross-border Infiltration Attempt in Jammu & Kashmir, but investigators determined that the footage was old and unrelated to the incident.",FAKE,Alt News
1197,2024,India-Pakistan Border Tension,Punjab Border,"A viral social media post claimed that a major military disaster occurred during the India-Pakistan Border Tension in Punjab Border, but fact-checkers later confirmed that the claim was false and based on misleading information.",FAKE,BOOM Live
1198,2025,Terror Attack Investigation,Srinagar,"Images circulating online were claimed to show destruction during the Terror Attack Investigation in Srinagar; however, verification revealed that the pictures were actually from an unrelated incident in another country.",FAKE,Factly
1199,2020,Counter-insurgency Operation,Baramulla,"Several Facebook and WhatsApp messages alleged secret military actions during the Counter-insurgency Operation in Baramulla, but fact-checking organizations found no official evidence supporting these claims.",FAKE,PIB Fact Check
1200,2021,Manipur Ethnic Conflict,Imphal,"A widely shared video was said to depict conflict during the Manipur Ethnic Conflict in Imphal, but investigators determined that the footage was old and unrelated to the incident.",FAKE,Newschecker
1201,2022,Galwan Valley Clash,Ladakh,"A viral social media post claimed that a major military disaster occurred during the Galwan Valley Clash in Ladakh, but fact-checkers later confirmed that the claim was false and based on misleading information.",FAKE,Alt News
1202,2023,Kashmir Militancy Encounter,Shopian,"Images circulating online were claimed to show destruction during the Kashmir Militancy Encounter in Shopian; however, verification revealed that the pictures were actually from an unrelated incident in another country.",FAKE,BOOM Live
1203,2024,LoC Ceasefire Violation,Kupwara,"Several Facebook and WhatsApp messages alleged secret military actions during the LoC Ceasefire Violation in Kupwara, but fact-checking organizations found no official evidence supporting these claims.",FAKE,Factly
1204,2025,Cross-border Infiltration Attempt,Jammu & Kashmir,"A widely shared video was said to depict conflict during the Cross-border Infiltration Attempt in Jammu & Kashmir, but investigators determined that the footage was old and unrelated to the incident.",FAKE,PIB Fact Check
1205,2020,India-Pakistan Border Tension,Punjab Border,"A viral social media post claimed that a major military disaster occurred during the India-Pakistan Border Tension in Punjab Border, but fact-checkers later confirmed that the claim was false and based on misleading information.",FAKE,Newschecker
1206,2021,Terror Attack Investigation,Srinagar,"Images circulating online were claimed to show destruction during the Terror Attack Investigation in Srinagar; however, verification revealed that the pictures were actually from an unrelated incident in another country.",FAKE,Alt News
1207,2022,Counter-insurgency Operation,Baramulla,"Several Facebook and WhatsApp messages alleged secret military actions during the Counter-insurgency Operation in Baramulla, but fact-checking organizations found no official evidence supporting these claims.",FAKE,BOOM Live
1208,2023,Manipur Ethnic Conflict,Imphal,"A widely shared video was said to depict conflict during the Manipur Ethnic Conflict in Imphal, but investigators determined that the footage was old and unrelated to the incident.",FAKE,Factly
1209,2024,Galwan Valley Clash,Ladakh,"A viral social media post claimed that a major military disaster occurred during the Galwan Valley Clash in Ladakh, but fact-checkers later confirmed that the claim was false and based on misleading information.",FAKE,PIB Fact Check
1210,2025,Kashmir Militancy Encounter,Shopian,"Images circulating online were claimed to show destruction during the Kashmir Militancy Encounter in Shopian; however, verification revealed that the pictures were actually from an unrelated incident in another country.",FAKE,Newschecker
1211,2020,LoC Ceasefire Violation,Kupwara,"Several Facebook and WhatsApp messages alleged secret military actions during the LoC Ceasefire Violation in Kupwara, but fact-checking organizations found no official evidence supporting these claims.",FAKE,Alt News
1212,2021,Cross-border Infiltration Attempt,Jammu & Kashmir,"A widely shared video was said to depict conflict during the Cross-border Infiltration Attempt in Jammu & Kashmir, but investigators determined that the footage was old and unrelated to the incident.",FAKE,BOOM Live
1213,2022,India-Pakistan Border Tension,Punjab Border,"A viral social media post claimed that a major military disaster occurred during the India-Pakistan Border Tension in Punjab Border, but fact-checkers later confirmed that the claim was false and based on misleading information.",FAKE,Factly
1214,2023,Terror Attack Investigation,Srinagar,"Images circulating online were claimed to show destruction during the Terror Attack Investigation in Srinagar; however, verification revealed that the pictures were actually from an unrelated incident in another country.",FAKE,PIB Fact Check
1215,2024,Counter-insurgency Operation,Baramulla,"Several Facebook and WhatsApp messages alleged secret military actions during the Counter-insurgency Operation in Baramulla, but fact-checking organizations found no official evidence supporting these claims.",FAKE,Newschecker
1216,2025,Manipur Ethnic Conflict,Imphal,"A widely shared video was said to depict conflict during the Manipur Ethnic Conflict in Imphal, but investigators determined that the footage was old and unrelated to the incident.",FAKE,Alt News
1217,2020,Galwan Valley Clash,Ladakh,"A viral social media post claimed that a major military disaster occurred during the Galwan Valley Clash in Ladakh, but fact-checkers later confirmed that the claim was false and based on misleading information.",FAKE,BOOM Live
1218,2021,Kashmir Militancy Encounter,Shopian,"Images circulating online were claimed to show destruction during the Kashmir Militancy Encounter in Shopian; however, verification revealed that the pictures were actually from an unrelated incident in another country.",FAKE,Factly
1219,2022,LoC Ceasefire Violation,Kupwara,"Several Facebook and WhatsApp messages alleged secret military actions during the LoC Ceasefire Violation in Kupwara, but fact-checking organizations found no official evidence supporting these claims.",FAKE,PIB Fact Check
1220,2023,Cross-border Infiltration Attempt,Jammu & Kashmir,"A widely shared video was said to depict conflict during the Cross-border Infiltration Attempt in Jammu & Kashmir, but investigators determined that the footage was old and unrelated to the incident.",FAKE,Newschecker
1221,2024,India-Pakistan Border Tension,Punjab Border,"A viral social media post claimed that a major military disaster occurred during the India-Pakistan Border Tension in Punjab Border, but fact-checkers later confirmed that the claim was false and based on misleading information.",FAKE,Alt News
1222,2025,Terror Attack Investigation,Srinagar,"Images circulating online were claimed to show destruction during the Terror Attack Investigation in Srinagar; however, verification revealed that the pictures were actually from an unrelated incident in another country.",FAKE,BOOM Live
1223,2020,Counter-insurgency Operation,Baramulla,"Several Facebook and WhatsApp messages alleged secret military actions during the Counter-insurgency Operation in Baramulla, but fact-checking organizations found no official evidence supporting these claims.",FAKE,Factly
1224,2021,Manipur Ethnic Conflict,Imphal,"A widely shared video was said to depict conflict during the Manipur Ethnic Conflict in Imphal, but investigators determined that the footage was old and unrelated to the incident.",FAKE,PIB Fact Check
1225,2022,Galwan Valley Clash,Ladakh,"A viral social media post claimed that a major military disaster occurred during the Galwan Valley Clash in Ladakh, but fact-checkers later confirmed that the claim was false and based on misleading information.",FAKE,Newschecker
1226,2023,Kashmir Militancy Encounter,Shopian,"Images circulating online were claimed to show destruction during the Kashmir Militancy Encounter in Shopian; however, verification revealed that the pictures were actually from an unrelated incident in another country.",FAKE,Alt News
1227,2024,LoC Ceasefire Violation,Kupwara,"Several Facebook and WhatsApp messages alleged secret military actions during the LoC Ceasefire Violation in Kupwara, but fact-checking organizations found no official evidence supporting these claims.",FAKE,BOOM Live
1228,2025,Cross-border Infiltration Attempt,Jammu & Kashmir,"A widely shared video was said to depict conflict during the Cross-border Infiltration Attempt in Jammu & Kashmir, but investigators determined that the footage was old and unrelated to the incident.",FAKE,Factly
1229,2020,India-Pakistan Border Tension,Punjab Border,"A viral social media post claimed that a major military disaster occurred during the India-Pakistan Border Tension in Punjab Border, but fact-checkers later confirmed that the claim was false and based on misleading information.",FAKE,PIB Fact Check
1230,2021,Terror Attack Investigation,Srinagar,"Images circulating online were claimed to show destruction during the Terror Attack Investigation in Srinagar; however, verification revealed that the pictures were actually from an unrelated incident in another country.",FAKE,Newschecker
1231,2022,Counter-insurgency Operation,Baramulla,"Several Facebook and WhatsApp messages alleged secret military actions during the Counter-insurgency Operation in Baramulla, but fact-checking organizations found no official evidence supporting these claims.",FAKE,Alt News
1232,2023,Manipur Ethnic Conflict,Imphal,"A widely shared video was said to depict conflict during the Manipur Ethnic Conflict in Imphal, but investigators determined that the footage was old and unrelated to the incident.",FAKE,BOOM Live
1233,2024,Galwan Valley Clash,Ladakh,"A viral social media post claimed that a major military disaster occurred during the Galwan Valley Clash in Ladakh, but fact-checkers later confirmed that the claim was false and based on misleading information.",FAKE,Factly
1234,2025,Kashmir Militancy Encounter,Shopian,"Images circulating online were claimed to show destruction during the Kashmir Militancy Encounter in Shopian; however, verification revealed that the pictures were actually from an unrelated incident in another country.",FAKE,PIB Fact Check
1235,2020,LoC Ceasefire Violation,Kupwara,"Several Facebook and WhatsApp messages alleged secret military actions during the LoC Ceasefire Violation in Kupwara, but fact-checking organizations found no official evidence supporting these claims.",FAKE,Newschecker
1236,2021,Cross-border Infiltration Attempt,Jammu & Kashmir,"A widely shared video was said to depict conflict during the Cross-border Infiltration Attempt in Jammu & Kashmir, but investigators determined that the footage was old and unrelated to the incident.",FAKE,Alt News
1237,2022,India-Pakistan Border Tension,Punjab Border,"A viral social media post claimed that a major military disaster occurred during the India-Pakistan Border Tension in Punjab Border, but fact-checkers later confirmed that the claim was false and based on misleading information.",FAKE,BOOM Live
1238,2023,Terror Attack Investigation,Srinagar,"Images circulating online were claimed to show destruction during the Terror Attack Investigation in Srinagar; however, verification revealed that the pictures were actually from an unrelated incident in another country.",FAKE,Factly
1239,2024,Counter-insurgency Operation,Baramulla,"Several Facebook and WhatsApp messages alleged secret military actions during the Counter-insurgency Operation in Baramulla, but fact-checking organizations found no official evidence supporting these claims.",FAKE,PIB Fact Check
1240,2025,Manipur Ethnic Conflict,Imphal,"A widely shared video was said to depict conflict during the Manipur Ethnic Conflict in Imphal, but investigators determined that the footage was old and unrelated to the incident.",FAKE,Newschecker
1241,2020,Galwan Valley Clash,Ladakh,"A viral social media post claimed that a major military disaster occurred during the Galwan Valley Clash in Ladakh, but fact-checkers later confirmed that the claim was false and based on misleading information.",FAKE,Alt News
1242,2021,Kashmir Militancy Encounter,Shopian,"Images circulating online were claimed to show destruction during the Kashmir Militancy Encounter in Shopian; however, verification revealed that the pictures were actually from an unrelated incident in another country.",FAKE,BOOM Live
1243,2022,LoC Ceasefire Violation,Kupwara,"Several Facebook and WhatsApp messages alleged secret military actions during the LoC Ceasefire Violation in Kupwara, but fact-checking organizations found no official evidence supporting these claims.",FAKE,Factly
1244,2023,Cross-border Infiltration Attempt,Jammu & Kashmir,"A widely shared video was said to depict conflict during the Cross-border Infiltration Attempt in Jammu & Kashmir, but investigators determined that the footage was old and unrelated to the incident.",FAKE,PIB Fact Check
1245,2024,India-Pakistan Border Tension,Punjab Border,"A viral social media post claimed that a major military disaster occurred during the India-Pakistan Border Tension in Punjab Border, but fact-checkers later confirmed that the claim was false and based on misleading information.",FAKE,Newschecker
1246,2025,Terror Attack Investigation,Srinagar,"Images circulating online were claimed to show destruction during the Terror Attack Investigation in Srinagar; however, verification revealed that the pictures were actually from an unrelated incident in another country.",FAKE,Alt News
1247,2020,Counter-insurgency Operation,Baramulla,"Several Facebook and WhatsApp messages alleged secret military actions during the Counter-insurgency Operation in Baramulla, but fact-checking organizations found no official evidence supporting these claims.",FAKE,BOOM Live
1248,2021,Manipur Ethnic Conflict,Imphal,"A widely shared video was said to depict conflict during the Manipur Ethnic Conflict in Imphal, but investigators determined that the footage was old and unrelated to the incident.",FAKE,Factly
1249,2022,Galwan Valley Clash,Ladakh,"A viral social media post claimed that a major military disaster occurred during the Galwan Valley Clash in Ladakh, but fact-checkers later confirmed that the claim was false and based on misleading information.",FAKE,PIB Fact Check
1250,2023,Kashmir Militancy Encounter,Shopian,"Images circulating online were claimed to show destruction during the Kashmir Militancy Encounter in Shopian; however, verification revealed that the pictures were actually from an unrelated incident in another country.",FAKE,Newschecker
1251,2024,LoC Ceasefire Violation,Kupwara,"Several Facebook and WhatsApp messages alleged secret military actions during the LoC Ceasefire Violation in Kupwara, but fact-checking organizations found no official evidence supporting these claims.",FAKE,Alt News
1252,2025,Cross-border Infiltration Attempt,Jammu & Kashmir,"A widely shared video was said to depict conflict during the Cross-border Infiltration Attempt in Jammu & Kashmir, but investigators determined that the footage was old and unrelated to the incident.",FAKE,BOOM Live
1253,2020,India-Pakistan Border Tension,Punjab Border,"A viral social media post claimed that a major military disaster occurred during the India-Pakistan Border Tension in Punjab Border, but fact-checkers later confirmed that the claim was false and based on misleading information.",FAKE,Factly
1254,2021,Terror Attack Investigation,Srinagar,"Images circulating online were claimed to show destruction during the Terror Attack Investigation in Srinagar; however, verification revealed that the pictures were actually from an unrelated incident in another country.",FAKE,PIB Fact Check
1255,2022,Counter-insurgency Operation,Baramulla,"Several Facebook and WhatsApp messages alleged secret military actions during the Counter-insurgency Operation in Baramulla, but fact-checking organizations found no official evidence supporting these claims.",FAKE,Newschecker
1256,2023,Manipur Ethnic Conflict,Imphal,"A widely shared video was said to depict conflict during the Manipur Ethnic Conflict in Imphal, but investigators determined that the footage was old and unrelated to the incident.",FAKE,Alt News
1257,2024,Galwan Valley Clash,Ladakh,"A viral social media post claimed that a major military disaster occurred during the Galwan Valley Clash in Ladakh, but fact-checkers later confirmed that the claim was false and based on misleading information.",FAKE,BOOM Live
1258,2025,Kashmir Militancy Encounter,Shopian,"Images circulating online were claimed to show destruction during the Kashmir Militancy Encounter in Shopian; however, verification revealed that the pictures were actually from an unrelated incident in another country.",FAKE,Factly
1259,2020,LoC Ceasefire Violation,Kupwara,"Several Facebook and WhatsApp messages alleged secret military actions during the LoC Ceasefire Violation in Kupwara, but fact-checking organizations found no official evidence supporting these claims.",FAKE,PIB Fact Check
1260,2021,Cross-border Infiltration Attempt,Jammu & Kashmir,"A widely shared video was said to depict conflict during the Cross-border Infiltration Attempt in Jammu & Kashmir, but investigators determined that the footage was old and unrelated to the incident.",FAKE,Newschecker
1261,2022,India-Pakistan Border Tension,Punjab Border,"A viral social media post claimed that a major military disaster occurred during the India-Pakistan Border Tension in Punjab Border, but fact-checkers later confirmed that the claim was false and based on misleading information.",FAKE,Alt News
1262,2023,Terror Attack Investigation,Srinagar,"Images circulating online were claimed to show destruction during the Terror Attack Investigation in Srinagar; however, verification revealed that the pictures were actually from an unrelated incident in another country.",FAKE,BOOM Live
1263,2024,Counter-insurgency Operation,Baramulla,"Several Facebook and WhatsApp messages alleged secret military actions during the Counter-insurgency Operation in Baramulla, but fact-checking organizations found no official evidence supporting these claims.",FAKE,Factly
1264,2025,Manipur Ethnic Conflict,Imphal,"A widely shared video was said to depict conflict during the Manipur Ethnic Conflict in Imphal, but investigators determined that the footage was old and unrelated to the incident.",FAKE,PIB Fact Check
1265,2020,Galwan Valley Clash,Ladakh,"A viral social media post claimed that a major military disaster occurred during the Galwan Valley Clash in Ladakh, but fact-checkers later confirmed that the claim was false and based on misleading information.",FAKE,Newschecker
1266,2021,Kashmir Militancy Encounter,Shopian,"Images circulating online were claimed to show destruction during the Kashmir Militancy Encounter in Shopian; however, verification revealed that the pictures were actually from an unrelated incident in another country.",FAKE,Alt News
1267,2022,LoC Ceasefire Violation,Kupwara,"Several Facebook and WhatsApp messages alleged secret military actions during the LoC Ceasefire Violation in Kupwara, but fact-checking organizations found no official evidence supporting these claims.",FAKE,BOOM Live
1268,2023,Cross-border Infiltration Attempt,Jammu & Kashmir,"A widely shared video was said to depict conflict during the Cross-border Infiltration Attempt in Jammu & Kashmir, but investigators determined that the footage was old and unrelated to the incident.",FAKE,Factly
1269,2024,India-Pakistan Border Tension,Punjab Border,"A viral social media post claimed that a major military disaster occurred during the India-Pakistan Border Tension in Punjab Border, but fact-checkers later confirmed that the claim was false and based on misleading information.",FAKE,PIB Fact Check
1270,2025,Terror Attack Investigation,Srinagar,"Images circulating online were claimed to show destruction during the Terror Attack Investigation in Srinagar; however, verification revealed that the pictures were actually from an unrelated incident in another country.",FAKE,Newschecker
1271,2020,Counter-insurgency Operation,Baramulla,"Several Facebook and WhatsApp messages alleged secret military actions during the Counter-insurgency Operation in Baramulla, but fact-checking organizations found no official evidence supporting these claims.",FAKE,Alt News
1272,2021,Manipur Ethnic Conflict,Imphal,"A widely shared video was said to depict conflict during the Manipur Ethnic Conflict in Imphal, but investigators determined that the footage was old and unrelated to the incident.",FAKE,BOOM Live
1273,2022,Galwan Valley Clash,Ladakh,"A viral social media post claimed that a major military disaster occurred during the Galwan Valley Clash in Ladakh, but fact-checkers later confirmed that the claim was false and based on misleading information.",FAKE,Factly
1274,2023,Kashmir Militancy Encounter,Shopian,"Images circulating online were claimed to show destruction during the Kashmir Militancy Encounter in Shopian; however, verification revealed that the pictures were actually from an unrelated incident in another country.",FAKE,PIB Fact Check
1275,2024,LoC Ceasefire Violation,Kupwara,"Several Facebook and WhatsApp messages alleged secret military actions during the LoC Ceasefire Violation in Kupwara, but fact-checking organizations found no official evidence supporting these claims.",FAKE,Newschecker
1276,2025,Cross-border Infiltration Attempt,Jammu & Kashmir,"A widely shared video was said to depict conflict during the Cross-border Infiltration Attempt in Jammu & Kashmir, but investigators determined that the footage was old and unrelated to the incident.",FAKE,Alt News
1277,2020,India-Pakistan Border Tension,Punjab Border,"A viral social media post claimed that a major military disaster occurred during the India-Pakistan Border Tension in Punjab Border, but fact-checkers later confirmed that the claim was false and based on misleading information.",FAKE,BOOM Live
1278,2021,Terror Attack Investigation,Srinagar,"Images circulating online were claimed to show destruction during the Terror Attack Investigation in Srinagar; however, verification revealed that the pictures were actually from an unrelated incident in another country.",FAKE,Factly
1279,2022,Counter-insurgency Operation,Baramulla,"Several Facebook and WhatsApp messages alleged secret military actions during the Counter-insurgency Operation in Baramulla, but fact-checking organizations found no official evidence supporting these claims.",FAKE,PIB Fact Check
1280,2023,Manipur Ethnic Conflict,Imphal,"A widely shared video was said to depict conflict during the Manipur Ethnic Conflict in Imphal, but investigators determined that the footage was old and unrelated to the incident.",FAKE,Newschecker
1281,2024,Galwan Valley Clash,Ladakh,"A viral social media post claimed that a major military disaster occurred during the Galwan Valley Clash in Ladakh, but fact-checkers later confirmed that the claim was false and based on misleading information.",FAKE,Alt News
1282,2025,Kashmir Militancy Encounter,Shopian,"Images circulating online were claimed to show destruction during the Kashmir Militancy Encounter in Shopian; however, verification revealed that the pictures were actually from an unrelated incident in another country.",FAKE,BOOM Live
1283,2020,LoC Ceasefire Violation,Kupwara,"Several Facebook and WhatsApp messages alleged secret military actions during the LoC Ceasefire Violation in Kupwara, but fact-checking organizations found no official evidence supporting these claims.",FAKE,Factly
1284,2021,Cross-border Infiltration Attempt,Jammu & Kashmir,"A widely shared video was said to depict conflict during the Cross-border Infiltration Attempt in Jammu & Kashmir, but investigators determined that the footage was old and unrelated to the incident.",FAKE,PIB Fact Check
1285,2022,India-Pakistan Border Tension,Punjab Border,"A viral social media post claimed that a major military disaster occurred during the India-Pakistan Border Tension in Punjab Border, but fact-checkers later confirmed that the claim was false and based on misleading information.",FAKE,Newschecker
1286,2023,Terror Attack Investigation,Srinagar,"Images circulating online were claimed to show destruction during the Terror Attack Investigation in Srinagar; however, verification revealed that the pictures were actually from an unrelated incident in another country.",FAKE,Alt News
1287,2024,Counter-insurgency Operation,Baramulla,"Several Facebook and WhatsApp messages alleged secret military actions during the Counter-insurgency Operation in Baramulla, but fact-checking organizations found no official evidence supporting these claims.",FAKE,BOOM Live
1288,2025,Manipur Ethnic Conflict,Imphal,"A widely shared video was said to depict conflict during the Manipur Ethnic Conflict in Imphal, but investigators determined that the footage was old and unrelated to the incident.",FAKE,Factly
1289,2020,Galwan Valley Clash,Ladakh,"A viral social media post claimed that a major military disaster occurred during the Galwan Valley Clash in Ladakh, but fact-checkers later confirmed that the claim was false and based on misleading information.",FAKE,PIB Fact Check
1290,2021,Kashmir Militancy Encounter,Shopian,"Images circulating online were claimed to show destruction during the Kashmir Militancy Encounter in Shopian; however, verification revealed that the pictures were actually from an unrelated incident in another country.",FAKE,Newschecker
1291,2022,LoC Ceasefire Violation,Kupwara,"Several Facebook and WhatsApp messages alleged secret military actions during the LoC Ceasefire Violation in Kupwara, but fact-checking organizations found no official evidence supporting these claims.",FAKE,Alt News
1292,2023,Cross-border Infiltration Attempt,Jammu & Kashmir,"A widely shared video was said to depict conflict during the Cross-border Infiltration Attempt in Jammu & Kashmir, but investigators determined that the footage was old and unrelated to the incident.",FAKE,BOOM Live
1293,2024,India-Pakistan Border Tension,Punjab Border,"A viral social media post claimed that a major military disaster occurred during the India-Pakistan Border Tension in Punjab Border, but fact-checkers later confirmed that the claim was false and based on misleading information.",FAKE,Factly
1294,2025,Terror Attack Investigation,Srinagar,"Images circulating online were claimed to show destruction during the Terror Attack Investigation in Srinagar; however, verification revealed that the pictures were actually from an unrelated incident in another country.",FAKE,PIB Fact Check
1295,2020,Counter-insurgency Operation,Baramulla,"Several Facebook and WhatsApp messages alleged secret military actions during the Counter-insurgency Operation in Baramulla, but fact-checking organizations found no official evidence supporting these claims.",FAKE,Newschecker
1296,2021,Manipur Ethnic Conflict,Imphal,"A widely shared video was said to depict conflict during the Manipur Ethnic Conflict in Imphal, but investigators determined that the footage was old and unrelated to the incident.",FAKE,Alt News
1297,2022,Galwan Valley Clash,Ladakh,"A viral social media post claimed that a major military disaster occurred during the Galwan Valley Clash in Ladakh, but fact-checkers later confirmed that the claim was false and based on misleading information.",FAKE,BOOM Live
1298,2023,Kashmir Militancy Encounter,Shopian,"Images circulating online were claimed to show destruction during the Kashmir Militancy Encounter in Shopian; however, verification revealed that the pictures were actually from an unrelated incident in another country.",FAKE,Factly
1299,2024,LoC Ceasefire Violation,Kupwara,"Several Facebook and WhatsApp messages alleged secret military actions during the LoC Ceasefire Violation in Kupwara, but fact-checking organizations found no official evidence supporting these claims.",FAKE,PIB Fact Check
1300,2025,Cross-border Infiltration Attempt,Jammu & Kashmir,"A widely shared video was said to depict conflict during the Cross-border Infiltration Attempt in Jammu & Kashmir, but investigators determined that the footage was old and unrelated to the incident.",FAKE,Newschecker
1301,2020,India-Pakistan Border Tension,Punjab Border,"A viral social media post claimed that a major military disaster occurred during the India-Pakistan Border Tension in Punjab Border, but fact-checkers later confirmed that the claim was false and based on misleading information.",FAKE,Alt News
1302,2021,Terror Attack Investigation,Srinagar,"Images circulating online were claimed to show destruction during the Terror Attack Investigation in Srinagar; however, verification revealed that the pictures were actually from an unrelated incident in another country.",FAKE,BOOM Live
1303,2022,Counter-insurgency Operation,Baramulla,"Several Facebook and WhatsApp messages alleged secret military actions during the Counter-insurgency Operation in Baramulla, but fact-checking organizations found no official evidence supporting these claims.",FAKE,Factly
1304,2023,Manipur Ethnic Conflict,Imphal,"A widely shared video was said to depict conflict during the Manipur Ethnic Conflict in Imphal, but investigators determined that the footage was old and unrelated to the incident.",FAKE,PIB Fact Check
1305,2024,Galwan Valley Clash,Ladakh,"A viral social media post claimed that a major military disaster occurred during the Galwan Valley Clash in Ladakh, but fact-checkers later confirmed that the claim was false and based on misleading information.",FAKE,Newschecker
1306,2025,Kashmir Militancy Encounter,Shopian,"Images circulating online were claimed to show destruction during the Kashmir Militancy Encounter in Shopian; however, verification revealed that the pictures were actually from an unrelated incident in another country.",FAKE,Alt News
1307,2020,LoC Ceasefire Violation,Kupwara,"Several Facebook and WhatsApp messages alleged secret military actions during the LoC Ceasefire Violation in Kupwara, but fact-checking organizations found no official evidence supporting these claims.",FAKE,BOOM Live
1308,2021,Cross-border Infiltration Attempt,Jammu & Kashmir,"A widely shared video was said to depict conflict during the Cross-border Infiltration Attempt in Jammu & Kashmir, but investigators determined that the footage was old and unrelated to the incident.",FAKE,Factly
1309,2022,India-Pakistan Border Tension,Punjab Border,"A viral social media post claimed that a major military disaster occurred during the India-Pakistan Border Tension in Punjab Border, but fact-checkers later confirmed that the claim was false and based on misleading information.",FAKE,PIB Fact Check
1310,2023,Terror Attack Investigation,Srinagar,"Images circulating online were claimed to show destruction during the Terror Attack Investigation in Srinagar; however, verification revealed that the pictures were actually from an unrelated incident in another country.",FAKE,Newschecker
1311,2024,Counter-insurgency Operation,Baramulla,"Several Facebook and WhatsApp messages alleged secret military actions during the Counter-insurgency Operation in Baramulla, but fact-checking organizations found no official evidence supporting these claims.",FAKE,Alt News
1312,2025,Manipur Ethnic Conflict,Imphal,"A widely shared video was said to depict conflict during the Manipur Ethnic Conflict in Imphal, but investigators determined that the footage was old and unrelated to the incident.",FAKE,BOOM Live
1313,2020,Galwan Valley Clash,Ladakh,"A viral social media post claimed that a major military disaster occurred during the Galwan Valley Clash in Ladakh, but fact-checkers later confirmed that the claim was false and based on misleading information.",FAKE,Factly
1314,2021,Kashmir Militancy Encounter,Shopian,"Images circulating online were claimed to show destruction during the Kashmir Militancy Encounter in Shopian; however, verification revealed that the pictures were actually from an unrelated incident in another country.",FAKE,PIB Fact Check
1315,2022,LoC Ceasefire Violation,Kupwara,"Several Facebook and WhatsApp messages alleged secret military actions during the LoC Ceasefire Violation in Kupwara, but fact-checking organizations found no official evidence supporting these claims.",FAKE,Newschecker
1316,2023,Cross-border Infiltration Attempt,Jammu & Kashmir,"A widely shared video was said to depict conflict during the Cross-border Infiltration Attempt in Jammu & Kashmir, but investigators determined that the footage was old and unrelated to the incident.",FAKE,Alt News
1317,2024,India-Pakistan Border Tension,Punjab Border,"A viral social media post claimed that a major military disaster occurred during the India-Pakistan Border Tension in Punjab Border, but fact-checkers later confirmed that the claim was false and based on misleading information.",FAKE,BOOM Live
1318,2025,Terror Attack Investigation,Srinagar,"Images circulating online were claimed to show destruction during the Terror Attack Investigation in Srinagar; however, verification revealed that the pictures were actually from an unrelated incident in another country.",FAKE,Factly
1319,2020,Counter-insurgency Operation,Baramulla,"Several Facebook and WhatsApp messages alleged secret military actions during the Counter-insurgency Operation in Baramulla, but fact-checking organizations found no official evidence supporting these claims.",FAKE,PIB Fact Check
1320,2021,Manipur Ethnic Conflict,Imphal,"A widely shared video was said to depict conflict during the Manipur Ethnic Conflict in Imphal, but investigators determined that the footage was old and unrelated to the incident.",FAKE,Newschecker
1321,2022,Galwan Valley Clash,Ladakh,"A viral social media post claimed that a major military disaster occurred during the Galwan Valley Clash in Ladakh, but fact-checkers later confirmed that the claim was false and based on misleading information.",FAKE,Alt News
1322,2023,Kashmir Militancy Encounter,Shopian,"Images circulating online were claimed to show destruction during the Kashmir Militancy Encounter in Shopian; however, verification revealed that the pictures were actually from an unrelated incident in another country.",FAKE,BOOM Live
1323,2024,LoC Ceasefire Violation,Kupwara,"Several Facebook and WhatsApp messages alleged secret military actions during the LoC Ceasefire Violation in Kupwara, but fact-checking organizations found no official evidence supporting these claims.",FAKE,Factly
1324,2025,Cross-border Infiltration Attempt,Jammu & Kashmir,"A widely shared video was said to depict conflict during the Cross-border Infiltration Attempt in Jammu & Kashmir, but investigators determined that the footage was old and unrelated to the incident.",FAKE,PIB Fact Check
1325,2020,India-Pakistan Border Tension,Punjab Border,"A viral social media post claimed that a major military disaster occurred during the India-Pakistan Border Tension in Punjab Border, but fact-checkers later confirmed that the claim was false and based on misleading information.",FAKE,Newschecker
1326,2021,Terror Attack Investigation,Srinagar,"Images circulating online were claimed to show destruction during the Terror Attack Investigation in Srinagar; however, verification revealed that the pictures were actually from an unrelated incident in another country.",FAKE,Alt News
1327,2022,Counter-insurgency Operation,Baramulla,"Several Facebook and WhatsApp messages alleged secret military actions during the Counter-insurgency Operation in Baramulla, but fact-checking organizations found no official evidence supporting these claims.",FAKE,BOOM Live
1328,2023,Manipur Ethnic Conflict,Imphal,"A widely shared video was said to depict conflict during the Manipur Ethnic Conflict in Imphal, but investigators determined that the footage was old and unrelated to the incident.",FAKE,Factly
1329,2024,Galwan Valley Clash,Ladakh,"A viral social media post claimed that a major military disaster occurred during the Galwan Valley Clash in Ladakh, but fact-checkers later confirmed that the claim was false and based on misleading information.",FAKE,PIB Fact Check
1330,2025,Kashmir Militancy Encounter,Shopian,"Images circulating online were claimed to show destruction during the Kashmir Militancy Encounter in Shopian; however, verification revealed that the pictures were actually from an unrelated incident in another country.",FAKE,Newschecker
1331,2020,LoC Ceasefire Violation,Kupwara,"Several Facebook and WhatsApp messages alleged secret military actions during the LoC Ceasefire Violation in Kupwara, but fact-checking organizations found no official evidence supporting these claims.",FAKE,Alt News
1332,2021,Cross-border Infiltration Attempt,Jammu & Kashmir,"A widely shared video was said to depict conflict during the Cross-border Infiltration Attempt in Jammu & Kashmir, but investigators determined that the footage was old and unrelated to the incident.",FAKE,BOOM Live
1333,2022,India-Pakistan Border Tension,Punjab Border,"A viral social media post claimed that a major military disaster occurred during the India-Pakistan Border Tension in Punjab Border, but fact-checkers later confirmed that the claim was false and based on misleading information.",FAKE,Factly
1334,2023,Terror Attack Investigation,Srinagar,"Images circulating online were claimed to show destruction during the Terror Attack Investigation in Srinagar; however, verification revealed that the pictures were actually from an unrelated incident in another country.",FAKE,PIB Fact Check
1335,2024,Counter-insurgency Operation,Baramulla,"Several Facebook and WhatsApp messages alleged secret military actions during the Counter-insurgency Operation in Baramulla, but fact-checking organizations found no official evidence supporting these claims.",FAKE,Newschecker
1336,2025,Manipur Ethnic Conflict,Imphal,"A widely shared video was said to depict conflict during the Manipur Ethnic Conflict in Imphal, but investigators determined that the footage was old and unrelated to the incident.",FAKE,Alt News
1337,2020,Galwan Valley Clash,Ladakh,"A viral social media post claimed that a major military disaster occurred during the Galwan Valley Clash in Ladakh, but fact-checkers later confirmed that the claim was false and based on misleading information.",FAKE,BOOM Live
1338,2021,Kashmir Militancy Encounter,Shopian,"Images circulating online were claimed to show destruction during the Kashmir Militancy Encounter in Shopian; however, verification revealed that the pictures were actually from an unrelated incident in another country.",FAKE,Factly
1339,2022,LoC Ceasefire Violation,Kupwara,"Several Facebook and WhatsApp messages alleged secret military actions during the LoC Ceasefire Violation in Kupwara, but fact-checking organizations found no official evidence supporting these claims.",FAKE,PIB Fact Check
1340,2023,Cross-border Infiltration Attempt,Jammu & Kashmir,"A widely shared video was said to depict conflict during the Cross-border Infiltration Attempt in Jammu & Kashmir, but investigators determined that the footage was old and unrelated to the incident.",FAKE,Newschecker
1341,2024,India-Pakistan Border Tension,Punjab Border,"A viral social media post claimed that a major military disaster occurred during the India-Pakistan Border Tension in Punjab Border, but fact-checkers later confirmed that the claim was false and based on misleading information.",FAKE,Alt News
1342,2025,Terror Attack Investigation,Srinagar,"Images circulating online were claimed to show destruction during the Terror Attack Investigation in Srinagar; however, verification revealed that the pictures were actually from an unrelated incident in another country.",FAKE,BOOM Live
1343,2020,Counter-insurgency Operation,Baramulla,"Several Facebook and WhatsApp messages alleged secret military actions during the Counter-insurgency Operation in Baramulla, but fact-checking organizations found no official evidence supporting these claims.",FAKE,Factly
1344,2021,Manipur Ethnic Conflict,Imphal,"A widely shared video was said to depict conflict during the Manipur Ethnic Conflict in Imphal, but investigators determined that the footage was old and unrelated to the incident.",FAKE,PIB Fact Check
1345,2022,Galwan Valley Clash,Ladakh,"A viral social media post claimed that a major military disaster occurred during the Galwan Valley Clash in Ladakh, but fact-checkers later confirmed that the claim was false and based on misleading information.",FAKE,Newschecker
1346,2023,Kashmir Militancy Encounter,Shopian,"Images circulating online were claimed to show destruction during the Kashmir Militancy Encounter in Shopian; however, verification revealed that the pictures were actually from an unrelated incident in another country.",FAKE,Alt News
1347,2024,LoC Ceasefire Violation,Kupwara,"Several Facebook and WhatsApp messages alleged secret military actions during the LoC Ceasefire Violation in Kupwara, but fact-checking organizations found no official evidence supporting these claims.",FAKE,BOOM Live
1348,2025,Cross-border Infiltration Attempt,Jammu & Kashmir,"A widely shared video was said to depict conflict during the Cross-border Infiltration Attempt in Jammu & Kashmir, but investigators determined that the footage was old and unrelated to the incident.",FAKE,Factly
1349,2020,India-Pakistan Border Tension,Punjab Border,"A viral social media post claimed that a major military disaster occurred during the India-Pakistan Border Tension in Punjab Border, but fact-checkers later confirmed that the claim was false and based on misleading information.",FAKE,PIB Fact Check
1350,2021,Terror Attack Investigation,Srinagar,"Images circulating online were claimed to show destruction during the Terror Attack Investigation in Srinagar; however, verification revealed that the pictures were actually from an unrelated incident in another country.",FAKE,Newschecker
1351,2022,Counter-insurgency Operation,Baramulla,"Several Facebook and WhatsApp messages alleged secret military actions during the Counter-insurgency Operation in Baramulla, but fact-checking organizations found no official evidence supporting these claims.",FAKE,Alt News
1352,2023,Manipur Ethnic Conflict,Imphal,"A widely shared video was said to depict conflict during the Manipur Ethnic Conflict in Imphal, but investigators determined that the footage was old and unrelated to the incident.",FAKE,BOOM Live
1353,2024,Galwan Valley Clash,Ladakh,"A viral social media post claimed that a major military disaster occurred during the Galwan Valley Clash in Ladakh, but fact-checkers later confirmed that the claim was false and based on misleading information.",FAKE,Factly
1354,2025,Kashmir Militancy Encounter,Shopian,"Images circulating online were claimed to show destruction during the Kashmir Militancy Encounter in Shopian; however, verification revealed that the pictures were actually from an unrelated incident in another country.",FAKE,PIB Fact Check
1355,2020,LoC Ceasefire Violation,Kupwara,"Several Facebook and WhatsApp messages alleged secret military actions during the LoC Ceasefire Violation in Kupwara, but fact-checking organizations found no official evidence supporting these claims.",FAKE,Newschecker
1356,2021,Cross-border Infiltration Attempt,Jammu & Kashmir,"A widely shared video was said to depict conflict during the Cross-border Infiltration Attempt in Jammu & Kashmir, but investigators determined that the footage was old and unrelated to the incident.",FAKE,Alt News
1357,2022,India-Pakistan Border Tension,Punjab Border,"A viral social media post claimed that a major military disaster occurred during the India-Pakistan Border Tension in Punjab Border, but fact-checkers later confirmed that the claim was false and based on misleading information.",FAKE,BOOM Live
1358,2023,Terror Attack Investigation,Srinagar,"Images circulating online were claimed to show destruction during the Terror Attack Investigation in Srinagar; however, verification revealed that the pictures were actually from an unrelated incident in another country.",FAKE,Factly
1359,2024,Counter-insurgency Operation,Baramulla,"Several Facebook and WhatsApp messages alleged secret military actions during the Counter-insurgency Operation in Baramulla, but fact-checking organizations found no official evidence supporting these claims.",FAKE,PIB Fact Check
1360,2025,Manipur Ethnic Conflict,Imphal,"A widely shared video was said to depict conflict during the Manipur Ethnic Conflict in Imphal, but investigators determined that the footage was old and unrelated to the incident.",FAKE,Newschecker
1361,2020,Galwan Valley Clash,Ladakh,"A viral social media post claimed that a major military disaster occurred during the Galwan Valley Clash in Ladakh, but fact-checkers later confirmed that the claim was false and based on misleading information.",FAKE,Alt News
1362,2021,Kashmir Militancy Encounter,Shopian,"Images circulating online were claimed to show destruction during the Kashmir Militancy Encounter in Shopian; however, verification revealed that the pictures were actually from an unrelated incident in another country.",FAKE,BOOM Live
1363,2022,LoC Ceasefire Violation,Kupwara,"Several Facebook and WhatsApp messages alleged secret military actions during the LoC Ceasefire Violation in Kupwara, but fact-checking organizations found no official evidence supporting these claims.",FAKE,Factly
1364,2023,Cross-border Infiltration Attempt,Jammu & Kashmir,"A widely shared video was said to depict conflict during the Cross-border Infiltration Attempt in Jammu & Kashmir, but investigators determined that the footage was old and unrelated to the incident.",FAKE,PIB Fact Check
1365,2024,India-Pakistan Border Tension,Punjab Border,"A viral social media post claimed that a major military disaster occurred during the India-Pakistan Border Tension in Punjab Border, but fact-checkers later confirmed that the claim was false and based on misleading information.",FAKE,Newschecker
1366,2025,Terror Attack Investigation,Srinagar,"Images circulating online were claimed to show destruction during the Terror Attack Investigation in Srinagar; however, verification revealed that the pictures were actually from an unrelated incident in another country.",FAKE,Alt News
1367,2020,Counter-insurgency Operation,Baramulla,"Several Facebook and WhatsApp messages alleged secret military actions during the Counter-insurgency Operation in Baramulla, but fact-checking organizations found no official evidence supporting these claims.",FAKE,BOOM Live
1368,2021,Manipur Ethnic Conflict,Imphal,"A widely shared video was said to depict conflict during the Manipur Ethnic Conflict in Imphal, but investigators determined that the footage was old and unrelated to the incident.",FAKE,Factly
1369,2022,Galwan Valley Clash,Ladakh,"A viral social media post claimed that a major military disaster occurred during the Galwan Valley Clash in Ladakh, but fact-checkers later confirmed that the claim was false and based on misleading information.",FAKE,PIB Fact Check
1370,2023,Kashmir Militancy Encounter,Shopian,"Images circulating online were claimed to show destruction during the Kashmir Militancy Encounter in Shopian; however, verification revealed that the pictures were actually from an unrelated incident in another country.",FAKE,Newschecker
1371,2024,LoC Ceasefire Violation,Kupwara,"Several Facebook and WhatsApp messages alleged secret military actions during the LoC Ceasefire Violation in Kupwara, but fact-checking organizations found no official evidence supporting these claims.",FAKE,Alt News
1372,2025,Cross-border Infiltration Attempt,Jammu & Kashmir,"A widely shared video was said to depict conflict during the Cross-border Infiltration Attempt in Jammu & Kashmir, but investigators determined that the footage was old and unrelated to the incident.",FAKE,BOOM Live
1373,2020,India-Pakistan Border Tension,Punjab Border,"A viral social media post claimed that a major military disaster occurred during the India-Pakistan Border Tension in Punjab Border, but fact-checkers later confirmed that the claim was false and based on misleading information.",FAKE,Factly
1374,2021,Terror Attack Investigation,Srinagar,"Images circulating online were claimed to show destruction during the Terror Attack Investigation in Srinagar; however, verification revealed that the pictures were actually from an unrelated incident in another country.",FAKE,PIB Fact Check
1375,2022,Counter-insurgency Operation,Baramulla,"Several Facebook and WhatsApp messages alleged secret military actions during the Counter-insurgency Operation in Baramulla, but fact-checking organizations found no official evidence supporting these claims.",FAKE,Newschecker
1376,2023,Manipur Ethnic Conflict,Imphal,"A widely shared video was said to depict conflict during the Manipur Ethnic Conflict in Imphal, but investigators determined that the footage was old and unrelated to the incident.",FAKE,Alt News
1377,2024,Galwan Valley Clash,Ladakh,"A viral social media post claimed that a major military disaster occurred during the Galwan Valley Clash in Ladakh, but fact-checkers later confirmed that the claim was false and based on misleading information.",FAKE,BOOM Live
1378,2025,Kashmir Militancy Encounter,Shopian,"Images circulating online were claimed to show destruction during the Kashmir Militancy Encounter in Shopian; however, verification revealed that the pictures were actually from an unrelated incident in another country.",FAKE,Factly
1379,2020,LoC Ceasefire Violation,Kupwara,"Several Facebook and WhatsApp messages alleged secret military actions during the LoC Ceasefire Violation in Kupwara, but fact-checking organizations found no official evidence supporting these claims.",FAKE,PIB Fact Check
1380,2021,Cross-border Infiltration Attempt,Jammu & Kashmir,"A widely shared video was said to depict conflict during the Cross-border Infiltration Attempt in Jammu & Kashmir, but investigators determined that the footage was old and unrelated to the incident.",FAKE,Newschecker
1381,2022,India-Pakistan Border Tension,Punjab Border,"A viral social media post claimed that a major military disaster occurred during the India-Pakistan Border Tension in Punjab Border, but fact-checkers later confirmed that the claim was false and based on misleading information.",FAKE,Alt News
1382,2023,Terror Attack Investigation,Srinagar,"Images circulating online were claimed to show destruction during the Terror Attack Investigation in Srinagar; however, verification revealed that the pictures were actually from an unrelated incident in another country.",FAKE,BOOM Live
1383,2024,Counter-insurgency Operation,Baramulla,"Several Facebook and WhatsApp messages alleged secret military actions during the Counter-insurgency Operation in Baramulla, but fact-checking organizations found no official evidence supporting these claims.",FAKE,Factly
1384,2025,Manipur Ethnic Conflict,Imphal,"A widely shared video was said to depict conflict during the Manipur Ethnic Conflict in Imphal, but investigators determined that the footage was old and unrelated to the incident.",FAKE,PIB Fact Check
1385,2020,Galwan Valley Clash,Ladakh,"A viral social media post claimed that a major military disaster occurred during the Galwan Valley Clash in Ladakh, but fact-checkers later confirmed that the claim was false and based on misleading information.",FAKE,Newschecker
1386,2021,Kashmir Militancy Encounter,Shopian,"Images circulating online were claimed to show destruction during the Kashmir Militancy Encounter in Shopian; however, verification revealed that the pictures were actually from an unrelated incident in another country.",FAKE,Alt News
1387,2022,LoC Ceasefire Violation,Kupwara,"Several Facebook and WhatsApp messages alleged secret military actions during the LoC Ceasefire Violation in Kupwara, but fact-checking organizations found no official evidence supporting these claims.",FAKE,BOOM Live
1388,2023,Cross-border Infiltration Attempt,Jammu & Kashmir,"A widely shared video was said to depict conflict during the Cross-border Infiltration Attempt in Jammu & Kashmir, but investigators determined that the footage was old and unrelated to the incident.",FAKE,Factly
1389,2024,India-Pakistan Border Tension,Punjab Border,"A viral social media post claimed that a major military disaster occurred during the India-Pakistan Border Tension in Punjab Border, but fact-checkers later confirmed that the claim was false and based on misleading information.",FAKE,PIB Fact Check
1390,2025,Terror Attack Investigation,Srinagar,"Images circulating online were claimed to show destruction during the Terror Attack Investigation in Srinagar; however, verification revealed that the pictures were actually from an unrelated incident in another country.",FAKE,Newschecker
1391,2020,Counter-insurgency Operation,Baramulla,"Several Facebook and WhatsApp messages alleged secret military actions during the Counter-insurgency Operation in Baramulla, but fact-checking organizations found no official evidence supporting these claims.",FAKE,Alt News
1392,2021,Manipur Ethnic Conflict,Imphal,"A widely shared video was said to depict conflict during the Manipur Ethnic Conflict in Imphal, but investigators determined that the footage was old and unrelated to the incident.",FAKE,BOOM Live
1393,2022,Galwan Valley Clash,Ladakh,"A viral social media post claimed that a major military disaster occurred during the Galwan Valley Clash in Ladakh, but fact-checkers later confirmed that the claim was false and based on misleading information.",FAKE,Factly
1394,2023,Kashmir Militancy Encounter,Shopian,"Images circulating online were claimed to show destruction during the Kashmir Militancy Encounter in Shopian; however, verification revealed that the pictures were actually from an unrelated incident in another country.",FAKE,PIB Fact Check
1395,2024,LoC Ceasefire Violation,Kupwara,"Several Facebook and WhatsApp messages alleged secret military actions during the LoC Ceasefire Violation in Kupwara, but fact-checking organizations found no official evidence supporting these claims.",FAKE,Newschecker
1396,2025,Cross-border Infiltration Attempt,Jammu & Kashmir,"A widely shared video was said to depict conflict during the Cross-border Infiltration Attempt in Jammu & Kashmir, but investigators determined that the footage was old and unrelated to the incident.",FAKE,Alt News
1397,2020,India-Pakistan Border Tension,Punjab Border,"A viral social media post claimed that a major military disaster occurred during the India-Pakistan Border Tension in Punjab Border, but fact-checkers later confirmed that the claim was false and based on misleading information.",FAKE,BOOM Live
1398,2021,Terror Attack Investigation,Srinagar,"Images circulating online were claimed to show destruction during the Terror Attack Investigation in Srinagar; however, verification revealed that the pictures were actually from an unrelated incident in another country.",FAKE,Factly
1399,2022,Counter-insurgency Operation,Baramulla,"Several Facebook and WhatsApp messages alleged secret military actions during the Counter-insurgency Operation in Baramulla, but fact-checking organizations found no official evidence supporting these claims.",FAKE,PIB Fact Check
1400,2023,Manipur Ethnic Conflict,Imphal,"A widely shared video was said to depict conflict during the Manipur Ethnic Conflict in Imphal, but investigators determined that the footage was old and unrelated to the incident.",FAKE,Newschecker
1401,2024,Galwan Valley Clash,Ladakh,"A viral social media post claimed that a major military disaster occurred during the Galwan Valley Clash in Ladakh, but fact-checkers later confirmed that the claim was false and based on misleading information.",FAKE,Alt News
1402,2025,Kashmir Militancy Encounter,Shopian,"Images circulating online were claimed to show destruction during the Kashmir Militancy Encounter in Shopian; however, verification revealed that the pictures were actually from an unrelated incident in another country.",FAKE,BOOM Live
1403,2020,LoC Ceasefire Violation,Kupwara,"Several Facebook and WhatsApp messages alleged secret military actions during the LoC Ceasefire Violation in Kupwara, but fact-checking organizations found no official evidence supporting these claims.",FAKE,Factly
1404,2021,Cross-border Infiltration Attempt,Jammu & Kashmir,"A widely shared video was said to depict conflict during the Cross-border Infiltration Attempt in Jammu & Kashmir, but investigators determined that the footage was old and unrelated to the incident.",FAKE,PIB Fact Check
1405,2022,India-Pakistan Border Tension,Punjab Border,"A viral social media post claimed that a major military disaster occurred during the India-Pakistan Border Tension in Punjab Border, but fact-checkers later confirmed that the claim was false and based on misleading information.",FAKE,Newschecker
1406,2023,Terror Attack Investigation,Srinagar,"Images circulating online were claimed to show destruction during the Terror Attack Investigation in Srinagar; however, verification revealed that the pictures were actually from an unrelated incident in another country.",FAKE,Alt News
1407,2024,Counter-insurgency Operation,Baramulla,"Several Facebook and WhatsApp messages alleged secret military actions during the Counter-insurgency Operation in Baramulla, but fact-checking organizations found no official evidence supporting these claims.",FAKE,BOOM Live
1408,2025,Manipur Ethnic Conflict,Imphal,"A widely shared video was said to depict conflict during the Manipur Ethnic Conflict in Imphal, but investigators determined that the footage was old and unrelated to the incident.",FAKE,Factly
1409,2020,Galwan Valley Clash,Ladakh,"A viral social media post claimed that a major military disaster occurred during the Galwan Valley Clash in Ladakh, but fact-checkers later confirmed that the claim was false and based on misleading information.",FAKE,PIB Fact Check
1410,2021,Kashmir Militancy Encounter,Shopian,"Images circulating online were claimed to show destruction during the Kashmir Militancy Encounter in Shopian; however, verification revealed that the pictures were actually from an unrelated incident in another country.",FAKE,Newschecker
1411,2022,LoC Ceasefire Violation,Kupwara,"Several Facebook and WhatsApp messages alleged secret military actions during the LoC Ceasefire Violation in Kupwara, but fact-checking organizations found no official evidence supporting these claims.",FAKE,Alt News
1412,2023,Cross-border Infiltration Attempt,Jammu & Kashmir,"A widely shared video was said to depict conflict during the Cross-border Infiltration Attempt in Jammu & Kashmir, but investigators determined that the footage was old and unrelated to the incident.",FAKE,BOOM Live
1413,2024,India-Pakistan Border Tension,Punjab Border,"A viral social media post claimed that a major military disaster occurred during the India-Pakistan Border Tension in Punjab Border, but fact-checkers later confirmed that the claim was false and based on misleading information.",FAKE,Factly
1414,2025,Terror Attack Investigation,Srinagar,"Images circulating online were claimed to show destruction during the Terror Attack Investigation in Srinagar; however, verification revealed that the pictures were actually from an unrelated incident in another country.",FAKE,PIB Fact Check
1415,2020,Counter-insurgency Operation,Baramulla,"Several Facebook and WhatsApp messages alleged secret military actions during the Counter-insurgency Operation in Baramulla, but fact-checking organizations found no official evidence supporting these claims.",FAKE,Newschecker
1416,2021,Manipur Ethnic Conflict,Imphal,"A widely shared video was said to depict conflict during the Manipur Ethnic Conflict in Imphal, but investigators determined that the footage was old and unrelated to the incident.",FAKE,Alt News
1417,2022,Galwan Valley Clash,Ladakh,"A viral social media post claimed that a major military disaster occurred during the Galwan Valley Clash in Ladakh, but fact-checkers later confirmed that the claim was false and based on misleading information.",FAKE,BOOM Live
1418,2023,Kashmir Militancy Encounter,Shopian,"Images circulating online were claimed to show destruction during the Kashmir Militancy Encounter in Shopian; however, verification revealed that the pictures were actually from an unrelated incident in another country.",FAKE,Factly
1419,2024,LoC Ceasefire Violation,Kupwara,"Several Facebook and WhatsApp messages alleged secret military actions during the LoC Ceasefire Violation in Kupwara, but fact-checking organizations found no official evidence supporting these claims.",FAKE,PIB Fact Check
1420,2025,Cross-border Infiltration Attempt,Jammu & Kashmir,"A widely shared video was said to depict conflict during the Cross-border Infiltration Attempt in Jammu & Kashmir, but investigators determined that the footage was old and unrelated to the incident.",FAKE,Newschecker
1421,2020,India-Pakistan Border Tension,Punjab Border,"A viral social media post claimed that a major military disaster occurred during the India-Pakistan Border Tension in Punjab Border, but fact-checkers later confirmed that the claim was false and based on misleading information.",FAKE,Alt News
1422,2021,Terror Attack Investigation,Srinagar,"Images circulating online were claimed to show destruction during the Terror Attack Investigation in Srinagar; however, verification revealed that the pictures were actually from an unrelated incident in another country.",FAKE,BOOM Live
1423,2022,Counter-insurgency Operation,Baramulla,"Several Facebook and WhatsApp messages alleged secret military actions during the Counter-insurgency Operation in Baramulla, but fact-checking organizations found no official evidence supporting these claims.",FAKE,Factly
1424,2023,Manipur Ethnic Conflict,Imphal,"A widely shared video was said to depict conflict during the Manipur Ethnic Conflict in Imphal, but investigators determined that the footage was old and unrelated to the incident.",FAKE,PIB Fact Check
1425,2024,Galwan Valley Clash,Ladakh,"A viral social media post claimed that a major military disaster occurred during the Galwan Valley Clash in Ladakh, but fact-checkers later confirmed that the claim was false and based on misleading information.",FAKE,Newschecker
1426,2025,Kashmir Militancy Encounter,Shopian,"Images circulating online were claimed to show destruction during the Kashmir Militancy Encounter in Shopian; however, verification revealed that the pictures were actually from an unrelated incident in another country.",FAKE,Alt News
1427,2020,LoC Ceasefire Violation,Kupwara,"Several Facebook and WhatsApp messages alleged secret military actions during the LoC Ceasefire Violation in Kupwara, but fact-checking organizations found no official evidence supporting these claims.",FAKE,BOOM Live
1428,2021,Cross-border Infiltration Attempt,Jammu & Kashmir,"A widely shared video was said to depict conflict during the Cross-border Infiltration Attempt in Jammu & Kashmir, but investigators determined that the footage was old and unrelated to the incident.",FAKE,Factly
1429,2022,India-Pakistan Border Tension,Punjab Border,"A viral social media post claimed that a major military disaster occurred during the India-Pakistan Border Tension in Punjab Border, but fact-checkers later confirmed that the claim was false and based on misleading information.",FAKE,PIB Fact Check
1430,2023,Terror Attack Investigation,Srinagar,"Images circulating online were claimed to show destruction during the Terror Attack Investigation in Srinagar; however, verification revealed that the pictures were actually from an unrelated incident in another country.",FAKE,Newschecker
1431,2024,Counter-insurgency Operation,Baramulla,"Several Facebook and WhatsApp messages alleged secret military actions during the Counter-insurgency Operation in Baramulla, but fact-checking organizations found no official evidence supporting these claims.",FAKE,Alt News
1432,2025,Manipur Ethnic Conflict,Imphal,"A widely shared video was said to depict conflict during the Manipur Ethnic Conflict in Imphal, but investigators determined that the footage was old and unrelated to the incident.",FAKE,BOOM Live
1433,2020,Galwan Valley Clash,Ladakh,"A viral social media post claimed that a major military disaster occurred during the Galwan Valley Clash in Ladakh, but fact-checkers later confirmed that the claim was false and based on misleading information.",FAKE,Factly
1434,2021,Kashmir Militancy Encounter,Shopian,"Images circulating online were claimed to show destruction during the Kashmir Militancy Encounter in Shopian; however, verification revealed that the pictures were actually from an unrelated incident in another country.",FAKE,PIB Fact Check
1435,2022,LoC Ceasefire Violation,Kupwara,"Several Facebook and WhatsApp messages alleged secret military actions during the LoC Ceasefire Violation in Kupwara, but fact-checking organizations found no official evidence supporting these claims.",FAKE,Newschecker
1436,2023,Cross-border Infiltration Attempt,Jammu & Kashmir,"A widely shared video was said to depict conflict during the Cross-border Infiltration Attempt in Jammu & Kashmir, but investigators determined that the footage was old and unrelated to the incident.",FAKE,Alt News
1437,2024,India-Pakistan Border Tension,Punjab Border,"A viral social media post claimed that a major military disaster occurred during the India-Pakistan Border Tension in Punjab Border, but fact-checkers later confirmed that the claim was false and based on misleading information.",FAKE,BOOM Live
1438,2025,Terror Attack Investigation,Srinagar,"Images circulating online were claimed to show destruction during the Terror Attack Investigation in Srinagar; however, verification revealed that the pictures were actually from an unrelated incident in another country.",FAKE,Factly
1439,2020,Counter-insurgency Operation,Baramulla,"Several Facebook and WhatsApp messages alleged secret military actions during the Counter-insurgency Operation in Baramulla, but fact-checking organizations found no official evidence supporting these claims.",FAKE,PIB Fact Check
1440,2021,Manipur Ethnic Conflict,Imphal,"A widely shared video was said to depict conflict during the Manipur Ethnic Conflict in Imphal, but investigators determined that the footage was old and unrelated to the incident.",FAKE,Newschecker
1441,2022,Galwan Valley Clash,Ladakh,"A viral social media post claimed that a major military disaster occurred during the Galwan Valley Clash in Ladakh, but fact-checkers later confirmed that the claim was false and based on misleading information.",FAKE,Alt News
1442,2023,Kashmir Militancy Encounter,Shopian,"Images circulating online were claimed to show destruction during the Kashmir Militancy Encounter in Shopian; however, verification revealed that the pictures were actually from an unrelated incident in another country.",FAKE,BOOM Live
1443,2024,LoC Ceasefire Violation,Kupwara,"Several Facebook and WhatsApp messages alleged secret military actions during the LoC Ceasefire Violation in Kupwara, but fact-checking organizations found no official evidence supporting these claims.",FAKE,Factly
1444,2025,Cross-border Infiltration Attempt,Jammu & Kashmir,"A widely shared video was said to depict conflict during the Cross-border Infiltration Attempt in Jammu & Kashmir, but investigators determined that the footage was old and unrelated to the incident.",FAKE,PIB Fact Check
1445,2020,India-Pakistan Border Tension,Punjab Border,"A viral social media post claimed that a major military disaster occurred during the India-Pakistan Border Tension in Punjab Border, but fact-checkers later confirmed that the claim was false and based on misleading information.",FAKE,Newschecker
1446,2021,Terror Attack Investigation,Srinagar,"Images circulating online were claimed to show destruction during the Terror Attack Investigation in Srinagar; however, verification revealed that the pictures were actually from an unrelated incident in another country.",FAKE,Alt News
1447,2022,Counter-insurgency Operation,Baramulla,"Several Facebook and WhatsApp messages alleged secret military actions during the Counter-insurgency Operation in Baramulla, but fact-checking organizations found no official evidence supporting these claims.",FAKE,BOOM Live
1448,2023,Manipur Ethnic Conflict,Imphal,"A widely shared video was said to depict conflict during the Manipur Ethnic Conflict in Imphal, but investigators determined that the footage was old and unrelated to the incident.",FAKE,Factly
1449,2024,Galwan Valley Clash,Ladakh,"A viral social media post claimed that a major military disaster occurred during the Galwan Valley Clash in Ladakh, but fact-checkers later confirmed that the claim was false and based on misleading information.",FAKE,PIB Fact Check
1450,2025,Kashmir Militancy Encounter,Shopian,"Images circulating online were claimed to show destruction during the Kashmir Militancy Encounter in Shopian; however, verification revealed that the pictures were actually from an unrelated incident in another country.",FAKE,Newschecker
1451,2020,LoC Ceasefire Violation,Kupwara,"Several Facebook and WhatsApp messages alleged secret military actions during the LoC Ceasefire Violation in Kupwara, but fact-checking organizations found no official evidence supporting these claims.",FAKE,Alt News
1452,2021,Cross-border Infiltration Attempt,Jammu & Kashmir,"A widely shared video was said to depict conflict during the Cross-border Infiltration Attempt in Jammu & Kashmir, but investigators determined that the footage was old and unrelated to the incident.",FAKE,BOOM Live
1453,2022,India-Pakistan Border Tension,Punjab Border,"A viral social media post claimed that a major military disaster occurred during the India-Pakistan Border Tension in Punjab Border, but fact-checkers later confirmed that the claim was false and based on misleading information.",FAKE,Factly
1454,2023,Terror Attack Investigation,Srinagar,"Images circulating online were claimed to show destruction during the Terror Attack Investigation in Srinagar; however, verification revealed that the pictures were actually from an unrelated incident in another country.",FAKE,PIB Fact Check
1455,2024,Counter-insurgency Operation,Baramulla,"Several Facebook and WhatsApp messages alleged secret military actions during the Counter-insurgency Operation in Baramulla, but fact-checking organizations found no official evidence supporting these claims.",FAKE,Newschecker
1456,2025,Manipur Ethnic Conflict,Imphal,"A widely shared video was said to depict conflict during the Manipur Ethnic Conflict in Imphal, but investigators determined that the footage was old and unrelated to the incident.",FAKE,Alt News
1457,2020,Galwan Valley Clash,Ladakh,"A viral social media post claimed that a major military disaster occurred during the Galwan Valley Clash in Ladakh, but fact-checkers later confirmed that the claim was false and based on misleading information.",FAKE,BOOM Live
1458,2021,Kashmir Militancy Encounter,Shopian,"Images circulating online were claimed to show destruction during the Kashmir Militancy Encounter in Shopian; however, verification revealed that the pictures were actually from an unrelated incident in another country.",FAKE,Factly
1459,2022,LoC Ceasefire Violation,Kupwara,"Several Facebook and WhatsApp messages alleged secret military actions during the LoC Ceasefire Violation in Kupwara, but fact-checking organizations found no official evidence supporting these claims.",FAKE,PIB Fact Check
1460,2023,Cross-border Infiltration Attempt,Jammu & Kashmir,"A widely shared video was said to depict conflict during the Cross-border Infiltration Attempt in Jammu & Kashmir, but investigators determined that the footage was old and unrelated to the incident.",FAKE,Newschecker
1461,2024,India-Pakistan Border Tension,Punjab Border,"A viral social media post claimed that a major military disaster occurred during the India-Pakistan Border Tension in Punjab Border, but fact-checkers later confirmed that the claim was false and based on misleading information.",FAKE,Alt News
1462,2025,Terror Attack Investigation,Srinagar,"Images circulating online were claimed to show destruction during the Terror Attack Investigation in Srinagar; however, verification revealed that the pictures were actually from an unrelated incident in another country.",FAKE,BOOM Live
1463,2020,Counter-insurgency Operation,Baramulla,"Several Facebook and WhatsApp messages alleged secret military actions during the Counter-insurgency Operation in Baramulla, but fact-checking organizations found no official evidence supporting these claims.",FAKE,Factly
1464,2021,Manipur Ethnic Conflict,Imphal,"A widely shared video was said to depict conflict during the Manipur Ethnic Conflict in Imphal, but investigators determined that the footage was old and unrelated to the incident.",FAKE,PIB Fact Check
1465,2022,Galwan Valley Clash,Ladakh,"A viral social media post claimed that a major military disaster occurred during the Galwan Valley Clash in Ladakh, but fact-checkers later confirmed that the claim was false and based on misleading information.",FAKE,Newschecker
1466,2023,Kashmir Militancy Encounter,Shopian,"Images circulating online were claimed to show destruction during the Kashmir Militancy Encounter in Shopian; however, verification revealed that the pictures were actually from an unrelated incident in another country.",FAKE,Alt News
1467,2024,LoC Ceasefire Violation,Kupwara,"Several Facebook and WhatsApp messages alleged secret military actions during the LoC Ceasefire Violation in Kupwara, but fact-checking organizations found no official evidence supporting these claims.",FAKE,BOOM Live
1468,2025,Cross-border Infiltration Attempt,Jammu & Kashmir,"A widely shared video was said to depict conflict during the Cross-border Infiltration Attempt in Jammu & Kashmir, but investigators determined that the footage was old and unrelated to the incident.",FAKE,Factly
1469,2020,India-Pakistan Border Tension,Punjab Border,"A viral social media post claimed that a major military disaster occurred during the India-Pakistan Border Tension in Punjab Border, but fact-checkers later confirmed that the claim was false and based on misleading information.",FAKE,PIB Fact Check
1470,2021,Terror Attack Investigation,Srinagar,"Images circulating online were claimed to show destruction during the Terror Attack Investigation in Srinagar; however, verification revealed that the pictures were actually from an unrelated incident in another country.",FAKE,Newschecker
1471,2022,Counter-insurgency Operation,Baramulla,"Several Facebook and WhatsApp messages alleged secret military actions during the Counter-insurgency Operation in Baramulla, but fact-checking organizations found no official evidence supporting these claims.",FAKE,Alt News
1472,2023,Manipur Ethnic Conflict,Imphal,"A widely shared video was said to depict conflict during the Manipur Ethnic Conflict in Imphal, but investigators determined that the footage was old and unrelated to the incident.",FAKE,BOOM Live
1473,2024,Galwan Valley Clash,Ladakh,"A viral social media post claimed that a major military disaster occurred during the Galwan Valley Clash in Ladakh, but fact-checkers later confirmed that the claim was false and based on misleading information.",FAKE,Factly
1474,2025,Kashmir Militancy Encounter,Shopian,"Images circulating online were claimed to show destruction during the Kashmir Militancy Encounter in Shopian; however, verification revealed that the pictures were actually from an unrelated incident in another country.",FAKE,PIB Fact Check
1475,2020,LoC Ceasefire Violation,Kupwara,"Several Facebook and WhatsApp messages alleged secret military actions during the LoC Ceasefire Violation in Kupwara, but fact-checking organizations found no official evidence supporting these claims.",FAKE,Newschecker
1476,2021,Cross-border Infiltration Attempt,Jammu & Kashmir,"A widely shared video was said to depict conflict during the Cross-border Infiltration Attempt in Jammu & Kashmir, but investigators determined that the footage was old and unrelated to the incident.",FAKE,Alt News
1477,2022,India-Pakistan Border Tension,Punjab Border,"A viral social media post claimed that a major military disaster occurred during the India-Pakistan Border Tension in Punjab Border, but fact-checkers later confirmed that the claim was false and based on misleading information.",FAKE,BOOM Live
1478,2023,Terror Attack Investigation,Srinagar,"Images circulating online were claimed to show destruction during the Terror Attack Investigation in Srinagar; however, verification revealed that the pictures were actually from an unrelated incident in another country.",FAKE,Factly
1479,2024,Counter-insurgency Operation,Baramulla,"Several Facebook and WhatsApp messages alleged secret military actions during the Counter-insurgency Operation in Baramulla, but fact-checking organizations found no official evidence supporting these claims.",FAKE,PIB Fact Check
1480,2025,Manipur Ethnic Conflict,Imphal,"A widely shared video was said to depict conflict during the Manipur Ethnic Conflict in Imphal, but investigators determined that the footage was old and unrelated to the incident.",FAKE,Newschecker
1481,2020,Galwan Valley Clash,Ladakh,"A viral social media post claimed that a major military disaster occurred during the Galwan Valley Clash in Ladakh, but fact-checkers later confirmed that the claim was false and based on misleading information.",FAKE,Alt News
1482,2021,Kashmir Militancy Encounter,Shopian,"Images circulating online were claimed to show destruction during the Kashmir Militancy Encounter in Shopian; however, verification revealed that the pictures were actually from an unrelated incident in another country.",FAKE,BOOM Live
1483,2022,LoC Ceasefire Violation,Kupwara,"Several Facebook and WhatsApp messages alleged secret military actions during the LoC Ceasefire Violation in Kupwara, but fact-checking organizations found no official evidence supporting these claims.",FAKE,Factly
1484,2023,Cross-border Infiltration Attempt,Jammu & Kashmir,"A widely shared video was said to depict conflict during the Cross-border Infiltration Attempt in Jammu & Kashmir, but investigators determined that the footage was old and unrelated to the incident.",FAKE,PIB Fact Check
1485,2024,India-Pakistan Border Tension,Punjab Border,"A viral social media post claimed that a major military disaster occurred during the India-Pakistan Border Tension in Punjab Border, but fact-checkers later confirmed that the claim was false and based on misleading information.",FAKE,Newschecker
1486,2025,Terror Attack Investigation,Srinagar,"Images circulating online were claimed to show destruction during the Terror Attack Investigation in Srinagar; however, verification revealed that the pictures were actually from an unrelated incident in another country.",FAKE,Alt News
1487,2020,Counter-insurgency Operation,Baramulla,"Several Facebook and WhatsApp messages alleged secret military actions during the Counter-insurgency Operation in Baramulla, but fact-checking organizations found no official evidence supporting these claims.",FAKE,BOOM Live
1488,2021,Manipur Ethnic Conflict,Imphal,"A widely shared video was said to depict conflict during the Manipur Ethnic Conflict in Imphal, but investigators determined that the footage was old and unrelated to the incident.",FAKE,Factly
1489,2022,Galwan Valley Clash,Ladakh,"A viral social media post claimed that a major military disaster occurred during the Galwan Valley Clash in Ladakh, but fact-checkers later confirmed that the claim was false and based on misleading information.",FAKE,PIB Fact Check
1490,2023,Kashmir Militancy Encounter,Shopian,"Images circulating online were claimed to show destruction during the Kashmir Militancy Encounter in Shopian; however, verification revealed that the pictures were actually from an unrelated incident in another country.",FAKE,Newschecker
1491,2024,LoC Ceasefire Violation,Kupwara,"Several Facebook and WhatsApp messages alleged secret military actions during the LoC Ceasefire Violation in Kupwara, but fact-checking organizations found no official evidence supporting these claims.",FAKE,Alt News
1492,2025,Cross-border Infiltration Attempt,Jammu & Kashmir,"A widely shared video was said to depict conflict during the Cross-border Infiltration Attempt in Jammu & Kashmir, but investigators determined that the footage was old and unrelated to the incident.",FAKE,BOOM Live
1493,2020,India-Pakistan Border Tension,Punjab Border,"A viral social media post claimed that a major military disaster occurred during the India-Pakistan Border Tension in Punjab Border, but fact-checkers later confirmed that the claim was false and based on misleading information.",FAKE,Factly
1494,2021,Terror Attack Investigation,Srinagar,"Images circulating online were claimed to show destruction during the Terror Attack Investigation in Srinagar; however, verification revealed that the pictures were actually from an unrelated incident in another country.",FAKE,PIB Fact Check
1495,2022,Counter-insurgency Operation,Baramulla,"Several Facebook and WhatsApp messages alleged secret military actions during the Counter-insurgency Operation in Baramulla, but fact-checking organizations found no official evidence supporting these claims.",FAKE,Newschecker
1496,2023,Manipur Ethnic Conflict,Imphal,"A widely shared video was said to depict conflict during the Manipur Ethnic Conflict in Imphal, but investigators determined that the footage was old and unrelated to the incident.",FAKE,Alt News
1497,2024,Galwan Valley Clash,Ladakh,"A viral social media post claimed that a major military disaster occurred during the Galwan Valley Clash in Ladakh, but fact-checkers later confirmed that the claim was false and based on misleading information.",FAKE,BOOM Live
1498,2025,Kashmir Militancy Encounter,Shopian,"Images circulating online were claimed to show destruction during the Kashmir Militancy Encounter in Shopian; however, verification revealed that the pictures were actually from an unrelated incident in another country.",FAKE,Factly
1499,2020,LoC Ceasefire Violation,Kupwara,"Several Facebook and WhatsApp messages alleged secret military actions during the LoC Ceasefire Violation in Kupwara, but fact-checking organizations found no official evidence supporting these claims.",FAKE,PIB Fact Check
1500,2021,Cross-border Infiltration Attempt,Jammu & Kashmir,"A widely shared video was said to depict conflict during the Cross-border Infiltration Attempt in Jammu & Kashmir, but investigators determined that the footage was old and unrelated to the incident.",FAKE,Newschecker
1501,2022,India-Pakistan Border Tension,Punjab Border,"A viral social media post claimed that a major military disaster occurred during the India-Pakistan Border Tension in Punjab Border, but fact-checkers later confirmed that the claim was false and based on misleading information.",FAKE,Alt News
1502,2023,Terror Attack Investigation,Srinagar,"Images circulating online were claimed to show destruction during the Terror Attack Investigation in Srinagar; however, verification revealed that the pictures were actually from an unrelated incident in another country.",FAKE,BOOM Live
1503,2024,Counter-insurgency Operation,Baramulla,"Several Facebook and WhatsApp messages alleged secret military actions during the Counter-insurgency Operation in Baramulla, but fact-checking organizations found no official evidence supporting these claims.",FAKE,Factly
1504,2025,Manipur Ethnic Conflict,Imphal,"A widely shared video was said to depict conflict during the Manipur Ethnic Conflict in Imphal, but investigators determined that the footage was old and unrelated to the incident.",FAKE,PIB Fact Check
1505,2020,Galwan Valley Clash,Ladakh,"A viral social media post claimed that a major military disaster occurred during the Galwan Valley Clash in Ladakh, but fact-checkers later confirmed that the claim was false and based on misleading information.",FAKE,Newschecker
1506,2021,Kashmir Militancy Encounter,Shopian,"Images circulating online were claimed to show destruction during the Kashmir Militancy Encounter in Shopian; however, verification revealed that the pictures were actually from an unrelated incident in another country.",FAKE,Alt News
1507,2022,LoC Ceasefire Violation,Kupwara,"Several Facebook and WhatsApp messages alleged secret military actions during the LoC Ceasefire Violation in Kupwara, but fact-checking organizations found no official evidence supporting these claims.",FAKE,BOOM Live
1508,2023,Cross-border Infiltration Attempt,Jammu & Kashmir,"A widely shared video was said to depict conflict during the Cross-border Infiltration Attempt in Jammu & Kashmir, but investigators determined that the footage was old and unrelated to the incident.",FAKE,Factly
1509,2024,India-Pakistan Border Tension,Punjab Border,"A viral social media post claimed that a major military disaster occurred during the India-Pakistan Border Tension in Punjab Border, but fact-checkers later confirmed that the claim was false and based on misleading information.",FAKE,PIB Fact Check
1510,2025,Terror Attack Investigation,Srinagar,"Images circulating online were claimed to show destruction during the Terror Attack Investigation in Srinagar; however, verification revealed that the pictures were actually from an unrelated incident in another country.",FAKE,Newschecker
1511,2020,Counter-insurgency Operation,Baramulla,"Several Facebook and WhatsApp messages alleged secret military actions during the Counter-insurgency Operation in Baramulla, but fact-checking organizations found no official evidence supporting these claims.",FAKE,Alt News
1512,2021,Manipur Ethnic Conflict,Imphal,"A widely shared video was said to depict conflict during the Manipur Ethnic Conflict in Imphal, but investigators determined that the footage was old and unrelated to the incident.",FAKE,BOOM Live
1513,2022,Galwan Valley Clash,Ladakh,"A viral social media post claimed that a major military disaster occurred during the Galwan Valley Clash in Ladakh, but fact-checkers later confirmed that the claim was false and based on misleading information.",FAKE,Factly
1514,2023,Kashmir Militancy Encounter,Shopian,"Images circulating online were claimed to show destruction during the Kashmir Militancy Encounter in Shopian; however, verification revealed that the pictures were actually from an unrelated incident in another country.",FAKE,PIB Fact Check
1515,2024,LoC Ceasefire Violation,Kupwara,"Several Facebook and WhatsApp messages alleged secret military actions during the LoC Ceasefire Violation in Kupwara, but fact-checking organizations found no official evidence supporting these claims.",FAKE,Newschecker
1516,2025,Cross-border Infiltration Attempt,Jammu & Kashmir,"A widely shared video was said to depict conflict during the Cross-border Infiltration Attempt in Jammu & Kashmir, but investigators determined that the footage was old and unrelated to the incident.",FAKE,Alt News
1517,2020,India-Pakistan Border Tension,Punjab Border,"A viral social media post claimed that a major military disaster occurred during the India-Pakistan Border Tension in Punjab Border, but fact-checkers later confirmed that the claim was false and based on misleading information.",FAKE,BOOM Live
1518,2021,Terror Attack Investigation,Srinagar,"Images circulating online were claimed to show destruction during the Terror Attack Investigation in Srinagar; however, verification revealed that the pictures were actually from an unrelated incident in another country.",FAKE,Factly
1519,2022,Counter-insurgency Operation,Baramulla,"Several Facebook and WhatsApp messages alleged secret military actions during the Counter-insurgency Operation in Baramulla, but fact-checking organizations found no official evidence supporting these claims.",FAKE,PIB Fact Check
1520,2023,Manipur Ethnic Conflict,Imphal,"A widely shared video was said to depict conflict during the Manipur Ethnic Conflict in Imphal, but investigators determined that the footage was old and unrelated to the incident.",FAKE,Newschecker
1521,2024,Galwan Valley Clash,Ladakh,"A viral social media post claimed that a major military disaster occurred during the Galwan Valley Clash in Ladakh, but fact-checkers later confirmed that the claim was false and based on misleading information.",FAKE,Alt News
1522,2025,Kashmir Militancy Encounter,Shopian,"Images circulating online were claimed to show destruction during the Kashmir Militancy Encounter in Shopian; however, verification revealed that the pictures were actually from an unrelated incident in another country.",FAKE,BOOM Live
1523,2020,LoC Ceasefire Violation,Kupwara,"Several Facebook and WhatsApp messages alleged secret military actions during the LoC Ceasefire Violation in Kupwara, but fact-checking organizations found no official evidence supporting these claims.",FAKE,Factly
1524,2021,Cross-border Infiltration Attempt,Jammu & Kashmir,"A widely shared video was said to depict conflict during the Cross-border Infiltration Attempt in Jammu & Kashmir, but investigators determined that the footage was old and unrelated to the incident.",FAKE,PIB Fact Check
1525,2022,India-Pakistan Border Tension,Punjab Border,"A viral social media post claimed that a major military disaster occurred during the India-Pakistan Border Tension in Punjab Border, but fact-checkers later confirmed that the claim was false and based on misleading information.",FAKE,Newschecker
1526,2023,Terror Attack Investigation,Srinagar,"Images circulating online were claimed to show destruction during the Terror Attack Investigation in Srinagar; however, verification revealed that the pictures were actually from an unrelated incident in another country.",FAKE,Alt News
1527,2024,Counter-insurgency Operation,Baramulla,"Several Facebook and WhatsApp messages alleged secret military actions during the Counter-insurgency Operation in Baramulla, but fact-checking organizations found no official evidence supporting these claims.",FAKE,BOOM Live
1528,2025,Manipur Ethnic Conflict,Imphal,"A widely shared video was said to depict conflict during the Manipur Ethnic Conflict in Imphal, but investigators determined that the footage was old and unrelated to the incident.",FAKE,Factly
1529,2020,Galwan Valley Clash,Ladakh,"A viral social media post claimed that a major military disaster occurred during the Galwan Valley Clash in Ladakh, but fact-checkers later confirmed that the claim was false and based on misleading information.",FAKE,PIB Fact Check
1530,2021,Kashmir Militancy Encounter,Shopian,"Images circulating online were claimed to show destruction during the Kashmir Militancy Encounter in Shopian; however, verification revealed that the pictures were actually from an unrelated incident in another country.",FAKE,Newschecker
1531,2022,LoC Ceasefire Violation,Kupwara,"Several Facebook and WhatsApp messages alleged secret military actions during the LoC Ceasefire Violation in Kupwara, but fact-checking organizations found no official evidence supporting these claims.",FAKE,Alt News
1532,2023,Cross-border Infiltration Attempt,Jammu & Kashmir,"A widely shared video was said to depict conflict during the Cross-border Infiltration Attempt in Jammu & Kashmir, but investigators determined that the footage was old and unrelated to the incident.",FAKE,BOOM Live
1533,2024,India-Pakistan Border Tension,Punjab Border,"A viral social media post claimed that a major military disaster occurred during the India-Pakistan Border Tension in Punjab Border, but fact-checkers later confirmed that the claim was false and based on misleading information.",FAKE,Factly
1534,2025,Terror Attack Investigation,Srinagar,"Images circulating online were claimed to show destruction during the Terror Attack Investigation in Srinagar; however, verification revealed that the pictures were actually from an unrelated incident in another country.",FAKE,PIB Fact Check
1535,2020,Counter-insurgency Operation,Baramulla,"Several Facebook and WhatsApp messages alleged secret military actions during the Counter-insurgency Operation in Baramulla, but fact-checking organizations found no official evidence supporting these claims.",FAKE,Newschecker
1536,2021,Manipur Ethnic Conflict,Imphal,"A widely shared video was said to depict conflict during the Manipur Ethnic Conflict in Imphal, but investigators determined that the footage was old and unrelated to the incident.",FAKE,Alt News
1537,2022,Galwan Valley Clash,Ladakh,"A viral social media post claimed that a major military disaster occurred during the Galwan Valley Clash in Ladakh, but fact-checkers later confirmed that the claim was false and based on misleading information.",FAKE,BOOM Live
1538,2023,Kashmir Militancy Encounter,Shopian,"Images circulating online were claimed to show destruction during the Kashmir Militancy Encounter in Shopian; however, verification revealed that the pictures were actually from an unrelated incident in another country.",FAKE,Factly
1539,2024,LoC Ceasefire Violation,Kupwara,"Several Facebook and WhatsApp messages alleged secret military actions during the LoC Ceasefire Violation in Kupwara, but fact-checking organizations found no official evidence supporting these claims.",FAKE,PIB Fact Check
1540,2025,Cross-border Infiltration Attempt,Jammu & Kashmir,"A widely shared video was said to depict conflict during the Cross-border Infiltration Attempt in Jammu & Kashmir, but investigators determined that the footage was old and unrelated to the incident.",FAKE,Newschecker
1541,2020,India-Pakistan Border Tension,Punjab Border,"A viral social media post claimed that a major military disaster occurred during the India-Pakistan Border Tension in Punjab Border, but fact-checkers later confirmed that the claim was false and based on misleading information.",FAKE,Alt News
1542,2021,Terror Attack Investigation,Srinagar,"Images circulating online were claimed to show destruction during the Terror Attack Investigation in Srinagar; however, verification revealed that the pictures were actually from an unrelated incident in another country.",FAKE,BOOM Live
1543,2022,Counter-insurgency Operation,Baramulla,"Several Facebook and WhatsApp messages alleged secret military actions during the Counter-insurgency Operation in Baramulla, but fact-checking organizations found no official evidence supporting these claims.",FAKE,Factly
1544,2023,Manipur Ethnic Conflict,Imphal,"A widely shared video was said to depict conflict during the Manipur Ethnic Conflict in Imphal, but investigators determined that the footage was old and unrelated to the incident.",FAKE,PIB Fact Check
1545,2024,Galwan Valley Clash,Ladakh,"A viral social media post claimed that a major military disaster occurred during the Galwan Valley Clash in Ladakh, but fact-checkers later confirmed that the claim was false and based on misleading information.",FAKE,Newschecker
1546,2025,Kashmir Militancy Encounter,Shopian,"Images circulating online were claimed to show destruction during the Kashmir Militancy Encounter in Shopian; however, verification revealed that the pictures were actually from an unrelated incident in another country.",FAKE,Alt News
1547,2020,LoC Ceasefire Violation,Kupwara,"Several Facebook and WhatsApp messages alleged secret military actions during the LoC Ceasefire Violation in Kupwara, but fact-checking organizations found no official evidence supporting these claims.",FAKE,BOOM Live
1548,2021,Cross-border Infiltration Attempt,Jammu & Kashmir,"A widely shared video was said to depict conflict during the Cross-border Infiltration Attempt in Jammu & Kashmir, but investigators determined that the footage was old and unrelated to the incident.",FAKE,Factly
1549,2022,India-Pakistan Border Tension,Punjab Border,"A viral social media post claimed that a major military disaster occurred during the India-Pakistan Border Tension in Punjab Border, but fact-checkers later confirmed that the claim was false and based on misleading information.",FAKE,PIB Fact Check
1550,2023,Terror Attack Investigation,Srinagar,"Images circulating online were claimed to show destruction during the Terror Attack Investigation in Srinagar; however, verification revealed that the pictures were actually from an unrelated incident in another country.",FAKE,Newschecker
1551,2024,Counter-insurgency Operation,Baramulla,"Several Facebook and WhatsApp messages alleged secret military actions during the Counter-insurgency Operation in Baramulla, but fact-checking organizations found no official evidence supporting these claims.",FAKE,Alt News
1552,2025,Manipur Ethnic Conflict,Imphal,"A widely shared video was said to depict conflict during the Manipur Ethnic Conflict in Imphal, but investigators determined that the footage was old and unrelated to the incident.",FAKE,BOOM Live
1553,2020,Galwan Valley Clash,Ladakh,"A viral social media post claimed that a major military disaster occurred during the Galwan Valley Clash in Ladakh, but fact-checkers later confirmed that the claim was false and based on misleading information.",FAKE,Factly
1554,2021,Kashmir Militancy Encounter,Shopian,"Images circulating online were claimed to show destruction during the Kashmir Militancy Encounter in Shopian; however, verification revealed that the pictures were actually from an unrelated incident in another country.",FAKE,PIB Fact Check
1555,2022,LoC Ceasefire Violation,Kupwara,"Several Facebook and WhatsApp messages alleged secret military actions during the LoC Ceasefire Violation in Kupwara, but fact-checking organizations found no official evidence supporting these claims.",FAKE,Newschecker
1556,2023,Cross-border Infiltration Attempt,Jammu & Kashmir,"A widely shared video was said to depict conflict during the Cross-border Infiltration Attempt in Jammu & Kashmir, but investigators determined that the footage was old and unrelated to the incident.",FAKE,Alt News
1557,2024,India-Pakistan Border Tension,Punjab Border,"A viral social media post claimed that a major military disaster occurred during the India-Pakistan Border Tension in Punjab Border, but fact-checkers later confirmed that the claim was false and based on misleading information.",FAKE,BOOM Live
1558,2025,Terror Attack Investigation,Srinagar,"Images circulating online were claimed to show destruction during the Terror Attack Investigation in Srinagar; however, verification revealed that the pictures were actually from an unrelated incident in another country.",FAKE,Factly
1559,2020,Counter-insurgency Operation,Baramulla,"Several Facebook and WhatsApp messages alleged secret military actions during the Counter-insurgency Operation in Baramulla, but fact-checking organizations found no official evidence supporting these claims.",FAKE,PIB Fact Check
1560,2021,Manipur Ethnic Conflict,Imphal,"A widely shared video was said to depict conflict during the Manipur Ethnic Conflict in Imphal, but investigators determined that the footage was old and unrelated to the incident.",FAKE,Newschecker
1561,2022,Galwan Valley Clash,Ladakh,"A viral social media post claimed that a major military disaster occurred during the Galwan Valley Clash in Ladakh, but fact-checkers later confirmed that the claim was false and based on misleading information.",FAKE,Alt News
1562,2023,Kashmir Militancy Encounter,Shopian,"Images circulating online were claimed to show destruction during the Kashmir Militancy Encounter in Shopian; however, verification revealed that the pictures were actually from an unrelated incident in another country.",FAKE,BOOM Live
1563,2024,LoC Ceasefire Violation,Kupwara,"Several Facebook and WhatsApp messages alleged secret military actions during the LoC Ceasefire Violation in Kupwara, but fact-checking organizations found no official evidence supporting these claims.",FAKE,Factly
1564,2025,Cross-border Infiltration Attempt,Jammu & Kashmir,"A widely shared video was said to depict conflict during the Cross-border Infiltration Attempt in Jammu & Kashmir, but investigators determined that the footage was old and unrelated to the incident.",FAKE,PIB Fact Check
1565,2020,India-Pakistan Border Tension,Punjab Border,"A viral social media post claimed that a major military disaster occurred during the India-Pakistan Border Tension in Punjab Border, but fact-checkers later confirmed that the claim was false and based on misleading information.",FAKE,Newschecker
1566,2021,Terror Attack Investigation,Srinagar,"Images circulating online were claimed to show destruction during the Terror Attack Investigation in Srinagar; however, verification revealed that the pictures were actually from an unrelated incident in another country.",FAKE,Alt News
1567,2022,Counter-insurgency Operation,Baramulla,"Several Facebook and WhatsApp messages alleged secret military actions during the Counter-insurgency Operation in Baramulla, but fact-checking organizations found no official evidence supporting these claims.",FAKE,BOOM Live
1568,2023,Manipur Ethnic Conflict,Imphal,"A widely shared video was said to depict conflict during the Manipur Ethnic Conflict in Imphal, but investigators determined that the footage was old and unrelated to the incident.",FAKE,Factly
1569,2024,Galwan Valley Clash,Ladakh,"A viral social media post claimed that a major military disaster occurred during the Galwan Valley Clash in Ladakh, but fact-checkers later confirmed that the claim was false and based on misleading information.",FAKE,PIB Fact Check
1570,2025,Kashmir Militancy Encounter,Shopian,"Images circulating online were claimed to show destruction during the Kashmir Militancy Encounter in Shopian; however, verification revealed that the pictures were actually from an unrelated incident in another country.",FAKE,Newschecker
1571,2020,LoC Ceasefire Violation,Kupwara,"Several Facebook and WhatsApp messages alleged secret military actions during the LoC Ceasefire Violation in Kupwara, but fact-checking organizations found no official evidence supporting these claims.",FAKE,Alt News
1572,2021,Cross-border Infiltration Attempt,Jammu & Kashmir,"A widely shared video was said to depict conflict during the Cross-border Infiltration Attempt in Jammu & Kashmir, but investigators determined that the footage was old and unrelated to the incident.",FAKE,BOOM Live
1573,2022,India-Pakistan Border Tension,Punjab Border,"A viral social media post claimed that a major military disaster occurred during the India-Pakistan Border Tension in Punjab Border, but fact-checkers later confirmed that the claim was false and based on misleading information.",FAKE,Factly
1574,2023,Terror Attack Investigation,Srinagar,"Images circulating online were claimed to show destruction during the Terror Attack Investigation in Srinagar; however, verification revealed that the pictures were actually from an unrelated incident in another country.",FAKE,PIB Fact Check
1575,2024,Counter-insurgency Operation,Baramulla,"Several Facebook and WhatsApp messages alleged secret military actions during the Counter-insurgency Operation in Baramulla, but fact-checking organizations found no official evidence supporting these claims.",FAKE,Newschecker
1576,2025,Manipur Ethnic Conflict,Imphal,"A widely shared video was said to depict conflict during the Manipur Ethnic Conflict in Imphal, but investigators determined that the footage was old and unrelated to the incident.",FAKE,Alt News
1577,2020,Galwan Valley Clash,Ladakh,"A viral social media post claimed that a major military disaster occurred during the Galwan Valley Clash in Ladakh, but fact-checkers later confirmed that the claim was false and based on misleading information.",FAKE,BOOM Live
1578,2021,Kashmir Militancy Encounter,Shopian,"Images circulating online were claimed to show destruction during the Kashmir Militancy Encounter in Shopian; however, verification revealed that the pictures were actually from an unrelated incident in another country.",FAKE,Factly
1579,2022,LoC Ceasefire Violation,Kupwara,"Several Facebook and WhatsApp messages alleged secret military actions during the LoC Ceasefire Violation in Kupwara, but fact-checking organizations found no official evidence supporting these claims.",FAKE,PIB Fact Check
1580,2023,Cross-border Infiltration Attempt,Jammu & Kashmir,"A widely shared video was said to depict conflict during the Cross-border Infiltration Attempt in Jammu & Kashmir, but investigators determined that the footage was old and unrelated to the incident.",FAKE,Newschecker
1581,2024,India-Pakistan Border Tension,Punjab Border,"A viral social media post claimed that a major military disaster occurred during the India-Pakistan Border Tension in Punjab Border, but fact-checkers later confirmed that the claim was false and based on misleading information.",FAKE,Alt News
1582,2025,Terror Attack Investigation,Srinagar,"Images circulating online were claimed to show destruction during the Terror Attack Investigation in Srinagar; however, verification revealed that the pictures were actually from an unrelated incident in another country.",FAKE,BOOM Live
1583,2020,Counter-insurgency Operation,Baramulla,"Several Facebook and WhatsApp messages alleged secret military actions during the Counter-insurgency Operation in Baramulla, but fact-checking organizations found no official evidence supporting these claims.",FAKE,Factly
1584,2021,Manipur Ethnic Conflict,Imphal,"A widely shared video was said to depict conflict during the Manipur Ethnic Conflict in Imphal, but investigators determined that the footage was old and unrelated to the incident.",FAKE,PIB Fact Check
1585,2022,Galwan Valley Clash,Ladakh,"A viral social media post claimed that a major military disaster occurred during the Galwan Valley Clash in Ladakh, but fact-checkers later confirmed that the claim was false and based on misleading information.",FAKE,Newschecker
1586,2023,Kashmir Militancy Encounter,Shopian,"Images circulating online were claimed to show destruction during the Kashmir Militancy Encounter in Shopian; however, verification revealed that the pictures were actually from an unrelated incident in another country.",FAKE,Alt News
1587,2024,LoC Ceasefire Violation,Kupwara,"Several Facebook and WhatsApp messages alleged secret military actions during the LoC Ceasefire Violation in Kupwara, but fact-checking organizations found no official evidence supporting these claims.",FAKE,BOOM Live
1588,2025,Cross-border Infiltration Attempt,Jammu & Kashmir,"A widely shared video was said to depict conflict during the Cross-border Infiltration Attempt in Jammu & Kashmir, but investigators determined that the footage was old and unrelated to the incident.",FAKE,Factly
1589,2020,India-Pakistan Border Tension,Punjab Border,"A viral social media post claimed that a major military disaster occurred during the India-Pakistan Border Tension in Punjab Border, but fact-checkers later confirmed that the claim was false and based on misleading information.",FAKE,PIB Fact Check
1590,2021,Terror Attack Investigation,Srinagar,"Images circulating online were claimed to show destruction during the Terror Attack Investigation in Srinagar; however, verification revealed that the pictures were actually from an unrelated incident in another country.",FAKE,Newschecker
1591,2022,Counter-insurgency Operation,Baramulla,"Several Facebook and WhatsApp messages alleged secret military actions during the Counter-insurgency Operation in Baramulla, but fact-checking organizations found no official evidence supporting these claims.",FAKE,Alt News
1592,2023,Manipur Ethnic Conflict,Imphal,"A widely shared video was said to depict conflict during the Manipur Ethnic Conflict in Imphal, but investigators determined that the footage was old and unrelated to the incident.",FAKE,BOOM Live
1593,2024,Galwan Valley Clash,Ladakh,"A viral social media post claimed that a major military disaster occurred during the Galwan Valley Clash in Ladakh, but fact-checkers later confirmed that the claim was false and based on misleading information.",FAKE,Factly
1594,2025,Kashmir Militancy Encounter,Shopian,"Images circulating online were claimed to show destruction during the Kashmir Militancy Encounter in Shopian; however, verification revealed that the pictures were actually from an unrelated incident in another country.",FAKE,PIB Fact Check
1595,2020,LoC Ceasefire Violation,Kupwara,"Several Facebook and WhatsApp messages alleged secret military actions during the LoC Ceasefire Violation in Kupwara, but fact-checking organizations found no official evidence supporting these claims.",FAKE,Newschecker
1596,2021,Cross-border Infiltration Attempt,Jammu & Kashmir,"A widely shared video was said to depict conflict during the Cross-border Infiltration Attempt in Jammu & Kashmir, but investigators determined that the footage was old and unrelated to the incident.",FAKE,Alt News
1597,2022,India-Pakistan Border Tension,Punjab Border,"A viral social media post claimed that a major military disaster occurred during the India-Pakistan Border Tension in Punjab Border, but fact-checkers later confirmed that the claim was false and based on misleading information.",FAKE,BOOM Live
1598,2023,Terror Attack Investigation,Srinagar,"Images circulating online were claimed to show destruction during the Terror Attack Investigation in Srinagar; however, verification revealed that the pictures were actually from an unrelated incident in another country.",FAKE,Factly
1599,2024,Counter-insurgency Operation,Baramulla,"Several Facebook and WhatsApp messages alleged secret military actions during the Counter-insurgency Operation in Baramulla, but fact-checking organizations found no official evidence supporting these claims.",FAKE,PIB Fact Check
1600,2025,Manipur Ethnic Conflict,Imphal,"A widely shared video was said to depict conflict during the Manipur Ethnic Conflict in Imphal, but investigators determined that the footage was old and unrelated to the incident.",FAKE,Newschecker
1601,2020,Galwan Valley Clash,Ladakh,"A viral social media post claimed that a major military disaster occurred during the Galwan Valley Clash in Ladakh, but fact-checkers later confirmed that the claim was false and based on misleading information.",FAKE,Alt News
1602,2021,Kashmir Militancy Encounter,Shopian,"Images circulating online were claimed to show destruction during the Kashmir Militancy Encounter in Shopian; however, verification revealed that the pictures were actually from an unrelated incident in another country.",FAKE,BOOM Live
1603,2022,LoC Ceasefire Violation,Kupwara,"Several Facebook and WhatsApp messages alleged secret military actions during the LoC Ceasefire Violation in Kupwara, but fact-checking organizations found no official evidence supporting these claims.",FAKE,Factly
1604,2023,Cross-border Infiltration Attempt,Jammu & Kashmir,"A widely shared video was said to depict conflict during the Cross-border Infiltration Attempt in Jammu & Kashmir, but investigators determined that the footage was old and unrelated to the incident.",FAKE,PIB Fact Check
1605,2024,India-Pakistan Border Tension,Punjab Border,"A viral social media post claimed that a major military disaster occurred during the India-Pakistan Border Tension in Punjab Border, but fact-checkers later confirmed that the claim was false and based on misleading information.",FAKE,Newschecker
1606,2025,Terror Attack Investigation,Srinagar,"Images circulating online were claimed to show destruction during the Terror Attack Investigation in Srinagar; however, verification revealed that the pictures were actually from an unrelated incident in another country.",FAKE,Alt News
1607,2020,Counter-insurgency Operation,Baramulla,"Several Facebook and WhatsApp messages alleged secret military actions during the Counter-insurgency Operation in Baramulla, but fact-checking organizations found no official evidence supporting these claims.",FAKE,BOOM Live
1608,2021,Manipur Ethnic Conflict,Imphal,"A widely shared video was said to depict conflict during the Manipur Ethnic Conflict in Imphal, but investigators determined that the footage was old and unrelated to the incident.",FAKE,Factly
1609,2022,Galwan Valley Clash,Ladakh,"A viral social media post claimed that a major military disaster occurred during the Galwan Valley Clash in Ladakh, but fact-checkers later confirmed that the claim was false and based on misleading information.",FAKE,PIB Fact Check
1610,2023,Kashmir Militancy Encounter,Shopian,"Images circulating online were claimed to show destruction during the Kashmir Militancy Encounter in Shopian; however, verification revealed that the pictures were actually from an unrelated incident in another country.",FAKE,Newschecker
1611,2024,LoC Ceasefire Violation,Kupwara,"Several Facebook and WhatsApp messages alleged secret military actions during the LoC Ceasefire Violation in Kupwara, but fact-checking organizations found no official evidence supporting these claims.",FAKE,Alt News
1612,2025,Cross-border Infiltration Attempt,Jammu & Kashmir,"A widely shared video was said to depict conflict during the Cross-border Infiltration Attempt in Jammu & Kashmir, but investigators determined that the footage was old and unrelated to the incident.",FAKE,BOOM Live
1613,2020,India-Pakistan Border Tension,Punjab Border,"A viral social media post claimed that a major military disaster occurred during the India-Pakistan Border Tension in Punjab Border, but fact-checkers later confirmed that the claim was false and based on misleading information.",FAKE,Factly
1614,2021,Terror Attack Investigation,Srinagar,"Images circulating online were claimed to show destruction during the Terror Attack Investigation in Srinagar; however, verification revealed that the pictures were actually from an unrelated incident in another country.",FAKE,PIB Fact Check
1615,2022,Counter-insurgency Operation,Baramulla,"Several Facebook and WhatsApp messages alleged secret military actions during the Counter-insurgency Operation in Baramulla, but fact-checking organizations found no official evidence supporting these claims.",FAKE,Newschecker
1616,2023,Manipur Ethnic Conflict,Imphal,"A widely shared video was said to depict conflict during the Manipur Ethnic Conflict in Imphal, but investigators determined that the footage was old and unrelated to the incident.",FAKE,Alt News
1617,2024,Galwan Valley Clash,Ladakh,"A viral social media post claimed that a major military disaster occurred during the Galwan Valley Clash in Ladakh, but fact-checkers later confirmed that the claim was false and based on misleading information.",FAKE,BOOM Live
1618,2025,Kashmir Militancy Encounter,Shopian,"Images circulating online were claimed to show destruction during the Kashmir Militancy Encounter in Shopian; however, verification revealed that the pictures were actually from an unrelated incident in another country.",FAKE,Factly
1619,2020,LoC Ceasefire Violation,Kupwara,"Several Facebook and WhatsApp messages alleged secret military actions during the LoC Ceasefire Violation in Kupwara, but fact-checking organizations found no official evidence supporting these claims.",FAKE,PIB Fact Check
1620,2021,Cross-border Infiltration Attempt,Jammu & Kashmir,"A widely shared video was said to depict conflict during the Cross-border Infiltration Attempt in Jammu & Kashmir, but investigators determined that the footage was old and unrelated to the incident.",FAKE,Newschecker
1621,2022,India-Pakistan Border Tension,Punjab Border,"A viral social media post claimed that a major military disaster occurred during the India-Pakistan Border Tension in Punjab Border, but fact-checkers later confirmed that the claim was false and based on misleading information.",FAKE,Alt News
1622,2023,Terror Attack Investigation,Srinagar,"Images circulating online were claimed to show destruction during the Terror Attack Investigation in Srinagar; however, verification revealed that the pictures were actually from an unrelated incident in another country.",FAKE,BOOM Live
1623,2024,Counter-insurgency Operation,Baramulla,"Several Facebook and WhatsApp messages alleged secret military actions during the Counter-insurgency Operation in Baramulla, but fact-checking organizations found no official evidence supporting these claims.",FAKE,Factly
1624,2025,Manipur Ethnic Conflict,Imphal,"A widely shared video was said to depict conflict during the Manipur Ethnic Conflict in Imphal, but investigators determined that the footage was old and unrelated to the incident.",FAKE,PIB Fact Check
1625,2020,Galwan Valley Clash,Ladakh,"A viral social media post claimed that a major military disaster occurred during the Galwan Valley Clash in Ladakh, but fact-checkers later confirmed that the claim was false and based on misleading information.",FAKE,Newschecker
1626,2021,Kashmir Militancy Encounter,Shopian,"Images circulating online were claimed to show destruction during the Kashmir Militancy Encounter in Shopian; however, verification revealed that the pictures were actually from an unrelated incident in another country.",FAKE,Alt News
1627,2022,LoC Ceasefire Violation,Kupwara,"Several Facebook and WhatsApp messages alleged secret military actions during the LoC Ceasefire Violation in Kupwara, but fact-checking organizations found no official evidence supporting these claims.",FAKE,BOOM Live
1628,2023,Cross-border Infiltration Attempt,Jammu & Kashmir,"A widely shared video was said to depict conflict during the Cross-border Infiltration Attempt in Jammu & Kashmir, but investigators determined that the footage was old and unrelated to the incident.",FAKE,Factly
1629,2024,India-Pakistan Border Tension,Punjab Border,"A viral social media post claimed that a major military disaster occurred during the India-Pakistan Border Tension in Punjab Border, but fact-checkers later confirmed that the claim was false and based on misleading information.",FAKE,PIB Fact Check
1630,2025,Terror Attack Investigation,Srinagar,"Images circulating online were claimed to show destruction during the Terror Attack Investigation in Srinagar; however, verification revealed that the pictures were actually from an unrelated incident in another country.",FAKE,Newschecker
1631,2020,Counter-insurgency Operation,Baramulla,"Several Facebook and WhatsApp messages alleged secret military actions during the Counter-insurgency Operation in Baramulla, but fact-checking organizations found no official evidence supporting these claims.",FAKE,Alt News
1632,2021,Manipur Ethnic Conflict,Imphal,"A widely shared video was said to depict conflict during the Manipur Ethnic Conflict in Imphal, but investigators determined that the footage was old and unrelated to the incident.",FAKE,BOOM Live
1633,2022,Galwan Valley Clash,Ladakh,"A viral social media post claimed that a major military disaster occurred during the Galwan Valley Clash in Ladakh, but fact-checkers later confirmed that the claim was false and based on misleading information.",FAKE,Factly
1634,2023,Kashmir Militancy Encounter,Shopian,"Images circulating online were claimed to show destruction during the Kashmir Militancy Encounter in Shopian; however, verification revealed that the pictures were actually from an unrelated incident in another country.",FAKE,PIB Fact Check
1635,2024,LoC Ceasefire Violation,Kupwara,"Several Facebook and WhatsApp messages alleged secret military actions during the LoC Ceasefire Violation in Kupwara, but fact-checking organizations found no official evidence supporting these claims.",FAKE,Newschecker
1636,2025,Cross-border Infiltration Attempt,Jammu & Kashmir,"A widely shared video was said to depict conflict during the Cross-border Infiltration Attempt in Jammu & Kashmir, but investigators determined that the footage was old and unrelated to the incident.",FAKE,Alt News
1637,2020,India-Pakistan Border Tension,Punjab Border,"A viral social media post claimed that a major military disaster occurred during the India-Pakistan Border Tension in Punjab Border, but fact-checkers later confirmed that the claim was false and based on misleading information.",FAKE,BOOM Live
1638,2021,Terror Attack Investigation,Srinagar,"Images circulating online were claimed to show destruction during the Terror Attack Investigation in Srinagar; however, verification revealed that the pictures were actually from an unrelated incident in another country.",FAKE,Factly
1639,2022,Counter-insurgency Operation,Baramulla,"Several Facebook and WhatsApp messages alleged secret military actions during the Counter-insurgency Operation in Baramulla, but fact-checking organizations found no official evidence supporting these claims.",FAKE,PIB Fact Check
1640,2023,Manipur Ethnic Conflict,Imphal,"A widely shared video was said to depict conflict during the Manipur Ethnic Conflict in Imphal, but investigators determined that the footage was old and unrelated to the incident.",FAKE,Newschecker
1641,2024,Galwan Valley Clash,Ladakh,"A viral social media post claimed that a major military disaster occurred during the Galwan Valley Clash in Ladakh, but fact-checkers later confirmed that the claim was false and based on misleading information.",FAKE,Alt News
1642,2025,Kashmir Militancy Encounter,Shopian,"Images circulating online were claimed to show destruction during the Kashmir Militancy Encounter in Shopian; however, verification revealed that the pictures were actually from an unrelated incident in another country.",FAKE,BOOM Live
1643,2020,LoC Ceasefire Violation,Kupwara,"Several Facebook and WhatsApp messages alleged secret military actions during the LoC Ceasefire Violation in Kupwara, but fact-checking organizations found no official evidence supporting these claims.",FAKE,Factly
1644,2021,Cross-border Infiltration Attempt,Jammu & Kashmir,"A widely shared video was said to depict conflict during the Cross-border Infiltration Attempt in Jammu & Kashmir, but investigators determined that the footage was old and unrelated to the incident.",FAKE,PIB Fact Check
1645,2022,India-Pakistan Border Tension,Punjab Border,"A viral social media post claimed that a major military disaster occurred during the India-Pakistan Border Tension in Punjab Border, but fact-checkers later confirmed that the claim was false and based on misleading information.",FAKE,Newschecker
1646,2023,Terror Attack Investigation,Srinagar,"Images circulating online were claimed to show destruction during the Terror Attack Investigation in Srinagar; however, verification revealed that the pictures were actually from an unrelated incident in another country.",FAKE,Alt News
1647,2024,Counter-insurgency Operation,Baramulla,"Several Facebook and WhatsApp messages alleged secret military actions during the Counter-insurgency Operation in Baramulla, but fact-checking organizations found no official evidence supporting these claims.",FAKE,BOOM Live
1648,2025,Manipur Ethnic Conflict,Imphal,"A widely shared video was said to depict conflict during the Manipur Ethnic Conflict in Imphal, but investigators determined that the footage was old and unrelated to the incident.",FAKE,Factly
1649,2020,Galwan Valley Clash,Ladakh,"A viral social media post claimed that a major military disaster occurred during the Galwan Valley Clash in Ladakh, but fact-checkers later confirmed that the claim was false and based on misleading information.",FAKE,PIB Fact Check
1650,2021,Kashmir Militancy Encounter,Shopian,"Images circulating online were claimed to show destruction during the Kashmir Militancy Encounter in Shopian; however, verification revealed that the pictures were actually from an unrelated incident in another country.",FAKE,Newschecker
1651,2022,LoC Ceasefire Violation,Kupwara,"Several Facebook and WhatsApp messages alleged secret military actions during the LoC Ceasefire Violation in Kupwara, but fact-checking organizations found no official evidence supporting these claims.",FAKE,Alt News
1652,2023,Cross-border Infiltration Attempt,Jammu & Kashmir,"A widely shared video was said to depict conflict during the Cross-border Infiltration Attempt in Jammu & Kashmir, but investigators determined that the footage was old and unrelated to the incident.",FAKE,BOOM Live
1653,2024,India-Pakistan Border Tension,Punjab Border,"A viral social media post claimed that a major military disaster occurred during the India-Pakistan Border Tension in Punjab Border, but fact-checkers later confirmed that the claim was false and based on misleading information.",FAKE,Factly
1654,2025,Terror Attack Investigation,Srinagar,"Images circulating online were claimed to show destruction during the Terror Attack Investigation in Srinagar; however, verification revealed that the pictures were actually from an unrelated incident in another country.",FAKE,PIB Fact Check
1655,2020,Counter-insurgency Operation,Baramulla,"Several Facebook and WhatsApp messages alleged secret military actions during the Counter-insurgency Operation in Baramulla, but fact-checking organizations found no official evidence supporting these claims.",FAKE,Newschecker
1656,2021,Manipur Ethnic Conflict,Imphal,"A widely shared video was said to depict conflict during the Manipur Ethnic Conflict in Imphal, but investigators determined that the footage was old and unrelated to the incident.",FAKE,Alt News
1657,2022,Galwan Valley Clash,Ladakh,"A viral social media post claimed that a major military disaster occurred during the Galwan Valley Clash in Ladakh, but fact-checkers later confirmed that the claim was false and based on misleading information.",FAKE,BOOM Live
1658,2023,Kashmir Militancy Encounter,Shopian,"Images circulating online were claimed to show destruction during the Kashmir Militancy Encounter in Shopian; however, verification revealed that the pictures were actually from an unrelated incident in another country.",FAKE,Factly
1659,2024,LoC Ceasefire Violation,Kupwara,"Several Facebook and WhatsApp messages alleged secret military actions during the LoC Ceasefire Violation in Kupwara, but fact-checking organizations found no official evidence supporting these claims.",FAKE,PIB Fact Check
1660,2025,Cross-border Infiltration Attempt,Jammu & Kashmir,"A widely shared video was said to depict conflict during the Cross-border Infiltration Attempt in Jammu & Kashmir, but investigators determined that the footage was old and unrelated to the incident.",FAKE,Newschecker
1661,2020,India-Pakistan Border Tension,Punjab Border,"A viral social media post claimed that a major military disaster occurred during the India-Pakistan Border Tension in Punjab Border, but fact-checkers later confirmed that the claim was false and based on misleading information.",FAKE,Alt News
1662,2021,Terror Attack Investigation,Srinagar,"Images circulating online were claimed to show destruction during the Terror Attack Investigation in Srinagar; however, verification revealed that the pictures were actually from an unrelated incident in another country.",FAKE,BOOM Live
1663,2022,Counter-insurgency Operation,Baramulla,"Several Facebook and WhatsApp messages alleged secret military actions during the Counter-insurgency Operation in Baramulla, but fact-checking organizations found no official evidence supporting these claims.",FAKE,Factly
1664,2023,Manipur Ethnic Conflict,Imphal,"A widely shared video was said to depict conflict during the Manipur Ethnic Conflict in Imphal, but investigators determined that the footage was old and unrelated to the incident.",FAKE,PIB Fact Check
1665,2024,Galwan Valley Clash,Ladakh,"A viral social media post claimed that a major military disaster occurred during the Galwan Valley Clash in Ladakh, but fact-checkers later confirmed that the claim was false and based on misleading information.",FAKE,Newschecker
1666,2025,Kashmir Militancy Encounter,Shopian,"Images circulating online were claimed to show destruction during the Kashmir Militancy Encounter in Shopian; however, verification revealed that the pictures were actually from an unrelated incident in another country.",FAKE,Alt News
1667,2020,LoC Ceasefire Violation,Kupwara,"Several Facebook and WhatsApp messages alleged secret military actions during the LoC Ceasefire Violation in Kupwara, but fact-checking organizations found no official evidence supporting these claims.",FAKE,BOOM Live
1668,2021,Cross-border Infiltration Attempt,Jammu & Kashmir,"A widely shared video was said to depict conflict during the Cross-border Infiltration Attempt in Jammu & Kashmir, but investigators determined that the footage was old and unrelated to the incident.",FAKE,Factly
1669,2022,India-Pakistan Border Tension,Punjab Border,"A viral social media post claimed that a major military disaster occurred during the India-Pakistan Border Tension in Punjab Border, but fact-checkers later confirmed that the claim was false and based on misleading information.",FAKE,PIB Fact Check
1670,2023,Terror Attack Investigation,Srinagar,"Images circulating online were claimed to show destruction during the Terror Attack Investigation in Srinagar; however, verification revealed that the pictures were actually from an unrelated incident in another country.",FAKE,Newschecker
1671,2024,Counter-insurgency Operation,Baramulla,"Several Facebook and WhatsApp messages alleged secret military actions during the Counter-insurgency Operation in Baramulla, but fact-checking organizations found no official evidence supporting these claims.",FAKE,Alt News
1672,2025,Manipur Ethnic Conflict,Imphal,"A widely shared video was said to depict conflict during the Manipur Ethnic Conflict in Imphal, but investigators determined that the footage was old and unrelated to the incident.",FAKE,BOOM Live
1673,2020,Galwan Valley Clash,Ladakh,"A viral social media post claimed that a major military disaster occurred during the Galwan Valley Clash in Ladakh, but fact-checkers later confirmed that the claim was false and based on misleading information.",FAKE,Factly
1674,2021,Kashmir Militancy Encounter,Shopian,"Images circulating online were claimed to show destruction during the Kashmir Militancy Encounter in Shopian; however, verification revealed that the pictures were actually from an unrelated incident in another country.",FAKE,PIB Fact Check
1675,2022,LoC Ceasefire Violation,Kupwara,"Several Facebook and WhatsApp messages alleged secret military actions during the LoC Ceasefire Violation in Kupwara, but fact-checking organizations found no official evidence supporting these claims.",FAKE,Newschecker
1676,2023,Cross-border Infiltration Attempt,Jammu & Kashmir,"A widely shared video was said to depict conflict during the Cross-border Infiltration Attempt in Jammu & Kashmir, but investigators determined that the footage was old and unrelated to the incident.",FAKE,Alt News
1677,2024,India-Pakistan Border Tension,Punjab Border,"A viral social media post claimed that a major military disaster occurred during the India-Pakistan Border Tension in Punjab Border, but fact-checkers later confirmed that the claim was false and based on misleading information.",FAKE,BOOM Live
1678,2025,Terror Attack Investigation,Srinagar,"Images circulating online were claimed to show destruction during the Terror Attack Investigation in Srinagar; however, verification revealed that the pictures were actually from an unrelated incident in another country.",FAKE,Factly
1679,2020,Counter-insurgency Operation,Baramulla,"Several Facebook and WhatsApp messages alleged secret military actions during the Counter-insurgency Operation in Baramulla, but fact-checking organizations found no official evidence supporting these claims.",FAKE,PIB Fact Check
1680,2021,Manipur Ethnic Conflict,Imphal,"A widely shared video was said to depict conflict during the Manipur Ethnic Conflict in Imphal, but investigators determined that the footage was old and unrelated to the incident.",FAKE,Newschecker
1681,2022,Galwan Valley Clash,Ladakh,"A viral social media post claimed that a major military disaster occurred during the Galwan Valley Clash in Ladakh, but fact-checkers later confirmed that the claim was false and based on misleading information.",FAKE,Alt News
1682,2023,Kashmir Militancy Encounter,Shopian,"Images circulating online were claimed to show destruction during the Kashmir Militancy Encounter in Shopian; however, verification revealed that the pictures were actually from an unrelated incident in another country.",FAKE,BOOM Live
1683,2024,LoC Ceasefire Violation,Kupwara,"Several Facebook and WhatsApp messages alleged secret military actions during the LoC Ceasefire Violation in Kupwara, but fact-checking organizations found no official evidence supporting these claims.",FAKE,Factly
1684,2025,Cross-border Infiltration Attempt,Jammu & Kashmir,"A widely shared video was said to depict conflict during the Cross-border Infiltration Attempt in Jammu & Kashmir, but investigators determined that the footage was old and unrelated to the incident.",FAKE,PIB Fact Check
1685,2020,India-Pakistan Border Tension,Punjab Border,"A viral social media post claimed that a major military disaster occurred during the India-Pakistan Border Tension in Punjab Border, but fact-checkers later confirmed that the claim was false and based on misleading information.",FAKE,Newschecker
1686,2021,Terror Attack Investigation,Srinagar,"Images circulating online were claimed to show destruction during the Terror Attack Investigation in Srinagar; however, verification revealed that the pictures were actually from an unrelated incident in another country.",FAKE,Alt News
1687,2022,Counter-insurgency Operation,Baramulla,"Several Facebook and WhatsApp messages alleged secret military actions during the Counter-insurgency Operation in Baramulla, but fact-checking organizations found no official evidence supporting these claims.",FAKE,BOOM Live
1688,2023,Manipur Ethnic Conflict,Imphal,"A widely shared video was said to depict conflict during the Manipur Ethnic Conflict in Imphal, but investigators determined that the footage was old and unrelated to the incident.",FAKE,Factly
1689,2024,Galwan Valley Clash,Ladakh,"A viral social media post claimed that a major military disaster occurred during the Galwan Valley Clash in Ladakh, but fact-checkers later confirmed that the claim was false and based on misleading information.",FAKE,PIB Fact Check
1690,2025,Kashmir Militancy Encounter,Shopian,"Images circulating online were claimed to show destruction during the Kashmir Militancy Encounter in Shopian; however, verification revealed that the pictures were actually from an unrelated incident in another country.",FAKE,Newschecker
1691,2020,LoC Ceasefire Violation,Kupwara,"Several Facebook and WhatsApp messages alleged secret military actions during the LoC Ceasefire Violation in Kupwara, but fact-checking organizations found no official evidence supporting these claims.",FAKE,Alt News
1692,2021,Cross-border Infiltration Attempt,Jammu & Kashmir,"A widely shared video was said to depict conflict during the Cross-border Infiltration Attempt in Jammu & Kashmir, but investigators determined that the footage was old and unrelated to the incident.",FAKE,BOOM Live
1693,2022,India-Pakistan Border Tension,Punjab Border,"A viral social media post claimed that a major military disaster occurred during the India-Pakistan Border Tension in Punjab Border, but fact-checkers later confirmed that the claim was false and based on misleading information.",FAKE,Factly
1694,2023,Terror Attack Investigation,Srinagar,"Images circulating online were claimed to show destruction during the Terror Attack Investigation in Srinagar; however, verification revealed that the pictures were actually from an unrelated incident in another country.",FAKE,PIB Fact Check
1695,2024,Counter-insurgency Operation,Baramulla,"Several Facebook and WhatsApp messages alleged secret military actions during the Counter-insurgency Operation in Baramulla, but fact-checking organizations found no official evidence supporting these claims.",FAKE,Newschecker
1696,2025,Manipur Ethnic Conflict,Imphal,"A widely shared video was said to depict conflict during the Manipur Ethnic Conflict in Imphal, but investigators determined that the footage was old and unrelated to the incident.",FAKE,Alt News
1697,2020,Galwan Valley Clash,Ladakh,"A viral social media post claimed that a major military disaster occurred during the Galwan Valley Clash in Ladakh, but fact-checkers later confirmed that the claim was false and based on misleading information.",FAKE,BOOM Live
1698,2021,Kashmir Militancy Encounter,Shopian,"Images circulating online were claimed to show destruction during the Kashmir Militancy Encounter in Shopian; however, verification revealed that the pictures were actually from an unrelated incident in another country.",FAKE,Factly
1699,2022,LoC Ceasefire Violation,Kupwara,"Several Facebook and WhatsApp messages alleged secret military actions during the LoC Ceasefire Violation in Kupwara, but fact-checking organizations found no official evidence supporting these claims.",FAKE,PIB Fact Check
1700,2023,Cross-border Infiltration Attempt,Jammu & Kashmir,"A widely shared video was said to depict conflict during the Cross-border Infiltration Attempt in Jammu & Kashmir, but investigators determined that the footage was old and unrelated to the incident.",FAKE,Newschecker
1701,2024,India-Pakistan Border Tension,Punjab Border,"A viral social media post claimed that a major military disaster occurred during the India-Pakistan Border Tension in Punjab Border, but fact-checkers later confirmed that the claim was false and based on misleading information.",FAKE,Alt News
1702,2025,Terror Attack Investigation,Srinagar,"Images circulating online were claimed to show destruction during the Terror Attack Investigation in Srinagar; however, verification revealed that the pictures were actually from an unrelated incident in another country.",FAKE,BOOM Live
1703,2020,Counter-insurgency Operation,Baramulla,"Several Facebook and WhatsApp messages alleged secret military actions during the Counter-insurgency Operation in Baramulla, but fact-checking organizations found no official evidence supporting these claims.",FAKE,Factly
1704,2021,Manipur Ethnic Conflict,Imphal,"A widely shared video was said to depict conflict during the Manipur Ethnic Conflict in Imphal, but investigators determined that the footage was old and unrelated to the incident.",FAKE,PIB Fact Check
1705,2022,Galwan Valley Clash,Ladakh,"A viral social media post claimed that a major military disaster occurred during the Galwan Valley Clash in Ladakh, but fact-checkers later confirmed that the claim was false and based on misleading information.",FAKE,Newschecker
1706,2023,Kashmir Militancy Encounter,Shopian,"Images circulating online were claimed to show destruction during the Kashmir Militancy Encounter in Shopian; however, verification revealed that the pictures were actually from an unrelated incident in another country.",FAKE,Alt News
1707,2024,LoC Ceasefire Violation,Kupwara,"Several Facebook and WhatsApp messages alleged secret military actions during the LoC Ceasefire Violation in Kupwara, but fact-checking organizations found no official evidence supporting these claims.",FAKE,BOOM Live
1708,2025,Cross-border Infiltration Attempt,Jammu & Kashmir,"A widely shared video was said to depict conflict during the Cross-border Infiltration Attempt in Jammu & Kashmir, but investigators determined that the footage was old and unrelated to the incident.",FAKE,Factly
1709,2020,India-Pakistan Border Tension,Punjab Border,"A viral social media post claimed that a major military disaster occurred during the India-Pakistan Border Tension in Punjab Border, but fact-checkers later confirmed that the claim was false and based on misleading information.",FAKE,PIB Fact Check
1710,2021,Terror Attack Investigation,Srinagar,"Images circulating online were claimed to show destruction during the Terror Attack Investigation in Srinagar; however, verification revealed that the pictures were actually from an unrelated incident in another country.",FAKE,Newschecker
1711,2022,Counter-insurgency Operation,Baramulla,"Several Facebook and WhatsApp messages alleged secret military actions during the Counter-insurgency Operation in Baramulla, but fact-checking organizations found no official evidence supporting these claims.",FAKE,Alt News
1712,2023,Manipur Ethnic Conflict,Imphal,"A widely shared video was said to depict conflict during the Manipur Ethnic Conflict in Imphal, but investigators determined that the footage was old and unrelated to the incident.",FAKE,BOOM Live
1713,2024,Galwan Valley Clash,Ladakh,"A viral social media post claimed that a major military disaster occurred during the Galwan Valley Clash in Ladakh, but fact-checkers later confirmed that the claim was false and based on misleading information.",FAKE,Factly
1714,2025,Kashmir Militancy Encounter,Shopian,"Images circulating online were claimed to show destruction during the Kashmir Militancy Encounter in Shopian; however, verification revealed that the pictures were actually from an unrelated incident in another country.",FAKE,PIB Fact Check
1715,2020,LoC Ceasefire Violation,Kupwara,"Several Facebook and WhatsApp messages alleged secret military actions during the LoC Ceasefire Violation in Kupwara, but fact-checking organizations found no official evidence supporting these claims.",FAKE,Newschecker
1716,2021,Cross-border Infiltration Attempt,Jammu & Kashmir,"A widely shared video was said to depict conflict during the Cross-border Infiltration Attempt in Jammu & Kashmir, but investigators determined that the footage was old and unrelated to the incident.",FAKE,Alt News
1717,2022,India-Pakistan Border Tension,Punjab Border,"A viral social media post claimed that a major military disaster occurred during the India-Pakistan Border Tension in Punjab Border, but fact-checkers later confirmed that the claim was false and based on misleading information.",FAKE,BOOM Live
1718,2023,Terror Attack Investigation,Srinagar,"Images circulating online were claimed to show destruction during the Terror Attack Investigation in Srinagar; however, verification revealed that the pictures were actually from an unrelated incident in another country.",FAKE,Factly
1719,2024,Counter-insurgency Operation,Baramulla,"Several Facebook and WhatsApp messages alleged secret military actions during the Counter-insurgency Operation in Baramulla, but fact-checking organizations found no official evidence supporting these claims.",FAKE,PIB Fact Check
1720,2025,Manipur Ethnic Conflict,Imphal,"A widely shared video was said to depict conflict during the Manipur Ethnic Conflict in Imphal, but investigators determined that the footage was old and unrelated to the incident.",FAKE,Newschecker
1721,2020,Galwan Valley Clash,Ladakh,"A viral social media post claimed that a major military disaster occurred during the Galwan Valley Clash in Ladakh, but fact-checkers later confirmed that the claim was false and based on misleading information.",FAKE,Alt News
1722,2021,Kashmir Militancy Encounter,Shopian,"Images circulating online were claimed to show destruction during the Kashmir Militancy Encounter in Shopian; however, verification revealed that the pictures were actually from an unrelated incident in another country.",FAKE,BOOM Live
1723,2022,LoC Ceasefire Violation,Kupwara,"Several Facebook and WhatsApp messages alleged secret military actions during the LoC Ceasefire Violation in Kupwara, but fact-checking organizations found no official evidence supporting these claims.",FAKE,Factly
1724,2023,Cross-border Infiltration Attempt,Jammu & Kashmir,"A widely shared video was said to depict conflict during the Cross-border Infiltration Attempt in Jammu & Kashmir, but investigators determined that the footage was old and unrelated to the incident.",FAKE,PIB Fact Check
1725,2024,India-Pakistan Border Tension,Punjab Border,"A viral social media post claimed that a major military disaster occurred during the India-Pakistan Border Tension in Punjab Border, but fact-checkers later confirmed that the claim was false and based on misleading information.",FAKE,Newschecker
1726,2025,Terror Attack Investigation,Srinagar,"Images circulating online were claimed to show destruction during the Terror Attack Investigation in Srinagar; however, verification revealed that the pictures were actually from an unrelated incident in another country.",FAKE,Alt News
1727,2020,Counter-insurgency Operation,Baramulla,"Several Facebook and WhatsApp messages alleged secret military actions during the Counter-insurgency Operation in Baramulla, but fact-checking organizations found no official evidence supporting these claims.",FAKE,BOOM Live
1728,2021,Manipur Ethnic Conflict,Imphal,"A widely shared video was said to depict conflict during the Manipur Ethnic Conflict in Imphal, but investigators determined that the footage was old and unrelated to the incident.",FAKE,Factly
1729,2022,Galwan Valley Clash,Ladakh,"A viral social media post claimed that a major military disaster occurred during the Galwan Valley Clash in Ladakh, but fact-checkers later confirmed that the claim was false and based on misleading information.",FAKE,PIB Fact Check
1730,2023,Kashmir Militancy Encounter,Shopian,"Images circulating online were claimed to show destruction during the Kashmir Militancy Encounter in Shopian; however, verification revealed that the pictures were actually from an unrelated incident in another country.",FAKE,Newschecker
1731,2024,LoC Ceasefire Violation,Kupwara,"Several Facebook and WhatsApp messages alleged secret military actions during the LoC Ceasefire Violation in Kupwara, but fact-checking organizations found no official evidence supporting these claims.",FAKE,Alt News
1732,2025,Cross-border Infiltration Attempt,Jammu & Kashmir,"A widely shared video was said to depict conflict during the Cross-border Infiltration Attempt in Jammu & Kashmir, but investigators determined that the footage was old and unrelated to the incident.",FAKE,BOOM Live
1733,2020,India-Pakistan Border Tension,Punjab Border,"A viral social media post claimed that a major military disaster occurred during the India-Pakistan Border Tension in Punjab Border, but fact-checkers later confirmed that the claim was false and based on misleading information.",FAKE,Factly
1734,2021,Terror Attack Investigation,Srinagar,"Images circulating online were claimed to show destruction during the Terror Attack Investigation in Srinagar; however, verification revealed that the pictures were actually from an unrelated incident in another country.",FAKE,PIB Fact Check
1735,2022,Counter-insurgency Operation,Baramulla,"Several Facebook and WhatsApp messages alleged secret military actions during the Counter-insurgency Operation in Baramulla, but fact-checking organizations found no official evidence supporting these claims.",FAKE,Newschecker
1736,2023,Manipur Ethnic Conflict,Imphal,"A widely shared video was said to depict conflict during the Manipur Ethnic Conflict in Imphal, but investigators determined that the footage was old and unrelated to the incident.",FAKE,Alt News
1737,2024,Galwan Valley Clash,Ladakh,"A viral social media post claimed that a major military disaster occurred during the Galwan Valley Clash in Ladakh, but fact-checkers later confirmed that the claim was false and based on misleading information.",FAKE,BOOM Live
1738,2025,Kashmir Militancy Encounter,Shopian,"Images circulating online were claimed to show destruction during the Kashmir Militancy Encounter in Shopian; however, verification revealed that the pictures were actually from an unrelated incident in another country.",FAKE,Factly
1739,2020,LoC Ceasefire Violation,Kupwara,"Several Facebook and WhatsApp messages alleged secret military actions during the LoC Ceasefire Violation in Kupwara, but fact-checking organizations found no official evidence supporting these claims.",FAKE,PIB Fact Check
1740,2021,Cross-border Infiltration Attempt,Jammu & Kashmir,"A widely shared video was said to depict conflict during the Cross-border Infiltration Attempt in Jammu & Kashmir, but investigators determined that the footage was old and unrelated to the incident.",FAKE,Newschecker
1741,2022,India-Pakistan Border Tension,Punjab Border,"A viral social media post claimed that a major military disaster occurred during the India-Pakistan Border Tension in Punjab Border, but fact-checkers later confirmed that the claim was false and based on misleading information.",FAKE,Alt News
1742,2023,Terror Attack Investigation,Srinagar,"Images circulating online were claimed to show destruction during the Terror Attack Investigation in Srinagar; however, verification revealed that the pictures were actually from an unrelated incident in another country.",FAKE,BOOM Live
1743,2024,Counter-insurgency Operation,Baramulla,"Several Facebook and WhatsApp messages alleged secret military actions during the Counter-insurgency Operation in Baramulla, but fact-checking organizations found no official evidence supporting these claims.",FAKE,Factly
1744,2025,Manipur Ethnic Conflict,Imphal,"A widely shared video was said to depict conflict during the Manipur Ethnic Conflict in Imphal, but investigators determined that the footage was old and unrelated to the incident.",FAKE,PIB Fact Check
1745,2020,Galwan Valley Clash,Ladakh,"A viral social media post claimed that a major military disaster occurred during the Galwan Valley Clash in Ladakh, but fact-checkers later confirmed that the claim was false and based on misleading information.",FAKE,Newschecker
1746,2021,Kashmir Militancy Encounter,Shopian,"Images circulating online were claimed to show destruction during the Kashmir Militancy Encounter in Shopian; however, verification revealed that the pictures were actually from an unrelated incident in another country.",FAKE,Alt News
1747,2022,LoC Ceasefire Violation,Kupwara,"Several Facebook and WhatsApp messages alleged secret military actions during the LoC Ceasefire Violation in Kupwara, but fact-checking organizations found no official evidence supporting these claims.",FAKE,BOOM Live
1748,2023,Cross-border Infiltration Attempt,Jammu & Kashmir,"A widely shared video was said to depict conflict during the Cross-border Infiltration Attempt in Jammu & Kashmir, but investigators determined that the footage was old and unrelated to the incident.",FAKE,Factly
1749,2024,India-Pakistan Border Tension,Punjab Border,"A viral social media post claimed that a major military disaster occurred during the India-Pakistan Border Tension in Punjab Border, but fact-checkers later confirmed that the claim was false and based on misleading information.",FAKE,PIB Fact Check
1750,2025,Terror Attack Investigation,Srinagar,"Images circulating online were claimed to show destruction during the Terror Attack Investigation in Srinagar; however, verification revealed that the pictures were actually from an unrelated incident in another country.",FAKE,Newschecker
1751,2020,Counter-insurgency Operation,Baramulla,"Several Facebook and WhatsApp messages alleged secret military actions during the Counter-insurgency Operation in Baramulla, but fact-checking organizations found no official evidence supporting these claims.",FAKE,Alt News
1752,2021,Manipur Ethnic Conflict,Imphal,"A widely shared video was said to depict conflict during the Manipur Ethnic Conflict in Imphal, but investigators determined that the footage was old and unrelated to the incident.",FAKE,BOOM Live
1753,2022,Galwan Valley Clash,Ladakh,"A viral social media post claimed that a major military disaster occurred during the Galwan Valley Clash in Ladakh, but fact-checkers later confirmed that the claim was false and based on misleading information.",FAKE,Factly
1754,2023,Kashmir Militancy Encounter,Shopian,"Images circulating online were claimed to show destruction during the Kashmir Militancy Encounter in Shopian; however, verification revealed that the pictures were actually from an unrelated incident in another country.",FAKE,PIB Fact Check
1755,2024,LoC Ceasefire Violation,Kupwara,"Several Facebook and WhatsApp messages alleged secret military actions during the LoC Ceasefire Violation in Kupwara, but fact-checking organizations found no official evidence supporting these claims.",FAKE,Newschecker
1756,2025,Cross-border Infiltration Attempt,Jammu & Kashmir,"A widely shared video was said to depict conflict during the Cross-border Infiltration Attempt in Jammu & Kashmir, but investigators determined that the footage was old and unrelated to the incident.",FAKE,Alt News
1757,2020,India-Pakistan Border Tension,Punjab Border,"A viral social media post claimed that a major military disaster occurred during the India-Pakistan Border Tension in Punjab Border, but fact-checkers later confirmed that the claim was false and based on misleading information.",FAKE,BOOM Live
1758,2021,Terror Attack Investigation,Srinagar,"Images circulating online were claimed to show destruction during the Terror Attack Investigation in Srinagar; however, verification revealed that the pictures were actually from an unrelated incident in another country.",FAKE,Factly
1759,2022,Counter-insurgency Operation,Baramulla,"Several Facebook and WhatsApp messages alleged secret military actions during the Counter-insurgency Operation in Baramulla, but fact-checking organizations found no official evidence supporting these claims.",FAKE,PIB Fact Check
1760,2023,Manipur Ethnic Conflict,Imphal,"A widely shared video was said to depict conflict during the Manipur Ethnic Conflict in Imphal, but investigators determined that the footage was old and unrelated to the incident.",FAKE,Newschecker
1761,2024,Galwan Valley Clash,Ladakh,"A viral social media post claimed that a major military disaster occurred during the Galwan Valley Clash in Ladakh, but fact-checkers later confirmed that the claim was false and based on misleading information.",FAKE,Alt News
1762,2025,Kashmir Militancy Encounter,Shopian,"Images circulating online were claimed to show destruction during the Kashmir Militancy Encounter in Shopian; however, verification revealed that the pictures were actually from an unrelated incident in another country.",FAKE,BOOM Live
1763,2020,LoC Ceasefire Violation,Kupwara,"Several Facebook and WhatsApp messages alleged secret military actions during the LoC Ceasefire Violation in Kupwara, but fact-checking organizations found no official evidence supporting these claims.",FAKE,Factly
1764,2021,Cross-border Infiltration Attempt,Jammu & Kashmir,"A widely shared video was said to depict conflict during the Cross-border Infiltration Attempt in Jammu & Kashmir, but investigators determined that the footage was old and unrelated to the incident.",FAKE,PIB Fact Check
1765,2022,India-Pakistan Border Tension,Punjab Border,"A viral social media post claimed that a major military disaster occurred during the India-Pakistan Border Tension in Punjab Border, but fact-checkers later confirmed that the claim was false and based on misleading information.",FAKE,Newschecker
1766,2023,Terror Attack Investigation,Srinagar,"Images circulating online were claimed to show destruction during the Terror Attack Investigation in Srinagar; however, verification revealed that the pictures were actually from an unrelated incident in another country.",FAKE,Alt News
1767,2024,Counter-insurgency Operation,Baramulla,"Several Facebook and WhatsApp messages alleged secret military actions during the Counter-insurgency Operation in Baramulla, but fact-checking organizations found no official evidence supporting these claims.",FAKE,BOOM Live
1768,2025,Manipur Ethnic Conflict,Imphal,"A widely shared video was said to depict conflict during the Manipur Ethnic Conflict in Imphal, but investigators determined that the footage was old and unrelated to the incident.",FAKE,Factly
1769,2020,Galwan Valley Clash,Ladakh,"A viral social media post claimed that a major military disaster occurred during the Galwan Valley Clash in Ladakh, but fact-checkers later confirmed that the claim was false and based on misleading information.",FAKE,PIB Fact Check
1770,2021,Kashmir Militancy Encounter,Shopian,"Images circulating online were claimed to show destruction during the Kashmir Militancy Encounter in Shopian; however, verification revealed that the pictures were actually from an unrelated incident in another country.",FAKE,Newschecker
1771,2022,LoC Ceasefire Violation,Kupwara,"Several Facebook and WhatsApp messages alleged secret military actions during the LoC Ceasefire Violation in Kupwara, but fact-checking organizations found no official evidence supporting these claims.",FAKE,Alt News
1772,2023,Cross-border Infiltration Attempt,Jammu & Kashmir,"A widely shared video was said to depict conflict during the Cross-border Infiltration Attempt in Jammu & Kashmir, but investigators determined that the footage was old and unrelated to the incident.",FAKE,BOOM Live
1773,2024,India-Pakistan Border Tension,Punjab Border,"A viral social media post claimed that a major military disaster occurred during the India-Pakistan Border Tension in Punjab Border, but fact-checkers later confirmed that the claim was false and based on misleading information.",FAKE,Factly
1774,2025,Terror Attack Investigation,Srinagar,"Images circulating online were claimed to show destruction during the Terror Attack Investigation in Srinagar; however, verification revealed that the pictures were actually from an unrelated incident in another country.",FAKE,PIB Fact Check
1775,2020,Counter-insurgency Operation,Baramulla,"Several Facebook and WhatsApp messages alleged secret military actions during the Counter-insurgency Operation in Baramulla, but fact-checking organizations found no official evidence supporting these claims.",FAKE,Newschecker
1776,2021,Manipur Ethnic Conflict,Imphal,"A widely shared video was said to depict conflict during the Manipur Ethnic Conflict in Imphal, but investigators determined that the footage was old and unrelated to the incident.",FAKE,Alt News
1777,2022,Galwan Valley Clash,Ladakh,"A viral social media post claimed that a major military disaster occurred during the Galwan Valley Clash in Ladakh, but fact-checkers later confirmed that the claim was false and based on misleading information.",FAKE,BOOM Live
1778,2023,Kashmir Militancy Encounter,Shopian,"Images circulating online were claimed to show destruction during the Kashmir Militancy Encounter in Shopian; however, verification revealed that the pictures were actually from an unrelated incident in another country.",FAKE,Factly
1779,2024,LoC Ceasefire Violation,Kupwara,"Several Facebook and WhatsApp messages alleged secret military actions during the LoC Ceasefire Violation in Kupwara, but fact-checking organizations found no official evidence supporting these claims.",FAKE,PIB Fact Check
1780,2025,Cross-border Infiltration Attempt,Jammu & Kashmir,"A widely shared video was said to depict conflict during the Cross-border Infiltration Attempt in Jammu & Kashmir, but investigators determined that the footage was old and unrelated to the incident.",FAKE,Newschecker
1781,2020,India-Pakistan Border Tension,Punjab Border,"A viral social media post claimed that a major military disaster occurred during the India-Pakistan Border Tension in Punjab Border, but fact-checkers later confirmed that the claim was false and based on misleading information.",FAKE,Alt News
1782,2021,Terror Attack Investigation,Srinagar,"Images circulating online were claimed to show destruction during the Terror Attack Investigation in Srinagar; however, verification revealed that the pictures were actually from an unrelated incident in another country.",FAKE,BOOM Live
1783,2022,Counter-insurgency Operation,Baramulla,"Several Facebook and WhatsApp messages alleged secret military actions during the Counter-insurgency Operation in Baramulla, but fact-checking organizations found no official evidence supporting these claims.",FAKE,Factly
1784,2023,Manipur Ethnic Conflict,Imphal,"A widely shared video was said to depict conflict during the Manipur Ethnic Conflict in Imphal, but investigators determined that the footage was old and unrelated to the incident.",FAKE,PIB Fact Check
1785,2024,Galwan Valley Clash,Ladakh,"A viral social media post claimed that a major military disaster occurred during the Galwan Valley Clash in Ladakh, but fact-checkers later confirmed that the claim was false and based on misleading information.",FAKE,Newschecker
1786,2025,Kashmir Militancy Encounter,Shopian,"Images circulating online were claimed to show destruction during the Kashmir Militancy Encounter in Shopian; however, verification revealed that the pictures were actually from an unrelated incident in another country.",FAKE,Alt News
1787,2020,LoC Ceasefire Violation,Kupwara,"Several Facebook and WhatsApp messages alleged secret military actions during the LoC Ceasefire Violation in Kupwara, but fact-checking organizations found no official evidence supporting these claims.",FAKE,BOOM Live
1788,2021,Cross-border Infiltration Attempt,Jammu & Kashmir,"A widely shared video was said to depict conflict during the Cross-border Infiltration Attempt in Jammu & Kashmir, but investigators determined that the footage was old and unrelated to the incident.",FAKE,Factly
1789,2022,India-Pakistan Border Tension,Punjab Border,"A viral social media post claimed that a major military disaster occurred during the India-Pakistan Border Tension in Punjab Border, but fact-checkers later confirmed that the claim was false and based on misleading information.",FAKE,PIB Fact Check
1790,2023,Terror Attack Investigation,Srinagar,"Images circulating online were claimed to show destruction during the Terror Attack Investigation in Srinagar; however, verification revealed that the pictures were actually from an unrelated incident in another country.",FAKE,Newschecker
1791,2024,Counter-insurgency Operation,Baramulla,"Several Facebook and WhatsApp messages alleged secret military actions during the Counter-insurgency Operation in Baramulla, but fact-checking organizations found no official evidence supporting these claims.",FAKE,Alt News
1792,2025,Manipur Ethnic Conflict,Imphal,"A widely shared video was said to depict conflict during the Manipur Ethnic Conflict in Imphal, but investigators determined that the footage was old and unrelated to the incident.",FAKE,BOOM Live
1793,2020,Galwan Valley Clash,Ladakh,"A viral social media post claimed that a major military disaster occurred during the Galwan Valley Clash in Ladakh, but fact-checkers later confirmed that the claim was false and based on misleading information.",FAKE,Factly
1794,2021,Kashmir Militancy Encounter,Shopian,"Images circulating online were claimed to show destruction during the Kashmir Militancy Encounter in Shopian; however, verification revealed that the pictures were actually from an unrelated incident in another country.",FAKE,PIB Fact Check
1795,2022,LoC Ceasefire Violation,Kupwara,"Several Facebook and WhatsApp messages alleged secret military actions during the LoC Ceasefire Violation in Kupwara, but fact-checking organizations found no official evidence supporting these claims.",FAKE,Newschecker
1796,2023,Cross-border Infiltration Attempt,Jammu & Kashmir,"A widely shared video was said to depict conflict during the Cross-border Infiltration Attempt in Jammu & Kashmir, but investigators determined that the footage was old and unrelated to the incident.",FAKE,Alt News
1797,2024,India-Pakistan Border Tension,Punjab Border,"A viral social media post claimed that a major military disaster occurred during the India-Pakistan Border Tension in Punjab Border, but fact-checkers later confirmed that the claim was false and based on misleading information.",FAKE,BOOM Live
1798,2025,Terror Attack Investigation,Srinagar,"Images circulating online were claimed to show destruction during the Terror Attack Investigation in Srinagar; however, verification revealed that the pictures were actually from an unrelated incident in another country.",FAKE,Factly
1799,2020,Counter-insurgency Operation,Baramulla,"Several Facebook and WhatsApp messages alleged secret military actions during the Counter-insurgency Operation in Baramulla, but fact-checking organizations found no official evidence supporting these claims.",FAKE,PIB Fact Check
1800,2021,Manipur Ethnic Conflict,Imphal,"A widely shared video was said to depict conflict during the Manipur Ethnic Conflict in Imphal, but investigators determined that the footage was old and unrelated to the incident.",FAKE,Newschecker
1801,2022,Galwan Valley Clash,Ladakh,"A viral social media post claimed that a major military disaster occurred during the Galwan Valley Clash in Ladakh, but fact-checkers later confirmed that the claim was false and based on misleading information.",FAKE,Alt News
1802,2023,Kashmir Militancy Encounter,Shopian,"Images circulating online were claimed to show destruction during the Kashmir Militancy Encounter in Shopian; however, verification revealed that the pictures were actually from an unrelated incident in another country.",FAKE,BOOM Live
1803,2024,LoC Ceasefire Violation,Kupwara,"Several Facebook and WhatsApp messages alleged secret military actions during the LoC Ceasefire Violation in Kupwara, but fact-checking organizations found no official evidence supporting these claims.",FAKE,Factly
1804,2025,Cross-border Infiltration Attempt,Jammu & Kashmir,"A widely shared video was said to depict conflict during the Cross-border Infiltration Attempt in Jammu & Kashmir, but investigators determined that the footage was old and unrelated to the incident.",FAKE,PIB Fact Check
1805,2020,India-Pakistan Border Tension,Punjab Border,"A viral social media post claimed that a major military disaster occurred during the India-Pakistan Border Tension in Punjab Border, but fact-checkers later confirmed that the claim was false and based on misleading information.",FAKE,Newschecker
1806,2021,Terror Attack Investigation,Srinagar,"Images circulating online were claimed to show destruction during the Terror Attack Investigation in Srinagar; however, verification revealed that the pictures were actually from an unrelated incident in another country.",FAKE,Alt News
1807,2022,Counter-insurgency Operation,Baramulla,"Several Facebook and WhatsApp messages alleged secret military actions during the Counter-insurgency Operation in Baramulla, but fact-checking organizations found no official evidence supporting these claims.",FAKE,BOOM Live
1808,2023,Manipur Ethnic Conflict,Imphal,"A widely shared video was said to depict conflict during the Manipur Ethnic Conflict in Imphal, but investigators determined that the footage was old and unrelated to the incident.",FAKE,Factly
1809,2024,Galwan Valley Clash,Ladakh,"A viral social media post claimed that a major military disaster occurred during the Galwan Valley Clash in Ladakh, but fact-checkers later confirmed that the claim was false and based on misleading information.",FAKE,PIB Fact Check
1810,2025,Kashmir Militancy Encounter,Shopian,"Images circulating online were claimed to show destruction during the Kashmir Militancy Encounter in Shopian; however, verification revealed that the pictures were actually from an unrelated incident in another country.",FAKE,Newschecker
1811,2020,LoC Ceasefire Violation,Kupwara,"Several Facebook and WhatsApp messages alleged secret military actions during the LoC Ceasefire Violation in Kupwara, but fact-checking organizations found no official evidence supporting these claims.",FAKE,Alt News
1812,2021,Cross-border Infiltration Attempt,Jammu & Kashmir,"A widely shared video was said to depict conflict during the Cross-border Infiltration Attempt in Jammu & Kashmir, but investigators determined that the footage was old and unrelated to the incident.",FAKE,BOOM Live
1813,2022,India-Pakistan Border Tension,Punjab Border,"A viral social media post claimed that a major military disaster occurred during the India-Pakistan Border Tension in Punjab Border, but fact-checkers later confirmed that the claim was false and based on misleading information.",FAKE,Factly
1814,2023,Terror Attack Investigation,Srinagar,"Images circulating online were claimed to show destruction during the Terror Attack Investigation in Srinagar; however, verification revealed that the pictures were actually from an unrelated incident in another country.",FAKE,PIB Fact Check
1815,2024,Counter-insurgency Operation,Baramulla,"Several Facebook and WhatsApp messages alleged secret military actions during the Counter-insurgency Operation in Baramulla, but fact-checking organizations found no official evidence supporting these claims.",FAKE,Newschecker
1816,2025,Manipur Ethnic Conflict,Imphal,"A widely shared video was said to depict conflict during the Manipur Ethnic Conflict in Imphal, but investigators determined that the footage was old and unrelated to the incident.",FAKE,Alt News
1817,2020,Galwan Valley Clash,Ladakh,"A viral social media post claimed that a major military disaster occurred during the Galwan Valley Clash in Ladakh, but fact-checkers later confirmed that the claim was false and based on misleading information.",FAKE,BOOM Live
1818,2021,Kashmir Militancy Encounter,Shopian,"Images circulating online were claimed to show destruction during the Kashmir Militancy Encounter in Shopian; however, verification revealed that the pictures were actually from an unrelated incident in another country.",FAKE,Factly
1819,2022,LoC Ceasefire Violation,Kupwara,"Several Facebook and WhatsApp messages alleged secret military actions during the LoC Ceasefire Violation in Kupwara, but fact-checking organizations found no official evidence supporting these claims.",FAKE,PIB Fact Check
1820,2023,Cross-border Infiltration Attempt,Jammu & Kashmir,"A widely shared video was said to depict conflict during the Cross-border Infiltration Attempt in Jammu & Kashmir, but investigators determined that the footage was old and unrelated to the incident.",FAKE,Newschecker
1821,2024,India-Pakistan Border Tension,Punjab Border,"A viral social media post claimed that a major military disaster occurred during the India-Pakistan Border Tension in Punjab Border, but fact-checkers later confirmed that the claim was false and based on misleading information.",FAKE,Alt News
1822,2025,Terror Attack Investigation,Srinagar,"Images circulating online were claimed to show destruction during the Terror Attack Investigation in Srinagar; however, verification revealed that the pictures were actually from an unrelated incident in another country.",FAKE,BOOM Live
1823,2020,Counter-insurgency Operation,Baramulla,"Several Facebook and WhatsApp messages alleged secret military actions during the Counter-insurgency Operation in Baramulla, but fact-checking organizations found no official evidence supporting these claims.",FAKE,Factly
1824,2021,Manipur Ethnic Conflict,Imphal,"A widely shared video was said to depict conflict during the Manipur Ethnic Conflict in Imphal, but investigators determined that the footage was old and unrelated to the incident.",FAKE,PIB Fact Check
1825,2022,Galwan Valley Clash,Ladakh,"A viral social media post claimed that a major military disaster occurred during the Galwan Valley Clash in Ladakh, but fact-checkers later confirmed that the claim was false and based on misleading information.",FAKE,Newschecker
1826,2023,Kashmir Militancy Encounter,Shopian,"Images circulating online were claimed to show destruction during the Kashmir Militancy Encounter in Shopian; however, verification revealed that the pictures were actually from an unrelated incident in another country.",FAKE,Alt News
1827,2024,LoC Ceasefire Violation,Kupwara,"Several Facebook and WhatsApp messages alleged secret military actions during the LoC Ceasefire Violation in Kupwara, but fact-checking organizations found no official evidence supporting these claims.",FAKE,BOOM Live
1828,2025,Cross-border Infiltration Attempt,Jammu & Kashmir,"A widely shared video was said to depict conflict during the Cross-border Infiltration Attempt in Jammu & Kashmir, but investigators determined that the footage was old and unrelated to the incident.",FAKE,Factly
1829,2020,India-Pakistan Border Tension,Punjab Border,"A viral social media post claimed that a major military disaster occurred during the India-Pakistan Border Tension in Punjab Border, but fact-checkers later confirmed that the claim was false and based on misleading information.",FAKE,PIB Fact Check
1830,2021,Terror Attack Investigation,Srinagar,"Images circulating online were claimed to show destruction during the Terror Attack Investigation in Srinagar; however, verification revealed that the pictures were actually from an unrelated incident in another country.",FAKE,Newschecker
1831,2022,Counter-insurgency Operation,Baramulla,"Several Facebook and WhatsApp messages alleged secret military actions during the Counter-insurgency Operation in Baramulla, but fact-checking organizations found no official evidence supporting these claims.",FAKE,Alt News
1832,2023,Manipur Ethnic Conflict,Imphal,"A widely shared video was said to depict conflict during the Manipur Ethnic Conflict in Imphal, but investigators determined that the footage was old and unrelated to the incident.",FAKE,BOOM Live
1833,2024,Galwan Valley Clash,Ladakh,"A viral social media post claimed that a major military disaster occurred during the Galwan Valley Clash in Ladakh, but fact-checkers later confirmed that the claim was false and based on misleading information.",FAKE,Factly
1834,2025,Kashmir Militancy Encounter,Shopian,"Images circulating online were claimed to show destruction during the Kashmir Militancy Encounter in Shopian; however, verification revealed that the pictures were actually from an unrelated incident in another country.",FAKE,PIB Fact Check
1835,2020,LoC Ceasefire Violation,Kupwara,"Several Facebook and WhatsApp messages alleged secret military actions during the LoC Ceasefire Violation in Kupwara, but fact-checking organizations found no official evidence supporting these claims.",FAKE,Newschecker
1836,2021,Cross-border Infiltration Attempt,Jammu & Kashmir,"A widely shared video was said to depict conflict during the Cross-border Infiltration Attempt in Jammu & Kashmir, but investigators determined that the footage was old and unrelated to the incident.",FAKE,Alt News
1837,2022,India-Pakistan Border Tension,Punjab Border,"A viral social media post claimed that a major military disaster occurred during the India-Pakistan Border Tension in Punjab Border, but fact-checkers later confirmed that the claim was false and based on misleading information.",FAKE,BOOM Live
1838,2023,Terror Attack Investigation,Srinagar,"Images circulating online were claimed to show destruction during the Terror Attack Investigation in Srinagar; however, verification revealed that the pictures were actually from an unrelated incident in another country.",FAKE,Factly
1839,2024,Counter-insurgency Operation,Baramulla,"Several Facebook and WhatsApp messages alleged secret military actions during the Counter-insurgency Operation in Baramulla, but fact-checking organizations found no official evidence supporting these claims.",FAKE,PIB Fact Check
1840,2025,Manipur Ethnic Conflict,Imphal,"A widely shared video was said to depict conflict during the Manipur Ethnic Conflict in Imphal, but investigators determined that the footage was old and unrelated to the incident.",FAKE,Newschecker
1841,2020,Galwan Valley Clash,Ladakh,"A viral social media post claimed that a major military disaster occurred during the Galwan Valley Clash in Ladakh, but fact-checkers later confirmed that the claim was false and based on misleading information.",FAKE,Alt News
1842,2021,Kashmir Militancy Encounter,Shopian,"Images circulating online were claimed to show destruction during the Kashmir Militancy Encounter in Shopian; however, verification revealed that the pictures were actually from an unrelated incident in another country.",FAKE,BOOM Live
1843,2022,LoC Ceasefire Violation,Kupwara,"Several Facebook and WhatsApp messages alleged secret military actions during the LoC Ceasefire Violation in Kupwara, but fact-checking organizations found no official evidence supporting these claims.",FAKE,Factly
1844,2023,Cross-border Infiltration Attempt,Jammu & Kashmir,"A widely shared video was said to depict conflict during the Cross-border Infiltration Attempt in Jammu & Kashmir, but investigators determined that the footage was old and unrelated to the incident.",FAKE,PIB Fact Check
1845,2024,India-Pakistan Border Tension,Punjab Border,"A viral social media post claimed that a major military disaster occurred during the India-Pakistan Border Tension in Punjab Border, but fact-checkers later confirmed that the claim was false and based on misleading information.",FAKE,Newschecker
1846,2025,Terror Attack Investigation,Srinagar,"Images circulating online were claimed to show destruction during the Terror Attack Investigation in Srinagar; however, verification revealed that the pictures were actually from an unrelated incident in another country.",FAKE,Alt News
1847,2020,Counter-insurgency Operation,Baramulla,"Several Facebook and WhatsApp messages alleged secret military actions during the Counter-insurgency Operation in Baramulla, but fact-checking organizations found no official evidence supporting these claims.",FAKE,BOOM Live
1848,2021,Manipur Ethnic Conflict,Imphal,"A widely shared video was said to depict conflict during the Manipur Ethnic Conflict in Imphal, but investigators determined that the footage was old and unrelated to the incident.",FAKE,Factly
1849,2022,Galwan Valley Clash,Ladakh,"A viral social media post claimed that a major military disaster occurred during the Galwan Valley Clash in Ladakh, but fact-checkers later confirmed that the claim was false and based on misleading information.",FAKE,PIB Fact Check
1850,2023,Kashmir Militancy Encounter,Shopian,"Images circulating online were claimed to show destruction during the Kashmir Militancy Encounter in Shopian; however, verification revealed that the pictures were actually from an unrelated incident in another country.",FAKE,Newschecker
1851,2024,LoC Ceasefire Violation,Kupwara,"Several Facebook and WhatsApp messages alleged secret military actions during the LoC Ceasefire Violation in Kupwara, but fact-checking organizations found no official evidence supporting these claims.",FAKE,Alt News
1852,2025,Cross-border Infiltration Attempt,Jammu & Kashmir,"A widely shared video was said to depict conflict during the Cross-border Infiltration Attempt in Jammu & Kashmir, but investigators determined that the footage was old and unrelated to the incident.",FAKE,BOOM Live
1853,2020,India-Pakistan Border Tension,Punjab Border,"A viral social media post claimed that a major military disaster occurred during the India-Pakistan Border Tension in Punjab Border, but fact-checkers later confirmed that the claim was false and based on misleading information.",FAKE,Factly
1854,2021,Terror Attack Investigation,Srinagar,"Images circulating online were claimed to show destruction during the Terror Attack Investigation in Srinagar; however, verification revealed that the pictures were actually from an unrelated incident in another country.",FAKE,PIB Fact Check
1855,2022,Counter-insurgency Operation,Baramulla,"Several Facebook and WhatsApp messages alleged secret military actions during the Counter-insurgency Operation in Baramulla, but fact-checking organizations found no official evidence supporting these claims.",FAKE,Newschecker
1856,2023,Manipur Ethnic Conflict,Imphal,"A widely shared video was said to depict conflict during the Manipur Ethnic Conflict in Imphal, but investigators determined that the footage was old and unrelated to the incident.",FAKE,Alt News
1857,2024,Galwan Valley Clash,Ladakh,"A viral social media post claimed that a major military disaster occurred during the Galwan Valley Clash in Ladakh, but fact-checkers later confirmed that the claim was false and based on misleading information.",FAKE,BOOM Live
1858,2025,Kashmir Militancy Encounter,Shopian,"Images circulating online were claimed to show destruction during the Kashmir Militancy Encounter in Shopian; however, verification revealed that the pictures were actually from an unrelated incident in another country.",FAKE,Factly
1859,2020,LoC Ceasefire Violation,Kupwara,"Several Facebook and WhatsApp messages alleged secret military actions during the LoC Ceasefire Violation in Kupwara, but fact-checking organizations found no official evidence supporting these claims.",FAKE,PIB Fact Check
1860,2021,Cross-border Infiltration Attempt,Jammu & Kashmir,"A widely shared video was said to depict conflict during the Cross-border Infiltration Attempt in Jammu & Kashmir, but investigators determined that the footage was old and unrelated to the incident.",FAKE,Newschecker
1861,2022,India-Pakistan Border Tension,Punjab Border,"A viral social media post claimed that a major military disaster occurred during the India-Pakistan Border Tension in Punjab Border, but fact-checkers later confirmed that the claim was false and based on misleading information.",FAKE,Alt News
1862,2023,Terror Attack Investigation,Srinagar,"Images circulating online were claimed to show destruction during the Terror Attack Investigation in Srinagar; however, verification revealed that the pictures were actually from an unrelated incident in another country.",FAKE,BOOM Live
1863,2024,Counter-insurgency Operation,Baramulla,"Several Facebook and WhatsApp messages alleged secret military actions during the Counter-insurgency Operation in Baramulla, but fact-checking organizations found no official evidence supporting these claims.",FAKE,Factly
1864,2025,Manipur Ethnic Conflict,Imphal,"A widely shared video was said to depict conflict during the Manipur Ethnic Conflict in Imphal, but investigators determined that the footage was old and unrelated to the incident.",FAKE,PIB Fact Check
1865,2020,Galwan Valley Clash,Ladakh,"A viral social media post claimed that a major military disaster occurred during the Galwan Valley Clash in Ladakh, but fact-checkers later confirmed that the claim was false and based on misleading information.",FAKE,Newschecker
1866,2021,Kashmir Militancy Encounter,Shopian,"Images circulating online were claimed to show destruction during the Kashmir Militancy Encounter in Shopian; however, verification revealed that the pictures were actually from an unrelated incident in another country.",FAKE,Alt News
1867,2022,LoC Ceasefire Violation,Kupwara,"Several Facebook and WhatsApp messages alleged secret military actions during the LoC Ceasefire Violation in Kupwara, but fact-checking organizations found no official evidence supporting these claims.",FAKE,BOOM Live
1868,2023,Cross-border Infiltration Attempt,Jammu & Kashmir,"A widely shared video was said to depict conflict during the Cross-border Infiltration Attempt in Jammu & Kashmir, but investigators determined that the footage was old and unrelated to the incident.",FAKE,Factly
1869,2024,India-Pakistan Border Tension,Punjab Border,"A viral social media post claimed that a major military disaster occurred during the India-Pakistan Border Tension in Punjab Border, but fact-checkers later confirmed that the claim was false and based on misleading information.",FAKE,PIB Fact Check
1870,2025,Terror Attack Investigation,Srinagar,"Images circulating online were claimed to show destruction during the Terror Attack Investigation in Srinagar; however, verification revealed that the pictures were actually from an unrelated incident in another country.",FAKE,Newschecker
1871,2020,Counter-insurgency Operation,Baramulla,"Several Facebook and WhatsApp messages alleged secret military actions during the Counter-insurgency Operation in Baramulla, but fact-checking organizations found no official evidence supporting these claims.",FAKE,Alt News
1872,2021,Manipur Ethnic Conflict,Imphal,"A widely shared video was said to depict conflict during the Manipur Ethnic Conflict in Imphal, but investigators determined that the footage was old and unrelated to the incident.",FAKE,BOOM Live
1873,2022,Galwan Valley Clash,Ladakh,"A viral social media post claimed that a major military disaster occurred during the Galwan Valley Clash in Ladakh, but fact-checkers later confirmed that the claim was false and based on misleading information.",FAKE,Factly
1874,2023,Kashmir Militancy Encounter,Shopian,"Images circulating online were claimed to show destruction during the Kashmir Militancy Encounter in Shopian; however, verification revealed that the pictures were actually from an unrelated incident in another country.",FAKE,PIB Fact Check
1875,2024,LoC Ceasefire Violation,Kupwara,"Several Facebook and WhatsApp messages alleged secret military actions during the LoC Ceasefire Violation in Kupwara, but fact-checking organizations found no official evidence supporting these claims.",FAKE,Newschecker
1876,2025,Cross-border Infiltration Attempt,Jammu & Kashmir,"A widely shared video was said to depict conflict during the Cross-border Infiltration Attempt in Jammu & Kashmir, but investigators determined that the footage was old and unrelated to the incident.",FAKE,Alt News
1877,2020,India-Pakistan Border Tension,Punjab Border,"A viral social media post claimed that a major military disaster occurred during the India-Pakistan Border Tension in Punjab Border, but fact-checkers later confirmed that the claim was false and based on misleading information.",FAKE,BOOM Live
1878,2021,Terror Attack Investigation,Srinagar,"Images circulating online were claimed to show destruction during the Terror Attack Investigation in Srinagar; however, verification revealed that the pictures were actually from an unrelated incident in another country.",FAKE,Factly
1879,2022,Counter-insurgency Operation,Baramulla,"Several Facebook and WhatsApp messages alleged secret military actions during the Counter-insurgency Operation in Baramulla, but fact-checking organizations found no official evidence supporting these claims.",FAKE,PIB Fact Check
1880,2023,Manipur Ethnic Conflict,Imphal,"A widely shared video was said to depict conflict during the Manipur Ethnic Conflict in Imphal, but investigators determined that the footage was old and unrelated to the incident.",FAKE,Newschecker
1881,2024,Galwan Valley Clash,Ladakh,"A viral social media post claimed that a major military disaster occurred during the Galwan Valley Clash in Ladakh, but fact-checkers later confirmed that the claim was false and based on misleading information.",FAKE,Alt News
1882,2025,Kashmir Militancy Encounter,Shopian,"Images circulating online were claimed to show destruction during the Kashmir Militancy Encounter in Shopian; however, verification revealed that the pictures were actually from an unrelated incident in another country.",FAKE,BOOM Live
1883,2020,LoC Ceasefire Violation,Kupwara,"Several Facebook and WhatsApp messages alleged secret military actions during the LoC Ceasefire Violation in Kupwara, but fact-checking organizations found no official evidence supporting these claims.",FAKE,Factly
1884,2021,Cross-border Infiltration Attempt,Jammu & Kashmir,"A widely shared video was said to depict conflict during the Cross-border Infiltration Attempt in Jammu & Kashmir, but investigators determined that the footage was old and unrelated to the incident.",FAKE,PIB Fact Check
1885,2022,India-Pakistan Border Tension,Punjab Border,"A viral social media post claimed that a major military disaster occurred during the India-Pakistan Border Tension in Punjab Border, but fact-checkers later confirmed that the claim was false and based on misleading information.",FAKE,Newschecker
1886,2023,Terror Attack Investigation,Srinagar,"Images circulating online were claimed to show destruction during the Terror Attack Investigation in Srinagar; however, verification revealed that the pictures were actually from an unrelated incident in another country.",FAKE,Alt News
1887,2024,Counter-insurgency Operation,Baramulla,"Several Facebook and WhatsApp messages alleged secret military actions during the Counter-insurgency Operation in Baramulla, but fact-checking organizations found no official evidence supporting these claims.",FAKE,BOOM Live
1888,2025,Manipur Ethnic Conflict,Imphal,"A widely shared video was said to depict conflict during the Manipur Ethnic Conflict in Imphal, but investigators determined that the footage was old and unrelated to the incident.",FAKE,Factly
1889,2020,Galwan Valley Clash,Ladakh,"A viral social media post claimed that a major military disaster occurred during the Galwan Valley Clash in Ladakh, but fact-checkers later confirmed that the claim was false and based on misleading information.",FAKE,PIB Fact Check
1890,2021,Kashmir Militancy Encounter,Shopian,"Images circulating online were claimed to show destruction during the Kashmir Militancy Encounter in Shopian; however, verification revealed that the pictures were actually from an unrelated incident in another country.",FAKE,Newschecker
1891,2022,LoC Ceasefire Violation,Kupwara,"Several Facebook and WhatsApp messages alleged secret military actions during the LoC Ceasefire Violation in Kupwara, but fact-checking organizations found no official evidence supporting these claims.",FAKE,Alt News
1892,2023,Cross-border Infiltration Attempt,Jammu & Kashmir,"A widely shared video was said to depict conflict during the Cross-border Infiltration Attempt in Jammu & Kashmir, but investigators determined that the footage was old and unrelated to the incident.",FAKE,BOOM Live
1893,2024,India-Pakistan Border Tension,Punjab Border,"A viral social media post claimed that a major military disaster occurred during the India-Pakistan Border Tension in Punjab Border, but fact-checkers later confirmed that the claim was false and based on misleading information.",FAKE,Factly
1894,2025,Terror Attack Investigation,Srinagar,"Images circulating online were claimed to show destruction during the Terror Attack Investigation in Srinagar; however, verification revealed that the pictures were actually from an unrelated incident in another country.",FAKE,PIB Fact Check
1895,2020,Counter-insurgency Operation,Baramulla,"Several Facebook and WhatsApp messages alleged secret military actions during the Counter-insurgency Operation in Baramulla, but fact-checking organizations found no official evidence supporting these claims.",FAKE,Newschecker
1896,2021,Manipur Ethnic Conflict,Imphal,"A widely shared video was said to depict conflict during the Manipur Ethnic Conflict in Imphal, but investigators determined that the footage was old and unrelated to the incident.",FAKE,Alt News
1897,2022,Galwan Valley Clash,Ladakh,"A viral social media post claimed that a major military disaster occurred during the Galwan Valley Clash in Ladakh, but fact-checkers later confirmed that the claim was false and based on misleading information.",FAKE,BOOM Live
1898,2023,Kashmir Militancy Encounter,Shopian,"Images circulating online were claimed to show destruction during the Kashmir Militancy Encounter in Shopian; however, verification revealed that the pictures were actually from an unrelated incident in another country.",FAKE,Factly
1899,2024,LoC Ceasefire Violation,Kupwara,"Several Facebook and WhatsApp messages alleged secret military actions during the LoC Ceasefire Violation in Kupwara, but fact-checking organizations found no official evidence supporting these claims.",FAKE,PIB Fact Check
1900,2025,Cross-border Infiltration Attempt,Jammu & Kashmir,"A widely shared video was said to depict conflict during the Cross-border Infiltration Attempt in Jammu & Kashmir, but investigators determined that the footage was old and unrelated to the incident.",FAKE,Newschecker
1901,2020,India-Pakistan Border Tension,Punjab Border,"A viral social media post claimed that a major military disaster occurred during the India-Pakistan Border Tension in Punjab Border, but fact-checkers later confirmed that the claim was false and based on misleading information.",FAKE,Alt News
1902,2021,Terror Attack Investigation,Srinagar,"Images circulating online were claimed to show destruction during the Terror Attack Investigation in Srinagar; however, verification revealed that the pictures were actually from an unrelated incident in another country.",FAKE,BOOM Live
1903,2022,Counter-insurgency Operation,Baramulla,"Several Facebook and WhatsApp messages alleged secret military actions during the Counter-insurgency Operation in Baramulla, but fact-checking organizations found no official evidence supporting these claims.",FAKE,Factly
1904,2023,Manipur Ethnic Conflict,Imphal,"A widely shared video was said to depict conflict during the Manipur Ethnic Conflict in Imphal, but investigators determined that the footage was old and unrelated to the incident.",FAKE,PIB Fact Check
1905,2024,Galwan Valley Clash,Ladakh,"A viral social media post claimed that a major military disaster occurred during the Galwan Valley Clash in Ladakh, but fact-checkers later confirmed that the claim was false and based on misleading information.",FAKE,Newschecker
1906,2025,Kashmir Militancy Encounter,Shopian,"Images circulating online were claimed to show destruction during the Kashmir Militancy Encounter in Shopian; however, verification revealed that the pictures were actually from an unrelated incident in another country.",FAKE,Alt News
1907,2020,LoC Ceasefire Violation,Kupwara,"Several Facebook and WhatsApp messages alleged secret military actions during the LoC Ceasefire Violation in Kupwara, but fact-checking organizations found no official evidence supporting these claims.",FAKE,BOOM Live
1908,2021,Cross-border Infiltration Attempt,Jammu & Kashmir,"A widely shared video was said to depict conflict during the Cross-border Infiltration Attempt in Jammu & Kashmir, but investigators determined that the footage was old and unrelated to the incident.",FAKE,Factly
1909,2022,India-Pakistan Border Tension,Punjab Border,"A viral social media post claimed that a major military disaster occurred during the India-Pakistan Border Tension in Punjab Border, but fact-checkers later confirmed that the claim was false and based on misleading information.",FAKE,PIB Fact Check
1910,2023,Terror Attack Investigation,Srinagar,"Images circulating online were claimed to show destruction during the Terror Attack Investigation in Srinagar; however, verification revealed that the pictures were actually from an unrelated incident in another country.",FAKE,Newschecker
1911,2024,Counter-insurgency Operation,Baramulla,"Several Facebook and WhatsApp messages alleged secret military actions during the Counter-insurgency Operation in Baramulla, but fact-checking organizations found no official evidence supporting these claims.",FAKE,Alt News
1912,2025,Manipur Ethnic Conflict,Imphal,"A widely shared video was said to depict conflict during the Manipur Ethnic Conflict in Imphal, but investigators determined that the footage was old and unrelated to the incident.",FAKE,BOOM Live
1913,2020,Galwan Valley Clash,Ladakh,"A viral social media post claimed that a major military disaster occurred during the Galwan Valley Clash in Ladakh, but fact-checkers later confirmed that the claim was false and based on misleading information.",FAKE,Factly
1914,2021,Kashmir Militancy Encounter,Shopian,"Images circulating online were claimed to show destruction during the Kashmir Militancy Encounter in Shopian; however, verification revealed that the pictures were actually from an unrelated incident in another country.",FAKE,PIB Fact Check
1915,2022,LoC Ceasefire Violation,Kupwara,"Several Facebook and WhatsApp messages alleged secret military actions during the LoC Ceasefire Violation in Kupwara, but fact-checking organizations found no official evidence supporting these claims.",FAKE,Newschecker
1916,2023,Cross-border Infiltration Attempt,Jammu & Kashmir,"A widely shared video was said to depict conflict during the Cross-border Infiltration Attempt in Jammu & Kashmir, but investigators determined that the footage was old and unrelated to the incident.",FAKE,Alt News
1917,2024,India-Pakistan Border Tension,Punjab Border,"A viral social media post claimed that a major military disaster occurred during the India-Pakistan Border Tension in Punjab Border, but fact-checkers later confirmed that the claim was false and based on misleading information.",FAKE,BOOM Live
1918,2025,Terror Attack Investigation,Srinagar,"Images circulating online were claimed to show destruction during the Terror Attack Investigation in Srinagar; however, verification revealed that the pictures were actually from an unrelated incident in another country.",FAKE,Factly
1919,2020,Counter-insurgency Operation,Baramulla,"Several Facebook and WhatsApp messages alleged secret military actions during the Counter-insurgency Operation in Baramulla, but fact-checking organizations found no official evidence supporting these claims.",FAKE,PIB Fact Check
1920,2021,Manipur Ethnic Conflict,Imphal,"A widely shared video was said to depict conflict during the Manipur Ethnic Conflict in Imphal, but investigators determined that the footage was old and unrelated to the incident.",FAKE,Newschecker
1921,2022,Galwan Valley Clash,Ladakh,"A viral social media post claimed that a major military disaster occurred during the Galwan Valley Clash in Ladakh, but fact-checkers later confirmed that the claim was false and based on misleading information.",FAKE,Alt News
1922,2023,Kashmir Militancy Encounter,Shopian,"Images circulating online were claimed to show destruction during the Kashmir Militancy Encounter in Shopian; however, verification revealed that the pictures were actually from an unrelated incident in another country.",FAKE,BOOM Live
1923,2024,LoC Ceasefire Violation,Kupwara,"Several Facebook and WhatsApp messages alleged secret military actions during the LoC Ceasefire Violation in Kupwara, but fact-checking organizations found no official evidence supporting these claims.",FAKE,Factly
1924,2025,Cross-border Infiltration Attempt,Jammu & Kashmir,"A widely shared video was said to depict conflict during the Cross-border Infiltration Attempt in Jammu & Kashmir, but investigators determined that the footage was old and unrelated to the incident.",FAKE,PIB Fact Check
1925,2020,India-Pakistan Border Tension,Punjab Border,"A viral social media post claimed that a major military disaster occurred during the India-Pakistan Border Tension in Punjab Border, but fact-checkers later confirmed that the claim was false and based on misleading information.",FAKE,Newschecker
1926,2021,Terror Attack Investigation,Srinagar,"Images circulating online were claimed to show destruction during the Terror Attack Investigation in Srinagar; however, verification revealed that the pictures were actually from an unrelated incident in another country.",FAKE,Alt News
1927,2022,Counter-insurgency Operation,Baramulla,"Several Facebook and WhatsApp messages alleged secret military actions during the Counter-insurgency Operation in Baramulla, but fact-checking organizations found no official evidence supporting these claims.",FAKE,BOOM Live
1928,2023,Manipur Ethnic Conflict,Imphal,"A widely shared video was said to depict conflict during the Manipur Ethnic Conflict in Imphal, but investigators determined that the footage was old and unrelated to the incident.",FAKE,Factly
1929,2024,Galwan Valley Clash,Ladakh,"A viral social media post claimed that a major military disaster occurred during the Galwan Valley Clash in Ladakh, but fact-checkers later confirmed that the claim was false and based on misleading information.",FAKE,PIB Fact Check
1930,2025,Kashmir Militancy Encounter,Shopian,"Images circulating online were claimed to show destruction during the Kashmir Militancy Encounter in Shopian; however, verification revealed that the pictures were actually from an unrelated incident in another country.",FAKE,Newschecker
1931,2020,LoC Ceasefire Violation,Kupwara,"Several Facebook and WhatsApp messages alleged secret military actions during the LoC Ceasefire Violation in Kupwara, but fact-checking organizations found no official evidence supporting these claims.",FAKE,Alt News
1932,2021,Cross-border Infiltration Attempt,Jammu & Kashmir,"A widely shared video was said to depict conflict during the Cross-border Infiltration Attempt in Jammu & Kashmir, but investigators determined that the footage was old and unrelated to the incident.",FAKE,BOOM Live
1933,2022,India-Pakistan Border Tension,Punjab Border,"A viral social media post claimed that a major military disaster occurred during the India-Pakistan Border Tension in Punjab Border, but fact-checkers later confirmed that the claim was false and based on misleading information.",FAKE,Factly
1934,2023,Terror Attack Investigation,Srinagar,"Images circulating online were claimed to show destruction during the Terror Attack Investigation in Srinagar; however, verification revealed that the pictures were actually from an unrelated incident in another country.",FAKE,PIB Fact Check
1935,2024,Counter-insurgency Operation,Baramulla,"Several Facebook and WhatsApp messages alleged secret military actions during the Counter-insurgency Operation in Baramulla, but fact-checking organizations found no official evidence supporting these claims.",FAKE,Newschecker
1936,2025,Manipur Ethnic Conflict,Imphal,"A widely shared video was said to depict conflict during the Manipur Ethnic Conflict in Imphal, but investigators determined that the footage was old and unrelated to the incident.",FAKE,Alt News
1937,2020,Galwan Valley Clash,Ladakh,"A viral social media post claimed that a major military disaster occurred during the Galwan Valley Clash in Ladakh, but fact-checkers later confirmed that the claim was false and based on misleading information.",FAKE,BOOM Live
1938,2021,Kashmir Militancy Encounter,Shopian,"Images circulating online were claimed to show destruction during the Kashmir Militancy Encounter in Shopian; however, verification revealed that the pictures were actually from an unrelated incident in another country.",FAKE,Factly
1939,2022,LoC Ceasefire Violation,Kupwara,"Several Facebook and WhatsApp messages alleged secret military actions during the LoC Ceasefire Violation in Kupwara, but fact-checking organizations found no official evidence supporting these claims.",FAKE,PIB Fact Check
1940,2023,Cross-border Infiltration Attempt,Jammu & Kashmir,"A widely shared video was said to depict conflict during the Cross-border Infiltration Attempt in Jammu & Kashmir, but investigators determined that the footage was old and unrelated to the incident.",FAKE,Newschecker
1941,2024,India-Pakistan Border Tension,Punjab Border,"A viral social media post claimed that a major military disaster occurred during the India-Pakistan Border Tension in Punjab Border, but fact-checkers later confirmed that the claim was false and based on misleading information.",FAKE,Alt News
1942,2025,Terror Attack Investigation,Srinagar,"Images circulating online were claimed to show destruction during the Terror Attack Investigation in Srinagar; however, verification revealed that the pictures were actually from an unrelated incident in another country.",FAKE,BOOM Live
1943,2020,Counter-insurgency Operation,Baramulla,"Several Facebook and WhatsApp messages alleged secret military actions during the Counter-insurgency Operation in Baramulla, but fact-checking organizations found no official evidence supporting these claims.",FAKE,Factly
1944,2021,Manipur Ethnic Conflict,Imphal,"A widely shared video was said to depict conflict during the Manipur Ethnic Conflict in Imphal, but investigators determined that the footage was old and unrelated to the incident.",FAKE,PIB Fact Check
1945,2022,Galwan Valley Clash,Ladakh,"A viral social media post claimed that a major military disaster occurred during the Galwan Valley Clash in Ladakh, but fact-checkers later confirmed that the claim was false and based on misleading information.",FAKE,Newschecker
1946,2023,Kashmir Militancy Encounter,Shopian,"Images circulating online were claimed to show destruction during the Kashmir Militancy Encounter in Shopian; however, verification revealed that the pictures were actually from an unrelated incident in another country.",FAKE,Alt News
1947,2024,LoC Ceasefire Violation,Kupwara,"Several Facebook and WhatsApp messages alleged secret military actions during the LoC Ceasefire Violation in Kupwara, but fact-checking organizations found no official evidence supporting these claims.",FAKE,BOOM Live
1948,2025,Cross-border Infiltration Attempt,Jammu & Kashmir,"A widely shared video was said to depict conflict during the Cross-border Infiltration Attempt in Jammu & Kashmir, but investigators determined that the footage was old and unrelated to the incident.",FAKE,Factly
1949,2020,India-Pakistan Border Tension,Punjab Border,"A viral social media post claimed that a major military disaster occurred during the India-Pakistan Border Tension in Punjab Border, but fact-checkers later confirmed that the claim was false and based on misleading information.",FAKE,PIB Fact Check
1950,2021,Terror Attack Investigation,Srinagar,"Images circulating online were claimed to show destruction during the Terror Attack Investigation in Srinagar; however, verification revealed that the pictures were actually from an unrelated incident in another country.",FAKE,Newschecker
1951,2022,Counter-insurgency Operation,Baramulla,"Several Facebook and WhatsApp messages alleged secret military actions during the Counter-insurgency Operation in Baramulla, but fact-checking organizations found no official evidence supporting these claims.",FAKE,Alt News
1952,2023,Manipur Ethnic Conflict,Imphal,"A widely shared video was said to depict conflict during the Manipur Ethnic Conflict in Imphal, but investigators determined that the footage was old and unrelated to the incident.",FAKE,BOOM Live
1953,2024,Galwan Valley Clash,Ladakh,"A viral social media post claimed that a major military disaster occurred during the Galwan Valley Clash in Ladakh, but fact-checkers later confirmed that the claim was false and based on misleading information.",FAKE,Factly
1954,2025,Kashmir Militancy Encounter,Shopian,"Images circulating online were claimed to show destruction during the Kashmir Militancy Encounter in Shopian; however, verification revealed that the pictures were actually from an unrelated incident in another country.",FAKE,PIB Fact Check
1955,2020,LoC Ceasefire Violation,Kupwara,"Several Facebook and WhatsApp messages alleged secret military actions during the LoC Ceasefire Violation in Kupwara, but fact-checking organizations found no official evidence supporting these claims.",FAKE,Newschecker
1956,2021,Cross-border Infiltration Attempt,Jammu & Kashmir,"A widely shared video was said to depict conflict during the Cross-border Infiltration Attempt in Jammu & Kashmir, but investigators determined that the footage was old and unrelated to the incident.",FAKE,Alt News
1957,2022,India-Pakistan Border Tension,Punjab Border,"A viral social media post claimed that a major military disaster occurred during the India-Pakistan Border Tension in Punjab Border, but fact-checkers later confirmed that the claim was false and based on misleading information.",FAKE,BOOM Live
1958,2023,Terror Attack Investigation,Srinagar,"Images circulating online were claimed to show destruction during the Terror Attack Investigation in Srinagar; however, verification revealed that the pictures were actually from an unrelated incident in another country.",FAKE,Factly
1959,2024,Counter-insurgency Operation,Baramulla,"Several Facebook and WhatsApp messages alleged secret military actions during the Counter-insurgency Operation in Baramulla, but fact-checking organizations found no official evidence supporting these claims.",FAKE,PIB Fact Check
1960,2025,Manipur Ethnic Conflict,Imphal,"A widely shared video was said to depict conflict during the Manipur Ethnic Conflict in Imphal, but investigators determined that the footage was old and unrelated to the incident.",FAKE,Newschecker
1961,2020,Galwan Valley Clash,Ladakh,"A viral social media post claimed that a major military disaster occurred during the Galwan Valley Clash in Ladakh, but fact-checkers later confirmed that the claim was false and based on misleading information.",FAKE,Alt News
1962,2021,Kashmir Militancy Encounter,Shopian,"Images circulating online were claimed to show destruction during the Kashmir Militancy Encounter in Shopian; however, verification revealed that the pictures were actually from an unrelated incident in another country.",FAKE,BOOM Live
1963,2022,LoC Ceasefire Violation,Kupwara,"Several Facebook and WhatsApp messages alleged secret military actions during the LoC Ceasefire Violation in Kupwara, but fact-checking organizations found no official evidence supporting these claims.",FAKE,Factly
1964,2023,Cross-border Infiltration Attempt,Jammu & Kashmir,"A widely shared video was said to depict conflict during the Cross-border Infiltration Attempt in Jammu & Kashmir, but investigators determined that the footage was old and unrelated to the incident.",FAKE,PIB Fact Check
1965,2024,India-Pakistan Border Tension,Punjab Border,"A viral social media post claimed that a major military disaster occurred during the India-Pakistan Border Tension in Punjab Border, but fact-checkers later confirmed that the claim was false and based on misleading information.",FAKE,Newschecker
1966,2025,Terror Attack Investigation,Srinagar,"Images circulating online were claimed to show destruction during the Terror Attack Investigation in Srinagar; however, verification revealed that the pictures were actually from an unrelated incident in another country.",FAKE,Alt News
1967,2020,Counter-insurgency Operation,Baramulla,"Several Facebook and WhatsApp messages alleged secret military actions during the Counter-insurgency Operation in Baramulla, but fact-checking organizations found no official evidence supporting these claims.",FAKE,BOOM Live
1968,2021,Manipur Ethnic Conflict,Imphal,"A widely shared video was said to depict conflict during the Manipur Ethnic Conflict in Imphal, but investigators determined that the footage was old and unrelated to the incident.",FAKE,Factly
1969,2022,Galwan Valley Clash,Ladakh,"A viral social media post claimed that a major military disaster occurred during the Galwan Valley Clash in Ladakh, but fact-checkers later confirmed that the claim was false and based on misleading information.",FAKE,PIB Fact Check
1970,2023,Kashmir Militancy Encounter,Shopian,"Images circulating online were claimed to show destruction during the Kashmir Militancy Encounter in Shopian; however, verification revealed that the pictures were actually from an unrelated incident in another country.",FAKE,Newschecker
1971,2024,LoC Ceasefire Violation,Kupwara,"Several Facebook and WhatsApp messages alleged secret military actions during the LoC Ceasefire Violation in Kupwara, but fact-checking organizations found no official evidence supporting these claims.",FAKE,Alt News
1972,2025,Cross-border Infiltration Attempt,Jammu & Kashmir,"A widely shared video was said to depict conflict during the Cross-border Infiltration Attempt in Jammu & Kashmir, but investigators determined that the footage was old and unrelated to the incident.",FAKE,BOOM Live
1973,2020,India-Pakistan Border Tension,Punjab Border,"A viral social media post claimed that a major military disaster occurred during the India-Pakistan Border Tension in Punjab Border, but fact-checkers later confirmed that the claim was false and based on misleading information.",FAKE,Factly
1974,2021,Terror Attack Investigation,Srinagar,"Images circulating online were claimed to show destruction during the Terror Attack Investigation in Srinagar; however, verification revealed that the pictures were actually from an unrelated incident in another country.",FAKE,PIB Fact Check
1975,2022,Counter-insurgency Operation,Baramulla,"Several Facebook and WhatsApp messages alleged secret military actions during the Counter-insurgency Operation in Baramulla, but fact-checking organizations found no official evidence supporting these claims.",FAKE,Newschecker
1976,2023,Manipur Ethnic Conflict,Imphal,"A widely shared video was said to depict conflict during the Manipur Ethnic Conflict in Imphal, but investigators determined that the footage was old and unrelated to the incident.",FAKE,Alt News
1977,2024,Galwan Valley Clash,Ladakh,"A viral social media post claimed that a major military disaster occurred during the Galwan Valley Clash in Ladakh, but fact-checkers later confirmed that the claim was false and based on misleading information.",FAKE,BOOM Live
1978,2025,Kashmir Militancy Encounter,Shopian,"Images circulating online were claimed to show destruction during the Kashmir Militancy Encounter in Shopian; however, verification revealed that the pictures were actually from an unrelated incident in another country.",FAKE,Factly
1979,2020,LoC Ceasefire Violation,Kupwara,"Several Facebook and WhatsApp messages alleged secret military actions during the LoC Ceasefire Violation in Kupwara, but fact-checking organizations found no official evidence supporting these claims.",FAKE,PIB Fact Check
1980,2021,Cross-border Infiltration Attempt,Jammu & Kashmir,"A widely shared video was said to depict conflict during the Cross-border Infiltration Attempt in Jammu & Kashmir, but investigators determined that the footage was old and unrelated to the incident.",FAKE,Newschecker
1981,2022,India-Pakistan Border Tension,Punjab Border,"A viral social media post claimed that a major military disaster occurred during the India-Pakistan Border Tension in Punjab Border, but fact-checkers later confirmed that the claim was false and based on misleading information.",FAKE,Alt News
1982,2023,Terror Attack Investigation,Srinagar,"Images circulating online were claimed to show destruction during the Terror Attack Investigation in Srinagar; however, verification revealed that the pictures were actually from an unrelated incident in another country.",FAKE,BOOM Live
1983,2024,Counter-insurgency Operation,Baramulla,"Several Facebook and WhatsApp messages alleged secret military actions during the Counter-insurgency Operation in Baramulla, but fact-checking organizations found no official evidence supporting these claims.",FAKE,Factly
1984,2025,Manipur Ethnic Conflict,Imphal,"A widely shared video was said to depict conflict during the Manipur Ethnic Conflict in Imphal, but investigators determined that the footage was old and unrelated to the incident.",FAKE,PIB Fact Check
1985,2020,Galwan Valley Clash,Ladakh,"A viral social media post claimed that a major military disaster occurred during the Galwan Valley Clash in Ladakh, but fact-checkers later confirmed that the claim was false and based on misleading information.",FAKE,Newschecker
1986,2021,Kashmir Militancy Encounter,Shopian,"Images circulating online were claimed to show destruction during the Kashmir Militancy Encounter in Shopian; however, verification revealed that the pictures were actually from an unrelated incident in another country.",FAKE,Alt News
1987,2022,LoC Ceasefire Violation,Kupwara,"Several Facebook and WhatsApp messages alleged secret military actions during the LoC Ceasefire Violation in Kupwara, but fact-checking organizations found no official evidence supporting these claims.",FAKE,BOOM Live
1988,2023,Cross-border Infiltration Attempt,Jammu & Kashmir,"A widely shared video was said to depict conflict during the Cross-border Infiltration Attempt in Jammu & Kashmir, but investigators determined that the footage was old and unrelated to the incident.",FAKE,Factly
1989,2024,India-Pakistan Border Tension,Punjab Border,"A viral social media post claimed that a major military disaster occurred during the India-Pakistan Border Tension in Punjab Border, but fact-checkers later confirmed that the claim was false and based on misleading information.",FAKE,PIB Fact Check
1990,2025,Terror Attack Investigation,Srinagar,"Images circulating online were claimed to show destruction during the Terror Attack Investigation in Srinagar; however, verification revealed that the pictures were actually from an unrelated incident in another country.",FAKE,Newschecker
1991,2020,Counter-insurgency Operation,Baramulla,"Several Facebook and WhatsApp messages alleged secret military actions during the Counter-insurgency Operation in Baramulla, but fact-checking organizations found no official evidence supporting these claims.",FAKE,Alt News
1992,2021,Manipur Ethnic Conflict,Imphal,"A widely shared video was said to depict conflict during the Manipur Ethnic Conflict in Imphal, but investigators determined that the footage was old and unrelated to the incident.",FAKE,BOOM Live
1993,2022,Galwan Valley Clash,Ladakh,"A viral social media post claimed that a major military disaster occurred during the Galwan Valley Clash in Ladakh, but fact-checkers later confirmed that the claim was false and based on misleading information.",FAKE,Factly
1994,2023,Kashmir Militancy Encounter,Shopian,"Images circulating online were claimed to show destruction during the Kashmir Militancy Encounter in Shopian; however, verification revealed that the pictures were actually from an unrelated incident in another country.",FAKE,PIB Fact Check
1995,2024,LoC Ceasefire Violation,Kupwara,"Several Facebook and WhatsApp messages alleged secret military actions during the LoC Ceasefire Violation in Kupwara, but fact-checking organizations found no official evidence supporting these claims.",FAKE,Newschecker
1996,2025,Cross-border Infiltration Attempt,Jammu & Kashmir,"A widely shared video was said to depict conflict during the Cross-border Infiltration Attempt in Jammu & Kashmir, but investigators determined that the footage was old and unrelated to the incident.",FAKE,Alt News
1997,2020,India-Pakistan Border Tension,Punjab Border,"A viral social media post claimed that a major military disaster occurred during the India-Pakistan Border Tension in Punjab Border, but fact-checkers later confirmed that the claim was false and based on misleading information.",FAKE,BOOM Live
1998,2021,Terror Attack Investigation,Srinagar,"Images circulating online were claimed to show destruction during the Terror Attack Investigation in Srinagar; however, verification revealed that the pictures were actually from an unrelated incident in another country.",FAKE,Factly
1999,2022,Counter-insurgency Operation,Baramulla,"Several Facebook and WhatsApp messages alleged secret military actions during the Counter-insurgency Operation in Baramulla, but fact-checking organizations found no official evidence supporting these claims.",FAKE,PIB Fact Check
2000,2023,Manipur Ethnic Conflict,Imphal, ,FAKE,Newschecker
